ID,GeneID,geneSymbol,chr,strand,riExonStart_0base,riExonEnd,upstreamES,upstreamEE,downstreamES,downstreamEE,ID.1,IJC_SAMPLE_1,SJC_SAMPLE_1,IJC_SAMPLE_2,SJC_SAMPLE_2,IncFormLen,SkipFormLen,PValue,FDR,IncLevel1,IncLevel2,IncLevelDifference,Distance,MeanCounts_SAMPLE_1,MeanCounts_SAMPLE_2,event_id
56,ENSG00000182944,EWSR1,chr22,+,29298732,29299851,29298732,29298895,29299598,29299851,56,"162,220,178","0,1,0","388,439,382","12,21,15",852,149,2.2583290793e-10,2.0059912312776168e-09,"1.0,0.975,1.0","0.85,0.785,0.817",0.174,703,187.0,419.0,EWSR1_chr22_+_29298732_29299851_29298732_29298895_29299598_29299851_703
116,ENSG00000100241,SBF1,chr22,-,50456491,50459392,50456491,50456673,50459254,50459392,116,"90,140,93","80,79,41","144,159,154","21,28,31",2730,149,5.83977310953e-14,7.693356510370161e-13,"0.058,0.088,0.11","0.272,0.237,0.213",-0.155,2581,174.33333333333334,179.0,SBF1_chr22_-_50456491_50459392_50456491_50456673_50459254_50459392_2581
138,ENSG00000187860,CCDC157,chr22,+,30370325,30371727,30370325,30370950,30371649,30371727,138,"6,3,8","1,7,5","28,24,39","1,3,3",848,149,7.74999266578e-05,0.0003307347272847,"0.513,0.07,0.219","0.831,0.584,0.696",-0.436,699,10.0,32.666666666666664,CCDC157_chr22_+_30370325_30371727_30370325_30370950_30371649_30371727_699
149,ENSG00000025770,NCAPH2,chr22,+,50523016,50523472,50523016,50523166,50523234,50523472,149,"17,12,8","152,134,139","66,62,38","92,94,119",217,149,2.22044604925e-16,3.5493638679498387e-15,"0.071,0.058,0.038","0.33,0.312,0.18",-0.218,68,154.0,157.0,NCAPH2_chr22_+_50523016_50523472_50523016_50523166_50523234_50523472_68
156,ENSG00000161179,YDJC,chr22,-,21629009,21629761,21629009,21629407,21629601,21629761,156,"387,365,441","303,275,293","423,348,396","123,130,153",343,149,9.044764937020001e-12,9.502127696583191e-11,"0.357,0.366,0.395","0.599,0.538,0.529",-0.183,194,688.0,524.3333333333334,YDJC_chr22_-_21629009_21629761_21629009_21629407_21629601_21629761_194
184,ENSG00000100359,SGSM3,chr22,+,40408932,40409372,40408932,40409018,40409249,40409372,184,"123,164,157","66,76,78","169,194,216","45,36,41",380,149,3.66604787638e-08,2.490025375376416e-07,"0.422,0.458,0.441","0.596,0.679,0.674",-0.209,231,221.33333333333331,233.66666666666666,SGSM3_chr22_+_40408932_40409372_40408932_40409018_40409249_40409372_231
297,ENSG00000105397,TYK2,chr19,-,10353527,10354234,10353527,10353646,10354041,10354234,297,"101,101,87","57,60,76","162,139,171","28,34,39",544,149,2.46798137482e-11,2.4570493767838844e-10,"0.327,0.316,0.239","0.613,0.528,0.546",-0.268,395,160.66666666666666,191.0,TYK2_chr19_-_10353527_10354234_10353527_10353646_10354041_10354234_395
303,ENSG00000105699,LSR,chr19,+,35266678,35266967,35266678,35266738,35266835,35266967,303,"2,2,6","67,62,59","21,20,15","68,36,58",246,149,1.65576863331e-09,1.3290948001363931e-08,"0.018,0.019,0.058","0.158,0.252,0.135",-0.15,97,66.0,72.66666666666667,LSR_chr19_+_35266678_35266967_35266678_35266738_35266835_35266967_97
309,ENSG00000076944,STXBP2,chr19,+,7647161,7647511,7647161,7647247,7647353,7647511,309,"12,12,14","118,88,88","36,41,30","68,66,68",255,149,2.89381851815e-11,2.8503920251153446e-10,"0.056,0.074,0.085","0.236,0.266,0.205",-0.164,106,110.66666666666667,103.0,STXBP2_chr19_+_7647161_7647511_7647161_7647247_7647353_7647511_106
357,ENSG00000011332,DPF1,chr19,-,38217459,38217876,38217459,38217591,38217797,38217876,357,"7,15,8","62,50,62","16,34,28","39,37,33",355,149,6.19800322177e-08,4.093552083336428e-07,"0.045,0.112,0.051","0.147,0.278,0.263",-0.16,206,68.0,62.333333333333336,DPF1_chr19_-_38217459_38217876_38217459_38217591_38217797_38217876_206
365,ENSG00000141994,DUS3L,chr19,-,5786748,5787171,5786748,5786845,5787060,5787171,365,"7,18,29","64,58,71","81,88,72","67,63,53",364,149,1.11022302463e-15,1.6874024946067028e-14,"0.043,0.113,0.143","0.331,0.364,0.357",-0.251,215,82.33333333333333,141.33333333333331,DUS3L_chr19_-_5786748_5787171_5786748_5786845_5787060_5787171_215
366,ENSG00000141994,DUS3L,chr19,-,5786748,5787171,5786748,5786919,5787060,5787171,366,"1,8,18","12,15,18","58,66,57","9,8,11",290,149,1.64864788488e-11,1.6750714194732823e-10,"0.041,0.215,0.339","0.768,0.809,0.727",-0.57,141,24.0,69.66666666666667,DUS3L_chr19_-_5786748_5787171_5786748_5786919_5787060_5787171_141
385,ENSG00000104936,DMPK,chr19,-,45770970,45771396,45770970,45771056,45771349,45771396,385,"10,21,19","32,24,21","40,29,30","22,15,12",442,149,3.19933443234e-05,0.0001450456203219,"0.095,0.228,0.234","0.38,0.395,0.457",-0.225,293,42.333333333333336,49.33333333333333,DMPK_chr19_-_45770970_45771396_45770970_45771056_45771349_45771396_293
386,ENSG00000104936,DMPK,chr19,-,45770970,45771396,45770970,45771060,45771349,45771396,386,"10,19,18","39,30,40","40,27,30","19,19,23",438,149,3.25269069013e-07,1.985613732402816e-06,"0.08,0.177,0.133","0.417,0.326,0.307",-0.22,289,52.0,52.66666666666667,DMPK_chr19_-_45770970_45771396_45770970_45771060_45771349_45771396_289
388,ENSG00000105696,TMEM59L,chr19,+,18618154,18618492,18618154,18618272,18618374,18618492,388,"23,23,15","65,92,69","18,20,27","24,24,27",251,149,8.89714678376e-07,5.139418823609651e-06,"0.174,0.129,0.114","0.308,0.331,0.373",-0.198,102,95.66666666666666,46.66666666666667,TMEM59L_chr19_+_18618154_18618492_18618154_18618272_18618374_18618492_102
399,ENSG00000170889,RPS9,chr19,+,54206275,54206724,54206275,54206462,54206552,54206724,399,"106,103,123","263,258,246","291,284,242","90,126,163",239,149,0.0,0.0,"0.201,0.199,0.238","0.668,0.584,0.481",-0.365,90,366.3333333333333,398.66666666666663,RPS9_chr19_+_54206275_54206724_54206275_54206462_54206552_54206724_90
400,ENSG00000170889,RPS9,chr19,+,54206552,54207647,54206552,54206724,54207397,54207647,400,"232,265,311","230,246,205","673,595,611","169,156,175",822,149,0.0,0.0,"0.155,0.163,0.216","0.419,0.409,0.388",-0.227,673,496.3333333333333,793.0,RPS9_chr19_+_54206552_54207647_54206552_54206724_54207397_54207647_673
414,ENSG00000104957,YJU2B,chr19,+,13758867,13759272,13758867,13759010,13759099,13759272,414,"21,32,37","17,30,40","70,43,77","21,22,23",238,149,1.96498636911e-05,9.241790678306196e-05,"0.436,0.4,0.367","0.676,0.55,0.677",-0.233,89,59.0,85.33333333333334,YJU2B_chr19_+_13758867_13759272_13758867_13759010_13759099_13759272_89
429,ENSG00000129353,SLC44A2,chr19,+,10634755,10635073,10634755,10634887,10634973,10635073,429,"2,1,4","89,108,91","19,16,13","54,41,37",235,149,3.33066907388e-16,5.312596241068379e-15,"0.014,0.006,0.027","0.182,0.198,0.182",-0.172,86,98.33333333333333,60.0,SLC44A2_chr19_+_10634755_10635073_10634755_10634887_10634973_10635073_86
433,ENSG00000129347,KRI1,chr19,-,10559358,10559708,10559358,10559529,10559612,10559708,433,"8,12,13","88,111,122","60,54,62","140,114,117",232,149,1.0436096431499998e-14,1.4577123772586726e-13,"0.055,0.065,0.064","0.216,0.233,0.254",-0.173,83,118.0,182.33333333333334,KRI1_chr19_-_10559358_10559708_10559358_10559529_10559612_10559708_83
450,ENSG00000142541,RPL13A,chr19,+,49489849,49490297,49489849,49489912,49490231,49490297,450,"252,225,227","1036,1094,1130","1331,1418,1274","538,543,672",468,149,0.0,0.0,"0.072,0.061,0.06","0.441,0.454,0.376",-0.359,319,1321.3333333333335,1925.3333333333335,RPL13A_chr19_+_49489849_49490297_49489849_49489912_49490231_49490297_319
468,ENSG00000011304,PTBP1,chr19,+,804291,804702,804291,804438,804531,804702,468,"28,26,38","981,1002,1070","213,196,213","544,514,598",242,149,0.0,0.0,"0.017,0.016,0.021","0.194,0.19,0.18",-0.17,93,1048.3333333333333,759.3333333333334,PTBP1_chr19_+_804291_804702_804291_804438_804531_804702_93
500,ENSG00000115268,RPS15,chr19,+,1438806,1440253,1438806,1438892,1439960,1440253,500,"184,175,224","8,13,15","1208,1203,1143","15,13,7",1217,149,3.18088888562e-11,3.10838641167899e-10,"0.738,0.622,0.646","0.908,0.919,0.952",-0.258,1068,206.33333333333334,1196.3333333333335,RPS15_chr19_+_1438806_1440253_1438806_1438892_1439960_1440253_1068
501,ENSG00000115268,RPS15,chr19,+,1438806,1440253,1438806,1438892,1439967,1440253,501,"184,175,224","17,9,13","1215,1206,1150","15,20,17",1224,149,5.35634059329e-09,4.05801615734749e-08,"0.569,0.703,0.677","0.908,0.88,0.892",-0.244,1075,207.33333333333334,1207.6666666666665,RPS15_chr19_+_1438806_1440253_1438806_1438892_1439967_1440253_1075
503,ENSG00000115268,RPS15,chr19,+,1438806,1440253,1438806,1438892,1440025,1440253,503,"870,844,937","57,64,66","1837,1836,1760","61,53,66",1282,149,1.9568372811e-08,1.373118459216528e-07,"0.64,0.605,0.623","0.778,0.801,0.756",-0.156,1133,946.0,1871.0,RPS15_chr19_+_1438806_1440253_1438806_1438892_1440025_1440253_1133
518,ENSG00000130811,EIF3G,chr19,-,10118867,10119171,10118867,10118956,10119066,10119171,518,"34,57,41","24,36,25","98,87,88","27,31,28",259,149,0.000372679663344,0.0014146187630616,"0.449,0.477,0.485","0.676,0.618,0.644",-0.176,110,72.33333333333333,119.66666666666667,EIF3G_chr19_-_10118867_10119171_10118867_10118956_10119066_10119171_110
545,ENSG00000006712,PAF1,chr19,-,39389479,39389761,39389479,39389546,39389639,39389761,545,"5,1,0","137,116,139","33,50,31","112,118,105",242,149,0.0,0.0,"0.022,0.005,0.0","0.154,0.207,0.154",-0.163,93,132.66666666666666,149.66666666666669,PAF1_chr19_-_39389479_39389761_39389479_39389546_39389639_39389761_93
549,ENSG00000130726,TRIM28,chr19,+,58548739,58548910,58548739,58548776,58548861,58548910,549,"149,123,130","789,678,744","295,326,301","582,595,553",234,149,0.0,0.0,"0.107,0.104,0.1","0.244,0.259,0.257",-0.15,85,871.0,884.0,TRIM28_chr19_+_58548739_58548910_58548739_58548776_58548861_58548910_85
586,ENSG00000171456,ASXL1,chr20,+,32428127,32428422,32428127,32428248,32428324,32428422,586,"4,3,6","86,59,73","16,19,18","44,46,64",225,149,1.94806915044e-09,1.5536375149261808e-08,"0.03,0.033,0.052","0.194,0.215,0.157",-0.15,76,77.0,69.0,ASXL1_chr20_+_32428127_32428422_32428127_32428248_32428324_32428422_76
620,ENSG00000291067,,chr20,-,58245782,58247506,58245782,58246252,58247321,58247506,620,"18,26,27","11,6,9","45,60,44","5,3,2",1218,149,3.42785155731e-05,0.0001543677899245,"0.167,0.346,0.268","0.524,0.71,0.729",-0.394,1069,32.333333333333336,53.0,nan_chr20_-_58245782_58247506_58245782_58246252_58247321_58247506_1069
628,ENSG00000185513,L3MBTL1,chr20,+,43534283,43534942,43534283,43534394,43534827,43534942,628,"10,12,10","17,15,9","9,18,10","3,6,5",582,149,0.00212006820229,0.0068606221013895,"0.131,0.17,0.221","0.434,0.434,0.339",-0.228,433,24.333333333333332,17.0,L3MBTL1_chr20_+_43534283_43534942_43534283_43534394_43534827_43534942_433
634,ENSG00000203896,LIME1,chr20,+,63737820,63738060,63737820,63737902,63738007,63738060,634,"9,7,15","9,8,18","15,20,17","3,5,10",254,149,0.0020247726006,0.0065838397100614,"0.37,0.339,0.328","0.746,0.701,0.499",-0.303,105,22.0,23.333333333333332,LIME1_chr20_+_63737820_63738060_63737820_63737902_63738007_63738060_105
660,ENSG00000196756,SNHG17,chr20,-,38425934,38426503,38425934,38426052,38426418,38426503,660,"5,12,7","3,5,3","105,75,53","8,6,6",515,149,0.000297854935956,0.0011488247841839,"0.325,0.41,0.403","0.792,0.783,0.719",-0.385,366,11.666666666666666,84.33333333333334,SNHG17_chr20_-_38425934_38426503_38425934_38426052_38426418_38426503_366
680,ENSG00000125826,RBCK1,chr20,+,428490,429094,428490,428589,428950,429094,680,"22,23,21","57,59,53","37,31,41","33,24,32",510,149,1.01389242113e-07,6.544856473038477e-07,"0.101,0.102,0.104","0.247,0.274,0.272",-0.162,361,78.33333333333334,66.0,RBCK1_chr20_+_428490_429094_428490_428589_428950_429094_361
701,ENSG00000125835,SNRPB,chr20,-,2465707,2467315,2465707,2465819,2467191,2467315,701,"53,56,49","20,22,17","871,910,745","109,71,87",1521,149,3.57741170021e-10,3.096109986051058e-09,"0.206,0.2,0.22","0.439,0.557,0.456",-0.275,1372,72.33333333333333,931.0,SNRPB_chr20_-_2465707_2467315_2465707_2465819_2467191_2467315_1372
703,ENSG00000125835,SNRPB,chr20,-,2465707,2467758,2465707,2467315,2467606,2467758,703,"28,46,46","13,16,14","333,340,304","53,46,38",440,149,4.71742364452e-05,0.0002075668118628,"0.422,0.493,0.527","0.68,0.715,0.73",-0.228,291,54.333333333333336,371.33333333333337,SNRPB_chr20_-_2465707_2467758_2465707_2467315_2467606_2467758_291
717,ENSG00000124198,ARFGEF2,chr20,+,49013563,49013960,49013563,49013694,49013830,49013960,717,"1,1,1","12,17,12","6,4,8","11,14,14",285,149,4.60513180073e-05,0.0002034321772841,"0.042,0.03,0.042","0.222,0.13,0.23",-0.156,136,14.666666666666666,19.0,ARFGEF2_chr20_+_49013563_49013960_49013563_49013694_49013830_49013960_136
730,ENSG00000088836,SLC4A11,chr20,-,3229094,3229452,3229094,3229263,3229345,3229452,730,"1,0,1","28,18,23","4,8,5","16,13,24",231,149,2.20870593437e-06,1.1983885819474974e-05,"0.023,0.0,0.027","0.139,0.284,0.118",-0.164,82,23.666666666666668,23.333333333333336,SLC4A11_chr20_-_3229094_3229452_3229094_3229263_3229345_3229452_82
743,ENSG00000171703,TCEA2,chr20,+,64071869,64072346,64071869,64071941,64072171,64072346,743,"18,18,23","50,39,44","18,27,31","17,14,21",379,149,5.44049974938e-06,2.7867532210739955e-05,"0.124,0.154,0.17","0.294,0.431,0.367",-0.215,230,64.0,42.666666666666664,TCEA2_chr20_+_64071869_64072346_64071869_64071941_64072171_64072346_230
767,ENSG00000105426,PTPRS,chr19,-,5218419,5219467,5218419,5218532,5219309,5219467,767,"70,70,75","31,28,21","17,26,38","25,25,29",926,149,9.91965765329e-06,4.891895000960899e-05,"0.267,0.287,0.365","0.099,0.143,0.174",0.168,777,98.33333333333334,53.33333333333333,PTPRS_chr19_-_5218419_5219467_5218419_5218532_5219309_5219467_777
769,ENSG00000141644,MBD1,chr18,-,50276661,50276998,50276661,50276744,50276831,50276998,769,"16,14,25","75,57,67","50,43,47","56,68,70",236,149,1.0673618478e-06,6.066377643779771e-06,"0.119,0.134,0.191","0.36,0.285,0.298",-0.166,87,84.66666666666666,111.33333333333334,MBD1_chr18_-_50276661_50276998_50276661_50276744_50276831_50276998_87
819,ENSG00000163597,SNHG16,chr17,+,76557969,76558600,76557969,76558279,76558373,76558600,819,"19,11,6","10,9,6","31,23,38","2,0,3",243,149,4.55959880963e-09,3.468568653438534e-08,"0.538,0.428,0.38","0.905,1.0,0.886",-0.482,94,20.333333333333336,32.333333333333336,SNHG16_chr17_+_76557969_76558600_76557969_76558279_76558373_76558600_94
820,ENSG00000163597,SNHG16,chr17,+,76557777,76559043,76557777,76557857,76558373,76559043,820,"45,80,54","38,30,30","101,110,125","34,29,23",665,149,0.0010514055663,0.0036440537781528,"0.21,0.374,0.287","0.4,0.459,0.549",-0.179,516,92.33333333333333,140.66666666666666,SNHG16_chr17_+_76557777_76559043_76557777_76557857_76558373_76559043_516
821,ENSG00000163597,SNHG16,chr17,+,76558373,76559043,76558373,76558600,76558944,76559043,821,"23,36,15","15,25,31","43,63,66","18,12,18",493,149,5.51042509291e-05,0.0002404166053771,"0.317,0.303,0.128","0.419,0.613,0.526",-0.27,344,48.333333333333336,73.33333333333334,SNHG16_chr17_+_76558373_76559043_76558373_76558600_76558944_76559043_344
833,ENSG00000220205,VAMP2,chr17,-,8160405,8161524,8160405,8160871,8161472,8161524,833,"110,171,146","143,95,102","211,215,233","40,68,48",750,149,1.35450539673e-11,1.3914635079704167e-10,"0.133,0.263,0.221","0.512,0.386,0.491",-0.257,601,255.66666666666669,271.66666666666663,VAMP2_chr17_-_8160405_8161524_8160405_8160871_8161472_8161524_601
854,ENSG00000072310,SREBF1,chr17,-,17817547,17817916,17817547,17817591,17817695,17817916,854,"17,12,11","9,13,9","19,20,13","3,1,3",253,149,4.39404663533e-05,0.0001945710083238,"0.527,0.352,0.419","0.789,0.922,0.718",-0.377,104,23.666666666666668,19.666666666666664,SREBF1_chr17_-_17817547_17817916_17817547_17817591_17817695_17817916_104
933,ENSG00000178971,CTC1,chr17,-,8228502,8229446,8228502,8228629,8228726,8229446,933,"7,8,5","27,27,29","11,9,11","21,5,12",246,149,0.0012812181147,0.0043630829920706,"0.136,0.152,0.095","0.241,0.522,0.357",-0.246,97,34.333333333333336,23.0,CTC1_chr17_-_8228502_8229446_8228502_8228629_8228726_8229446_97
936,ENSG00000178971,CTC1,chr17,-,8228502,8229446,8228502,8229206,8229301,8229446,936,"20,22,18","24,25,19","23,26,32","12,12,8",244,149,0.000402187863382,0.0015126913705397,"0.337,0.35,0.366","0.539,0.57,0.71",-0.255,95,42.66666666666667,37.666666666666664,CTC1_chr17_-_8228502_8229446_8228502_8229206_8229301_8229446_95
970,ENSG00000167840,ZNF232,chr17,-,5108925,5109768,5108925,5109052,5109393,5109768,970,"31,44,24","29,28,28","61,78,75","26,13,14",490,149,1.17033316368e-05,5.695774983605354e-05,"0.245,0.323,0.207","0.416,0.646,0.62",-0.302,341,61.33333333333333,89.0,ZNF232_chr17_-_5108925_5109768_5108925_5109052_5109393_5109768_341
983,ENSG00000273559,CWC25,chr17,-,38810275,38810595,38810275,38810400,38810467,38810595,983,"19,34,13","3,4,5","20,15,18","0,2,0",216,149,0.000233753376811,0.0009197606343804,"0.814,0.854,0.642","1.0,0.838,1.0",-0.176,67,26.0,18.333333333333336,CWC25_chr17_-_38810275_38810595_38810275_38810400_38810467_38810595_67
984,ENSG00000270647,TAF15,chr17,+,35820023,35820437,35820023,35820075,35820331,35820437,984,"26,26,23","1,1,2","22,33,40","41,27,34",405,149,1.4210854715199998e-14,1.970129148086699e-13,"0.905,0.905,0.809","0.165,0.31,0.302",0.614,256,26.333333333333332,65.66666666666667,TAF15_chr17_+_35820023_35820437_35820023_35820075_35820331_35820437_256
986,ENSG00000076604,TRAF4,chr17,+,28747842,28748178,28747842,28747947,28748016,28748178,986,"8,10,8","97,63,78","53,75,66","46,35,70",218,149,0.0,0.0,"0.053,0.098,0.066","0.441,0.594,0.392",-0.403,69,88.0,115.0,TRAF4_chr17_+_28747842_28748178_28747842_28747947_28748016_28748178_69
990,ENSG00000171302,CANT1,chr17,-,78996991,78997963,78996991,78997644,78997839,78997963,990,"64,65,85","59,55,56","161,145,138","42,41,54",344,149,2.51401195417e-08,1.749195747099333e-07,"0.32,0.339,0.397","0.624,0.605,0.525",-0.233,195,128.0,193.66666666666666,CANT1_chr17_-_78996991_78997963_78996991_78997644_78997839_78997963_195
1007,ENSG00000169733,RFNG,chr17,-,82047901,82049116,82047901,82048807,82049030,82049116,1007,"12,17,8","134,154,111","63,44,42","50,60,79",372,149,0.0,0.0,"0.035,0.042,0.028","0.335,0.227,0.176",-0.211,223,145.33333333333334,112.66666666666666,RFNG_chr17_-_82047901_82049116_82047901_82048807_82049030_82049116_223
1008,ENSG00000169733,RFNG,chr17,-,82049676,82050006,82049676,82049842,82049917,82050006,1008,"66,58,46","115,115,117","84,88,108","51,39,50",224,149,0.0,0.0,"0.276,0.251,0.207","0.523,0.6,0.59",-0.326,75,172.33333333333334,140.0,RFNG_chr17_-_82049676_82050006_82049676_82049842_82049917_82050006_75
1009,ENSG00000169733,RFNG,chr17,-,82049676,82050555,82049676,82050006,82050401,82050555,1009,"160,191,152","106,96,100","280,256,242","40,43,39",544,149,0.0,0.0,"0.293,0.353,0.294","0.657,0.62,0.63",-0.322,395,268.3333333333333,300.0,RFNG_chr17_-_82049676_82050555_82049676_82050006_82050401_82050555_395
1011,ENSG00000169733,RFNG,chr17,-,82050661,82051342,82050661,82050764,82051293,82051342,1011,"122,141,134","84,100,107","167,173,174","43,48,52",678,149,2.22529772387e-11,2.230409894316728e-10,"0.242,0.237,0.216","0.46,0.442,0.424",-0.21,529,229.33333333333334,219.0,RFNG_chr17_-_82050661_82051342_82050661_82050764_82051293_82051342_529
1018,ENSG00000198720,ANKRD13B,chr17,+,29607741,29608110,29607741,29607877,29607985,29608110,1018,"4,6,6","25,24,30","14,8,12","13,11,9",257,149,7.10599686748e-06,3.569852480552502e-05,"0.085,0.127,0.104","0.384,0.297,0.436",-0.267,108,31.666666666666664,22.333333333333336,ANKRD13B_chr17_+_29607741_29608110_29607741_29607877_29607985_29608110_108
1029,ENSG00000070413,DGCR2,chr22,-,19041057,19041959,19041057,19041294,19041806,19041959,1029,"10,0,10","109,116,86","110,78,83","66,53,62",661,149,0.0,0.0,"0.02,0.0,0.026","0.273,0.249,0.232",-0.236,512,110.33333333333334,150.66666666666666,DGCR2_chr22_-_19041057_19041959_19041057_19041294_19041806_19041959_512
1033,ENSG00000136492,BRIP1,chr17,-,61776400,61781005,61776400,61776562,61780839,61781005,1033,"23,34,25","0,0,0","31,24,26","0,2,2",4426,149,0.000481469174459,0.0017837446887924,"1.0,1.0,1.0","1.0,0.288,0.304",0.469,4277,27.333333333333332,28.333333333333332,BRIP1_chr17_-_61776400_61781005_61776400_61776562_61780839_61781005_4277
1034,ENSG00000167861,HID1,chr17,-,74958326,74958763,74958326,74958478,74958672,74958763,1034,"2,0,9","24,22,9","7,6,6","9,7,5",343,149,0.00236628525636,0.0075878675946485,"0.035,0.0,0.303","0.253,0.271,0.343",-0.176,194,22.0,13.333333333333332,HID1_chr17_-_74958326_74958763_74958326_74958478_74958672_74958763_194
1036,ENSG00000161513,FDXR,chr17,-,74863895,74864347,74863895,74864067,74864147,74864347,1036,"7,8,4","49,40,44","46,58,45","40,41,36",229,149,0.0,0.0,"0.085,0.115,0.056","0.428,0.479,0.449",-0.367,80,50.66666666666667,88.66666666666666,FDXR_chr17_-_74863895_74864347_74863895_74864067_74864147_74864347_80
1061,ENSG00000177303,CASKIN2,chr17,-,75503388,75503760,75503388,75503527,75503658,75503760,1061,"1,5,5","21,19,26","9,21,26","17,16,29",280,149,2.00378044068e-06,1.0960206141979028e-05,"0.025,0.123,0.093","0.22,0.411,0.323",-0.238,131,25.666666666666668,39.333333333333336,CASKIN2_chr17_-_75503388_75503760_75503388_75503527_75503658_75503760_131
1065,ENSG00000214087,ARL16,chr17,-,81682033,81682675,81682033,81682149,81682490,81682675,1065,"35,28,28","11,5,3","52,46,54","0,0,0",490,149,4.71315209083e-11,4.545832127137335e-10,"0.492,0.63,0.739","1.0,1.0,1.0",-0.38,341,36.666666666666664,50.666666666666664,ARL16_chr17_-_81682033_81682675_81682033_81682149_81682490_81682675_341
1102,ENSG00000185813,PCYT2,chr17,-,81906099,81906546,81906099,81906177,81906463,81906546,1102,"26,19,18","49,46,42","46,49,49","39,48,36",435,149,4.59276146303e-06,2.385470011995344e-05,"0.154,0.124,0.128","0.288,0.259,0.318",-0.153,286,66.66666666666666,89.0,PCYT2_chr17_-_81906099_81906546_81906099_81906177_81906463_81906546_286
1121,ENSG00000131470,PSMC3IP,chr17,-,42573477,42574210,42573477,42573623,42574098,42574210,1121,"67,99,73","133,137,120","245,290,232","58,53,79",624,149,0.0,0.0,"0.107,0.147,0.127","0.502,0.566,0.412",-0.366,475,209.66666666666669,319.0,PSMC3IP_chr17_-_42573477_42574210_42573477_42573623_42574098_42574210_475
1128,ENSG00000129219,PLD2,chr17,+,4818001,4818385,4818001,4818106,4818296,4818385,1128,"7,12,12","37,35,34","14,23,15","11,22,9",339,149,1.10197428038e-06,6.253514336326289e-06,"0.077,0.131,0.134","0.359,0.315,0.423",-0.252,190,45.66666666666667,31.333333333333332,PLD2_chr17_+_4818001_4818385_4818001_4818106_4818296_4818385_190
1136,ENSG00000213339,QTRT1,chr19,+,10712160,10712628,10712160,10712299,10712552,10712628,1136,"107,180,157","139,147,144","230,272,237","111,108,85",402,149,3.43433059768e-11,3.3516355319727046e-10,"0.222,0.312,0.288","0.434,0.483,0.508",-0.201,253,291.33333333333337,347.6666666666667,QTRT1_chr19_+_10712160_10712628_10712160_10712299_10712552_10712628_253
1144,ENSG00000125447,GGA3,chr17,-,75240341,75241057,75240341,75240412,75240811,75241057,1144,"69,55,71","63,60,70","61,100,104","45,35,37",548,149,0.000212219859279,0.0008403815783621,"0.229,0.2,0.216","0.269,0.437,0.433",-0.165,399,129.33333333333331,127.33333333333333,GGA3_chr17_-_75240341_75241057_75240341_75240412_75240811_75241057_399
1145,ENSG00000125447,GGA3,chr17,-,75241399,75241696,75241399,75241516,75241614,75241696,1145,"8,17,10","133,131,138","45,48,43","66,69,82",247,149,0.0,0.0,"0.035,0.073,0.042","0.291,0.296,0.24",-0.226,98,145.66666666666666,117.66666666666666,GGA3_chr17_-_75241399_75241696_75241399_75241516_75241614_75241696_98
1158,ENSG00000185359,HGS,chr17,+,81696606,81696998,81696606,81696747,81696823,81696998,1158,"15,12,13","157,147,158","36,41,42","111,82,106",225,149,1.9428902930899998e-14,2.653852173821092e-13,"0.06,0.051,0.052","0.177,0.249,0.208",-0.157,76,167.33333333333334,139.33333333333334,HGS_chr17_+_81696606_81696998_81696606_81696747_81696823_81696998_76
1159,ENSG00000185359,HGS,chr17,+,81696606,81696998,81696606,81696747,81696829,81696998,1159,"27,20,30","6,4,4","39,53,49","3,0,2",231,149,0.000400378854925,0.0015074162268927,"0.744,0.763,0.829","0.893,1.0,0.94",-0.166,82,30.333333333333336,48.666666666666664,HGS_chr17_+_81696606_81696998_81696606_81696747_81696829_81696998_82
1174,ENSG00000076382,SPAG5,chr17,-,28578009,28578292,28578009,28578090,28578217,28578292,1174,"17,8,6","110,93,104","39,24,30","56,62,59",276,149,7.30304705598e-13,8.625270702898672e-12,"0.077,0.044,0.03","0.273,0.173,0.215",-0.17,127,112.66666666666666,90.0,SPAG5_chr17_-_28578009_28578292_28578009_28578090_28578217_28578292_127
1175,ENSG00000076382,SPAG5,chr17,-,28578217,28578528,28578217,28578292,28578372,28578528,1175,"19,14,15","144,121,128","68,63,45","88,62,57",229,149,0.0,0.0,"0.079,0.07,0.071","0.335,0.398,0.339",-0.284,80,147.0,127.66666666666666,SPAG5_chr17_-_28578217_28578528_28578217_28578292_28578372_28578528_80
1176,ENSG00000076382,SPAG5,chr17,-,28579140,28579485,28579140,28579252,28579364,28579485,1176,"5,7,12","102,101,106","33,39,45","66,51,76",261,149,0.0,0.0,"0.027,0.038,0.061","0.222,0.304,0.253",-0.218,112,111.0,103.33333333333333,SPAG5_chr17_-_28579140_28579485_28579140_28579252_28579364_28579485_112
1177,ENSG00000076382,SPAG5,chr17,-,28579750,28580120,28579750,28579837,28580008,28580120,1177,"14,32,12","96,126,105","63,75,65","55,72,81",320,149,0.0,0.0,"0.064,0.106,0.051","0.348,0.327,0.272",-0.242,171,128.33333333333334,137.0,SPAG5_chr17_-_28579750_28580120_28579750_28579837_28580008_28580120_171
1178,ENSG00000109103,UNC119,chr17,-,28546707,28547849,28546707,28547409,28547676,28547849,1178,"28,42,42","54,67,73","55,86,55","28,35,50",416,149,8.7190968201e-07,5.044425983984532e-06,"0.157,0.183,0.171","0.413,0.468,0.283",-0.218,267,102.0,103.0,UNC119_chr17_-_28546707_28547849_28546707_28547409_28547676_28547849_267
1179,ENSG00000011143,MKS1,chr17,-,58206464,58207218,58206464,58206547,58207084,58207218,1179,"55,59,39","80,62,51","42,42,59","29,15,26",686,149,1.24377141041e-05,6.021574772200373e-05,"0.13,0.171,0.142","0.239,0.378,0.33",-0.168,537,115.33333333333333,71.0,MKS1_chr17_-_58206464_58207218_58206464_58206547_58207084_58207218_537
1204,ENSG00000215041,NEURL4,chr17,-,7318064,7318356,7318064,7318172,7318268,7318356,1204,"27,18,17","77,61,51","47,58,49","43,42,46",245,149,1.04586672656e-10,9.660265891526175e-10,"0.176,0.152,0.169","0.399,0.456,0.393",-0.25,96,83.66666666666667,95.0,NEURL4_chr17_-_7318064_7318356_7318064_7318172_7318268_7318356_96
1205,ENSG00000215041,NEURL4,chr17,-,7318268,7318674,7318268,7318356,7318494,7318674,1205,"17,9,13","89,84,83","37,36,35","56,58,53",287,149,1.28189681092e-11,1.3242101179099776e-10,"0.09,0.053,0.075","0.255,0.244,0.255",-0.179,138,98.33333333333333,91.66666666666666,NEURL4_chr17_-_7318268_7318674_7318268_7318356_7318494_7318674_138
1207,ENSG00000132522,GPS2,chr17,-,7312660,7313124,7312660,7312839,7313028,7313124,1207,"9,11,6","74,83,72","59,38,51","79,64,61",338,149,0.0,0.0,"0.051,0.055,0.035","0.248,0.207,0.269",-0.194,189,85.0,117.33333333333334,GPS2_chr17_-_7312660_7313124_7312660_7312839_7313028_7313124_189
1209,ENSG00000132522,GPS2,chr17,-,7313028,7313291,7313028,7313124,7313211,7313291,1209,"12,13,14","44,48,42","50,37,46","44,28,44",236,149,6.58847310042e-10,5.527907803825242e-09,"0.147,0.146,0.174","0.418,0.455,0.398",-0.268,87,57.666666666666664,83.0,GPS2_chr17_-_7313028_7313291_7313028_7313124_7313211_7313291_87
1210,ENSG00000132522,GPS2,chr17,-,7313567,7313988,7313567,7313721,7313905,7313988,1210,"28,31,38","125,113,109","79,75,89","83,96,97",333,149,1.0973444375400001e-12,1.2777085860650202e-11,"0.091,0.109,0.135","0.299,0.259,0.291",-0.171,184,148.0,173.0,GPS2_chr17_-_7313567_7313988_7313567_7313721_7313905_7313988_184
1211,ENSG00000132522,GPS2,chr17,-,7313567,7314159,7313567,7313988,7314079,7314159,1211,"22,8,19","98,100,104","55,65,57","67,89,95",240,149,3.66373598126e-15,5.3703418523726135e-14,"0.122,0.047,0.102","0.338,0.312,0.271",-0.217,91,117.0,142.66666666666669,GPS2_chr17_-_7313567_7314159_7313567_7313988_7314079_7314159_91
1212,ENSG00000132522,GPS2,chr17,-,7314487,7315119,7314487,7314597,7314958,7315119,1212,"22,51,40","146,130,144","126,137,132","134,102,131",510,149,0.0,0.0,"0.042,0.103,0.075","0.216,0.282,0.227",-0.168,361,177.66666666666666,254.0,GPS2_chr17_-_7314487_7315119_7314487_7314597_7314958_7315119_361
1228,ENSG00000179094,PER1,chr17,-,8146896,8147381,8146896,8147002,8147249,8147381,1228,"5,5,2","36,44,37","34,52,34","27,23,33",396,149,0.0,0.0,"0.05,0.041,0.02","0.321,0.46,0.279",-0.316,247,43.0,67.66666666666667,PER1_chr17_-_8146896_8147381_8146896_8147002_8147249_8147381_247
1229,ENSG00000170037,CNTROB,chr17,+,7944122,7944638,7944122,7944248,7944475,7944638,1229,"36,56,54","57,50,50","65,73,68","31,36,29",376,149,1.75581546829e-05,8.34265427822353e-05,"0.2,0.307,0.3","0.454,0.446,0.482",-0.192,227,101.0,100.66666666666667,CNTROB_chr17_+_7944122_7944638_7944122_7944248_7944475_7944638_227
1234,ENSG00000187838,PLSCR3,chr17,-,7393143,7393509,7393143,7393364,7393466,7393509,1234,"3,5,2","27,33,33","18,14,11","16,8,15",251,149,6.26540375137e-10,5.286746259830637e-09,"0.062,0.083,0.035","0.4,0.51,0.303",-0.344,102,34.333333333333336,27.333333333333336,PLSCR3_chr17_-_7393143_7393509_7393143_7393364_7393466_7393509_102
1238,ENSG00000244045,TMEM199,chr17,+,28360528,28360847,28360528,28360571,28360734,28360847,1238,"2,3,1","28,33,30","24,20,12","40,31,44",312,149,1.44700141869e-08,1.04198150703143e-07,"0.033,0.042,0.016","0.223,0.236,0.115",-0.161,163,32.33333333333333,57.0,TMEM199_chr17_+_28360528_28360847_28360528_28360571_28360734_28360847_163
1247,ENSG00000182087,TMEM259,chr19,-,1011095,1011499,1011095,1011195,1011366,1011499,1247,"87,76,102","279,257,264","197,191,187","109,148,156",320,149,0.0,0.0,"0.127,0.121,0.152","0.457,0.375,0.358",-0.263,171,355.0,329.3333333333333,TMEM259_chr19_-_1011095_1011499_1011095_1011195_1011366_1011499_171
1250,ENSG00000182087,TMEM259,chr19,-,1011579,1011798,1011579,1011663,1011740,1011798,1250,"30,47,47","243,242,237","93,114,91","147,140,178",226,149,0.0,0.0,"0.075,0.114,0.116","0.294,0.349,0.252",-0.197,77,282.0,254.33333333333331,TMEM259_chr19_-_1011579_1011798_1011579_1011663_1011740_1011798_77
1251,ENSG00000182087,TMEM259,chr19,-,1012065,1012573,1012065,1012188,1012462,1012573,1251,"238,255,237","270,292,296","310,392,373","171,156,166",423,149,0.0,0.0,"0.237,0.235,0.22","0.39,0.47,0.442",-0.203,274,529.3333333333334,522.6666666666666,TMEM259_chr19_-_1012065_1012573_1012065_1012188_1012462_1012573_274
1287,ENSG00000103275,UBE2I,chr16,+,1314292,1315726,1314292,1314376,1315430,1315726,1287,"25,39,52","0,1,0","80,96,106","5,5,5",1203,149,1.46997703478e-05,7.056841208390459e-05,"1.0,0.828,1.0","0.665,0.704,0.724",0.245,1054,39.0,99.0,UBE2I_chr16_+_1314292_1315726_1314292_1314376_1315430_1315726_1054
1328,ENSG00000063177,RPL18,chr19,-,48616078,48617423,48616078,48616202,48617315,48617423,1328,"318,379,355","13,4,13","1511,1475,1349","99,107,80",1262,149,0.000212932690227,0.0008427544095056,"0.743,0.918,0.763","0.643,0.619,0.666",0.165,1113,360.6666666666667,1540.3333333333333,RPL18_chr19_-_48616078_48617423_48616078_48616202_48617315_48617423_1113
1349,ENSG00000260565,ERVK13-1,chr16,-,2669410,2672570,2669410,2669561,2671023,2672570,1349,"68,50,66","5,4,1","77,97,53","0,0,0",1611,149,3.97007653419e-08,2.686684092526208e-07,"0.557,0.536,0.859","1.0,1.0,1.0",-0.349,1462,64.66666666666667,75.66666666666667,ERVK13-1_chr16_-_2669410_2672570_2669410_2669561_2671023_2672570_1462
1359,ENSG00000103249,CLCN7,chr16,-,1449275,1450666,1449275,1449327,1450496,1450666,1359,"95,114,112","56,63,62","155,205,206","31,38,42",1318,149,3.05651060017e-11,2.99869565098689e-10,"0.161,0.17,0.17","0.361,0.379,0.357",-0.199,1169,167.33333333333334,225.66666666666666,CLCN7_chr16_-_1449275_1450666_1449275_1449327_1450496_1450666_1169
1366,ENSG00000102977,ACD,chr16,-,67658927,67659613,67658927,67659079,67659228,67659613,1366,"33,24,29","91,110,93","38,45,51","46,54,62",298,149,1.9485697611e-08,1.368611924060483e-07,"0.153,0.098,0.135","0.292,0.294,0.291",-0.164,149,126.66666666666667,98.66666666666666,ACD_chr16_-_67658927_67659613_67658927_67659079_67659228_67659613_149
1369,ENSG00000102977,ACD,chr16,-,67658927,67659613,67658927,67659419,67659536,67659613,1369,"14,28,29","108,94,116","38,31,38","35,57,55",266,149,4.490284089e-08,3.01397620706905e-07,"0.068,0.143,0.123","0.378,0.234,0.279",-0.186,117,129.66666666666666,84.66666666666666,ACD_chr16_-_67658927_67659613_67658927_67659419_67659536_67659613_117
1371,ENSG00000102977,ACD,chr16,-,67657985,67659795,67657985,67659613,67659701,67659795,1371,"3,11,8","122,117,128","25,24,35","62,63,70",237,149,2.22044604925e-16,3.5493638679498387e-15,"0.015,0.056,0.038","0.202,0.193,0.239",-0.175,88,129.66666666666666,93.0,ACD_chr16_-_67657985_67659795_67657985_67659613_67659701_67659795_88
1389,ENSG00000140983,RHOT2,chr16,+,668655,670175,668655,668699,670122,670175,1389,"115,198,164","19,25,36","359,357,381","11,29,21",1572,149,9.54818471621e-06,4.721259069341972e-05,"0.365,0.429,0.302","0.756,0.538,0.632",-0.277,1423,185.66666666666666,386.0,RHOT2_chr16_+_668655_670175_668655_668699_670122_670175_1423
1391,ENSG00000140983,RHOT2,chr16,+,670122,670357,670122,670175,670248,670357,1391,"10,25,22","231,254,233","58,84,67","161,181,172",222,149,0.0,0.0,"0.028,0.062,0.06","0.195,0.238,0.207",-0.163,73,258.33333333333337,241.0,RHOT2_chr16_+_670122_670357_670122_670175_670248_670357_73
1392,ENSG00000140983,RHOT2,chr16,+,670122,670357,670122,670175,670265,670357,1392,"39,63,54","24,45,42","86,113,96","31,42,29",239,149,0.000106378812692,0.0004422711063545,"0.503,0.466,0.445","0.634,0.626,0.674",-0.173,90,89.0,132.33333333333331,RHOT2_chr16_+_670122_670357_670122_670175_670265_670357_90
1393,ENSG00000140983,RHOT2,chr16,+,670891,671203,670891,671000,671082,671203,1393,"166,192,166","93,87,121","206,225,215","72,58,61",231,149,1.14987104878e-05,5.610916821579777e-05,"0.535,0.587,0.469","0.649,0.714,0.695",-0.156,82,275.0,279.0,RHOT2_chr16_+_670891_671203_670891_671000_671082_671203_82
1395,ENSG00000140983,RHOT2,chr16,+,671859,672181,671859,672002,672083,672181,1395,"7,9,6","236,270,262","92,67,58","203,190,183",230,149,0.0,0.0,"0.019,0.021,0.015","0.227,0.186,0.17",-0.176,81,263.3333333333333,264.3333333333333,RHOT2_chr16_+_671859_672181_671859_672002_672083_672181_81
1396,ENSG00000140983,RHOT2,chr16,+,672253,672566,672253,672384,672488,672566,1396,"26,26,38","259,249,263","101,111,95","172,189,185",253,149,0.0,0.0,"0.056,0.058,0.078","0.257,0.257,0.232",-0.185,104,287.0,284.3333333333333,RHOT2_chr16_+_672253_672566_672253_672384_672488_672566_104
1398,ENSG00000140983,RHOT2,chr16,+,672253,672825,672253,672566,672702,672825,1398,"56,56,74","270,249,223","157,162,171","180,162,193",285,149,0.0,0.0,"0.098,0.105,0.148","0.313,0.343,0.317",-0.207,136,309.33333333333337,341.6666666666667,RHOT2_chr16_+_672253_672825_672253_672566_672702_672825_136
1399,ENSG00000127580,WDR24,chr16,-,685868,686186,685868,685990,686067,686186,1399,"8,14,18","17,31,38","41,63,59","30,20,20",226,149,1.55725331519e-08,1.1116600422294738e-07,"0.237,0.229,0.238","0.474,0.675,0.66",-0.368,77,42.0,77.66666666666667,WDR24_chr16_-_685868_686186_685868_685990_686067_686186_77
1425,ENSG00000261884,,chr16,-,67934796,67935478,67934796,67934948,67935295,67935478,1425,"8,9,8","7,7,7","34,49,46","12,10,14",496,149,0.00147951003065,0.0049743997721355,"0.256,0.279,0.256","0.46,0.595,0.497",-0.254,347,15.333333333333334,55.0,nan_chr16_-_67934796_67935478_67934796_67934948_67935295_67935478_347
1457,ENSG00000182310,SPACA6,chr19,+,51704029,51704480,51704029,51704186,51704269,51704480,1457,"6,3,3","15,9,7","7,6,11","4,6,4",232,149,0.00142944566894,0.0048235662086114,"0.204,0.176,0.216","0.529,0.391,0.638",-0.321,83,14.333333333333334,12.666666666666668,SPACA6_chr19_+_51704029_51704480_51704029_51704186_51704269_51704480_83
1472,ENSG00000168488,ATXN2L,chr16,+,28835277,28835758,28835277,28835399,28835545,28835758,1472,"18,21,6","81,83,89","101,118,103","58,55,50",295,149,0.0,0.0,"0.101,0.113,0.033","0.468,0.52,0.51",-0.417,146,99.33333333333333,161.66666666666666,ATXN2L_chr16_+_28835277_28835758_28835277_28835399_28835545_28835758_146
1473,ENSG00000168488,ATXN2L,chr16,+,28835277,28835758,28835277,28835399,28835548,28835758,1473,"24,21,9","497,548,416","109,122,104","235,241,303",298,149,0.0,0.0,"0.024,0.019,0.011","0.188,0.202,0.146",-0.161,149,505.0,371.33333333333337,ATXN2L_chr16_+_28835277_28835758_28835277_28835399_28835548_28835758_149
1474,ENSG00000168488,ATXN2L,chr16,+,28835277,28835758,28835277,28835399,28835554,28835758,1474,"31,30,23","2,3,11","115,129,108","6,3,3",304,149,0.00157808477719,0.0052628843491089,"0.884,0.831,0.506","0.904,0.955,0.946",-0.195,155,33.333333333333336,121.33333333333333,ATXN2L_chr16_+_28835277_28835758_28835277_28835399_28835554_28835758_155
1500,ENSG00000125124,BBS2,chr16,-,56498436,56502456,56498436,56499907,56501352,56502456,1500,"36,27,48","3,2,2","44,46,37","0,0,0",1594,149,9.32612411852e-07,5.358006397138872e-06,"0.529,0.558,0.692","1.0,1.0,1.0",-0.407,1445,39.333333333333336,42.333333333333336,BBS2_chr16_-_56498436_56502456_56498436_56499907_56501352_56502456_1445
1537,ENSG00000103202,NME4,chr16,+,398207,399123,398207,398394,398989,399123,1537,"188,206,225","17,14,12","261,305,313","10,6,5",744,149,8.69555776486e-05,0.0003672833254098,"0.689,0.747,0.79","0.839,0.911,0.926",-0.15,595,220.66666666666669,300.0,NME4_chr16_+_398207_399123_398207_398394_398989_399123_595
1541,ENSG00000038358,EDC4,chr16,+,67881264,67881533,67881264,67881417,67881496,67881533,1541,"13,6,8","106,103,109","35,46,32","82,87,96",228,149,1.97286631476e-13,2.4551593047944497e-12,"0.074,0.037,0.046","0.218,0.257,0.179",-0.166,79,115.0,126.0,EDC4_chr16_+_67881264_67881533_67881264_67881417_67881496_67881533_79
1550,ENSG00000103042,SLC38A7,chr16,-,58675939,58676346,58675939,58676054,58676288,58676346,1550,"1,11,3","9,23,10","20,18,10","15,9,7",383,149,3.50431776474e-05,0.0001575243930974,"0.041,0.157,0.105","0.342,0.438,0.357",-0.278,234,19.0,26.333333333333336,SLC38A7_chr16_-_58675939_58676346_58675939_58676054_58676288_58676346_234
1577,ENSG00000168676,KCTD19,chr16,-,67301790,67303337,67301790,67301922,67303145,67303337,1577,"17,28,34","7,5,6","19,16,20","1,0,0",1372,149,4.59392068719e-07,2.7522705764853176e-06,"0.209,0.378,0.381","0.674,1.0,1.0",-0.569,1223,32.33333333333333,18.666666666666664,KCTD19_chr16_-_67301790_67303337_67301790_67301922_67303145_67303337_1223
1591,ENSG00000140854,KATNB1,chr16,+,57755789,57756066,57755789,57755917,57755991,57756066,1591,"6,5,7","197,177,170","44,48,36","92,109,100",223,149,0.0,0.0,"0.02,0.019,0.027","0.242,0.227,0.194",-0.199,74,187.33333333333334,143.0,KATNB1_chr16_+_57755789_57756066_57755789_57755917_57755991_57756066_74
1618,ENSG00000197912,SPG7,chr16,+,89554485,89557747,89554485,89556085,89556886,89557747,1618,"19,21,18","7,18,11","51,43,30","0,3,6",950,149,4.20525388436e-05,0.000186880575556,"0.299,0.155,0.204","1.0,0.692,0.44",-0.491,801,31.333333333333332,44.333333333333336,SPG7_chr16_+_89554485_89557747_89554485_89556085_89556886_89557747_801
1625,ENSG00000149925,ALDOA,chr16,+,30067449,30068978,30067449,30067661,30068817,30068978,1625,"356,399,372","0,0,1","353,362,320","9,7,9",1305,149,8.52809489693e-10,7.067360877154168e-09,"1.0,1.0,0.977","0.817,0.855,0.802",0.168,1156,376.0,353.3333333333333,ALDOA_chr16_+_30067449_30068978_30067449_30067661_30068817_30068978_1156
1629,ENSG00000125170,DOK4,chr16,-,57471921,57473736,57471921,57473495,57473612,57473736,1629,"12,7,5","21,20,22","13,9,13","8,11,10",266,149,0.00155911784454,0.005218401197181,"0.242,0.164,0.113","0.477,0.314,0.421",-0.231,117,29.0,21.333333333333332,DOK4_chr16_-_57471921_57473736_57471921_57473495_57473612_57473736_117
1634,ENSG00000214078,CPNE1,chr20,-,35626043,35626803,35626043,35626381,35626566,35626803,1634,"84,96,68","296,294,244","109,120,119","141,133,148",334,149,3.9968028886499995e-15,5.81260529904256e-14,"0.112,0.127,0.111","0.256,0.287,0.264",-0.152,185,360.6666666666667,256.66666666666663,CPNE1_chr20_-_35626043_35626803_35626043_35626381_35626566_35626803_185
1639,ENSG00000007384,RHBDF1,chr16,-,58973,59349,58973,59127,59248,59349,1639,"7,3,9","20,35,31","22,30,23","9,16,15",270,149,7.333245122250001e-12,7.803540756345516e-11,"0.162,0.045,0.138","0.574,0.509,0.458",-0.399,121,35.0,38.333333333333336,RHBDF1_chr16_-_58973_59349_58973_59127_59248_59349_121
1654,ENSG00000090857,PDPR,chr16,+,70128783,70129122,70128783,70128865,70128958,70129122,1654,"3,0,1","21,22,31","5,6,4","14,15,8",242,149,3.11450304598e-05,0.0001417194422824,"0.081,0.0,0.019","0.18,0.198,0.235",-0.171,93,26.0,17.333333333333336,PDPR_chr16_+_70128783_70129122_70128783_70128865_70128958_70129122_93
1660,ENSG00000007541,PIGQ,chr16,+,580182,580972,580182,580263,580857,580972,1660,"49,33,40","64,54,45","63,63,81","25,31,35",743,149,3.42409400833e-09,2.6482278685905745e-08,"0.133,0.109,0.151","0.336,0.29,0.317",-0.183,594,95.0,99.33333333333333,PIGQ_chr16_+_580182_580972_580182_580263_580857_580972_594
1662,ENSG00000102886,GDPD3,chr16,-,30112657,30113064,30112657,30112793,30113021,30113064,1662,"7,11,12","1,1,3","12,5,14","1,0,0",377,149,0.00264896174711,0.0084178874371529,"0.735,0.813,0.613","0.826,1.0,1.0",-0.222,228,11.666666666666666,10.666666666666668,GDPD3_chr16_-_30112657_30113064_30112657_30112793_30113021_30113064_228
1663,ENSG00000149923,PPP4C,chr16,+,30082745,30083567,30082745,30082847,30083393,30083567,1663,"148,164,164","745,650,669","1358,1337,1355","521,413,491",695,149,0.0,0.0,"0.041,0.051,0.05","0.358,0.41,0.372",-0.333,546,846.6666666666666,1825.0,PPP4C_chr16_+_30082745_30083567_30082745_30082847_30083393_30083567_546
1689,ENSG00000182224,CYB5D1,chr17,+,7858402,7858824,7858402,7858479,7858605,7858824,1689,"9,11,13","50,35,31","30,36,20","26,28,23",275,149,1.16592509869e-07,7.45938191365844e-07,"0.089,0.146,0.185","0.385,0.411,0.32",-0.232,126,49.666666666666664,54.333333333333336,CYB5D1_chr17_+_7858402_7858824_7858402_7858479_7858605_7858824_126
1690,ENSG00000123154,WDR83,chr19,+,12669754,12670080,12669754,12669893,12669976,12670080,1690,"8,8,26","79,88,90","122,90,82","44,69,57",232,149,0.0,0.0,"0.061,0.055,0.156","0.64,0.456,0.48",-0.435,83,99.66666666666667,154.66666666666666,WDR83_chr19_+_12669754_12670080_12669754_12669893_12669976_12670080_83
1708,ENSG00000156858,PRR14,chr16,+,30651595,30651964,30651595,30651668,30651795,30651964,1708,"16,27,27","176,174,157","123,144,143","109,100,108",276,149,0.0,0.0,"0.047,0.077,0.085","0.379,0.437,0.417",-0.341,127,192.33333333333334,242.33333333333331,PRR14_chr16_+_30651595_30651964_30651595_30651668_30651795_30651964_127
1709,ENSG00000156858,PRR14,chr16,+,30652720,30653103,30652720,30652842,30652913,30653103,1709,"24,20,28","209,208,214","144,183,164","132,116,154",220,149,0.0,0.0,"0.072,0.061,0.081","0.425,0.517,0.419",-0.382,71,234.33333333333334,297.66666666666663,PRR14_chr16_+_30652720_30653103_30652720_30652842_30652913_30653103_71
1710,ENSG00000168096,ANKS3,chr16,-,4701433,4702242,4701433,4701543,4702101,4702242,1710,"12,13,22","26,35,27","23,32,38","17,19,19",707,149,5.09107020397e-06,2.625901787402329e-05,"0.089,0.073,0.147","0.222,0.262,0.297",-0.157,558,45.0,49.33333333333333,ANKS3_chr16_-_4701433_4702242_4701433_4701543_4702101_4702242_558
1766,ENSG00000177082,WDR73,chr15,-,84645470,84646348,84645470,84645836,84645972,84646348,1766,"36,34,34","30,32,19","91,92,106","23,15,16",285,149,2.73394806793e-09,2.1344939810354532e-08,"0.386,0.357,0.483","0.674,0.762,0.776",-0.329,136,61.666666666666664,114.33333333333333,WDR73_chr15_-_84645470_84646348_84645470_84645836_84645972_84646348_136
1768,ENSG00000177082,WDR73,chr15,-,84645972,84646348,84645972,84646085,84646183,84646348,1768,"20,35,16","24,19,15","61,72,61","17,6,20",247,149,4.36660353857e-05,0.0001934713168791,"0.335,0.526,0.392","0.684,0.879,0.648",-0.319,98,43.0,79.0,WDR73_chr15_-_84645972_84646348_84645972_84646085_84646183_84646348_98
1770,ENSG00000184056,VPS33B,chr15,-,91006371,91007046,91006371,91006445,91006949,91007046,1770,"12,9,23","1,0,1","21,35,31","2,5,2",653,149,0.00228378827788,0.0073615200595549,"0.732,1.0,0.84","0.706,0.615,0.78",0.157,504,15.333333333333332,32.0,VPS33B_chr15_-_91006371_91007046_91006371_91006445_91006949_91007046_504
1797,ENSG00000089195,TRMT6,chr20,-,5941052,5942036,5941052,5941139,5941950,5942036,1797,"24,19,15","0,0,0","80,79,71","11,4,3",960,149,3.75190911561e-07,2.267963317887479e-06,"1.0,1.0,1.0","0.53,0.754,0.786",0.31,811,19.333333333333332,82.66666666666667,TRMT6_chr20_-_5941052_5942036_5941052_5941139_5941950_5942036_811
1827,ENSG00000130703,OSBPL2,chr20,+,62281057,62281879,62281057,62281165,62281789,62281879,1827,"54,66,54","51,52,61","133,193,118","36,33,34",773,149,4.58411086868e-13,5.501674807928731e-12,"0.17,0.197,0.146","0.416,0.53,0.401",-0.278,624,112.66666666666666,182.33333333333334,OSBPL2_chr20_+_62281057_62281879_62281057_62281165_62281789_62281879_624
1842,ENSG00000128951,DUT,chr15,+,48341288,48342395,48341288,48341363,48342021,48342395,1842,"15,15,10","0,0,0","39,62,76","7,4,1",807,149,1.63987024637e-06,9.083582985307162e-06,"1.0,1.0,1.0","0.507,0.741,0.933",0.273,658,13.333333333333334,63.0,DUT_chr15_+_48341288_48342395_48341288_48341363_48342021_48342395_658
1897,ENSG00000102901,CENPT,chr16,-,67832011,67832545,67832011,67832108,67832454,67832545,1897,"21,22,25","9,7,3","63,89,91","4,8,6",495,149,0.0018965496607,0.0061995190980219,"0.413,0.486,0.715","0.826,0.77,0.82",-0.267,346,29.0,87.0,CENPT_chr16_-_67832011_67832545_67832011_67832108_67832454_67832545_346
1898,ENSG00000102901,CENPT,chr16,-,67832227,67832545,67832227,67832315,67832454,67832545,1898,"27,27,24","122,120,112","56,78,74","80,73,87",288,149,3.44169137634e-15,5.0648859004590843e-14,"0.103,0.104,0.1","0.266,0.356,0.306",-0.207,139,144.0,149.33333333333331,CENPT_chr16_-_67832227_67832545_67832227_67832315_67832454_67832545_139
1919,ENSG00000196547,MAN2A2,chr15,+,90912042,90912664,90912042,90912279,90912541,90912664,1919,"19,41,27","32,30,39","53,33,36","10,18,20",411,149,0.00100067486476,0.0034845096112323,"0.177,0.331,0.201","0.658,0.399,0.395",-0.248,262,62.666666666666664,56.666666666666664,MAN2A2_chr15_+_90912042_90912664_90912042_90912279_90912541_90912664_262
1922,ENSG00000140474,ULK3,chr15,-,74840233,74840641,74840233,74840316,74840497,74840641,1922,"80,81,81","84,71,75","110,111,90","43,58,54",330,149,0.000100544163351,0.0004203698193767,"0.301,0.34,0.328","0.536,0.464,0.429",-0.153,181,157.33333333333334,155.33333333333334,ULK3_chr15_-_74840233_74840641_74840233_74840316_74840497_74840641_181
1931,ENSG00000140464,PML,chr15,+,74034477,74036394,74034477,74034530,74035171,74036394,1931,"69,82,51","31,34,28","191,169,169","15,13,17",790,149,2.22044604925e-16,3.5493638679498387e-15,"0.296,0.313,0.256","0.706,0.71,0.652",-0.401,641,98.33333333333333,191.33333333333334,PML_chr15_+_74034477_74036394_74034477_74034530_74035171_74036394_641
1948,ENSG00000125952,MAX,chr14,-,65075126,65077428,65075126,65076663,65077343,65077428,1948,"200,255,195","11,13,13","106,90,112","0,2,4",829,149,0.00156037030368,0.0052202375022077,"0.766,0.779,0.729","1.0,0.89,0.834",-0.15,680,229.0,104.66666666666667,MAX_chr14_-_65075126_65077428_65075126_65076663_65077343_65077428_680
2019,ENSG00000100938,GMPR2,chr14,+,24238245,24239242,24238245,24238405,24238588,24239242,2019,"50,53,50","368,350,353","130,121,134","182,192,207",332,149,0.0,0.0,"0.057,0.064,0.06","0.243,0.22,0.225",-0.169,183,408.0,322.0,GMPR2_chr14_+_24238245_24239242_24238245_24238405_24238588_24239242_183
2034,ENSG00000182809,CRIP2,chr14,+,105479124,105479493,105479124,105479219,105479435,105479493,2034,"8,4,2","10,17,11","10,10,7","9,4,5",365,149,0.00156810590712,0.0052390277086076,"0.246,0.088,0.069","0.312,0.505,0.364",-0.259,216,17.333333333333332,15.0,CRIP2_chr14_+_105479124_105479493_105479124_105479219_105479435_105479493_216
2044,ENSG00000100429,HDAC10,chr22,-,50245674,50246092,50245674,50245827,50245909,50246092,2044,"10,12,16","40,36,38","27,19,20","12,24,21",231,149,0.000100631623415,0.0004204268101346,"0.139,0.177,0.214","0.592,0.338,0.381",-0.26,82,50.666666666666664,41.0,HDAC10_chr22_-_50245674_50246092_50245674_50245827_50245909_50246092_82
2049,ENSG00000100445,SDR39U1,chr14,-,24442345,24442776,24442345,24442452,24442753,24442776,2049,"84,163,140","94,98,109","135,138,140","45,38,67",450,149,1.75305545468e-05,8.334879684206129e-05,"0.228,0.355,0.298","0.498,0.546,0.409",-0.191,301,229.33333333333331,187.66666666666666,SDR39U1_chr14_-_24442345_24442776_24442345_24442452_24442753_24442776_301
2057,ENSG00000126822,PLEKHG3,chr14,+,64736852,64737375,64736852,64736891,64737355,64737375,2057,"12,4,15","24,25,26","25,33,32","10,16,18",613,149,7.34757565901e-09,5.4881136619211654e-08,"0.108,0.037,0.123","0.378,0.334,0.302",-0.249,464,35.333333333333336,44.666666666666664,PLEKHG3_chr14_+_64736852_64737375_64736852_64736891_64737355_64737375_464
2066,ENSG00000087111,PIGS,chr17,-,28556165,28556972,28556165,28556266,28556779,28556972,2066,"14,17,10","0,0,0","39,37,38","3,3,0",662,149,0.00188333236025,0.0061644643053725,"1.0,1.0,1.0","0.745,0.735,1.0",0.173,513,13.666666666666666,40.0,PIGS_chr17_-_28556165_28556972_28556165_28556266_28556779_28556972_513
2075,ENSG00000139998,RAB15,chr14,-,64950324,64951151,64950324,64950414,64950942,64951151,2075,"14,14,15","3,5,4","26,21,10","1,2,0",677,149,0.000461929115562,0.0017208077599815,"0.507,0.381,0.452","0.851,0.698,1.0",-0.403,528,18.333333333333336,20.0,RAB15_chr14_-_64950324_64951151_64950324_64950414_64950942_64951151_528
2120,ENSG00000119638,NEK9,chr14,-,75105949,75106702,75105949,75105996,75106465,75106702,2120,"53,59,65","22,17,16","28,49,46","2,1,7",618,149,0.000414491964546,0.0015558132090271,"0.367,0.456,0.495","0.771,0.922,0.613",-0.329,469,77.33333333333333,44.333333333333336,NEK9_chr14_-_75105949_75106702_75105949_75105996_75106465_75106702_469
2125,ENSG00000100888,CHD8,chr14,-,21394911,21395892,21394911,21395119,21395816,21395892,2125,"24,13,26","0,3,0","47,38,42","15,17,12",846,149,0.00025211398948,0.0009878127099699,"1.0,0.433,1.0","0.356,0.282,0.381",0.471,697,22.0,57.0,CHD8_chr14_-_21394911_21395892_21394911_21395119_21395816_21395892_697
2171,ENSG00000100823,APEX1,chr14,+,20455225,20455703,20455225,20455328,20455577,20455703,2171,"340,326,363","72,45,67","536,603,583","41,43,42",398,149,3.54222340349e-09,2.733888760008879e-08,"0.639,0.731,0.67","0.83,0.84,0.839",-0.156,249,404.3333333333333,616.0,APEX1_chr14_+_20455225_20455703_20455225_20455328_20455577_20455703_249
2173,ENSG00000100823,APEX1,chr14,+,20455225,20455703,20455225,20455394,20455577,20455703,2173,"138,139,146","726,664,734","353,426,388","562,573,575",332,149,0.0,0.0,"0.079,0.086,0.082","0.22,0.25,0.232",-0.152,183,849.0,959.0,APEX1_chr14_+_20455225_20455703_20455225_20455394_20455577_20455703_183
2181,ENSG00000161914,ZNF653,chr19,-,11486986,11487903,11486986,11487158,11487291,11487903,2181,"1,5,6","21,30,18","8,7,16","17,13,13",282,149,0.000335938706528,0.0012823764211622,"0.025,0.081,0.15","0.199,0.221,0.394",-0.186,133,27.0,24.666666666666668,ZNF653_chr19_-_11486986_11487903_11486986_11487158_11487291_11487903_133
2183,ENSG00000125520,SLC2A4RG,chr20,+,63741868,63742230,63741868,63742056,63742129,63742230,2183,"6,3,9","179,162,157","34,26,45","106,92,119",222,149,0.0,0.0,"0.022,0.012,0.037","0.177,0.159,0.202",-0.156,73,172.0,140.66666666666669,SLC2A4RG_chr20_+_63741868_63742230_63741868_63742056_63742129_63742230_73
2208,ENSG00000129460,NGDN,chr14,+,23475170,23476152,23475170,23475308,23476028,23476152,2208,"18,33,31","0,0,0","122,82,70","4,8,5",869,149,5.7240727469e-07,3.3910101887985063e-06,"1.0,1.0,1.0","0.839,0.637,0.706",0.273,720,27.333333333333332,97.0,NGDN_chr14_+_23475170_23476152_23475170_23475308_23476028_23476152_720
2212,ENSG00000129460,NGDN,chr14,+,23477199,23477560,23477199,23477356,23477502,23477560,2212,"27,25,25","123,124,173","113,118,111","175,158,182",295,149,1.11022302463e-16,1.817775755779406e-15,"0.1,0.092,0.068","0.246,0.274,0.236",-0.165,146,165.66666666666666,285.66666666666663,NGDN_chr14_+_23477199_23477560_23477199_23477356_23477502_23477560_146
2240,ENSG00000123191,ATP7B,chr13,-,51957515,51960322,51957515,51957607,51960147,51960322,2240,"29,23,20","0,2,0","5,14,19","1,2,2",2689,149,0.000751489258979,0.0026752253354918,"1.0,0.389,1.0","0.217,0.279,0.345",0.516,2540,24.666666666666668,14.333333333333332,ATP7B_chr13_-_51957515_51960322_51957515_51957607_51960147_51960322_2540
2259,ENSG00000173575,CHD2,chr15,+,92942842,92945865,92942842,92943068,92945820,92945865,2259,"13,21,9","0,1,0","21,19,19","0,1,4",2901,149,0.000399321685397,0.0015041995635294,"1.0,0.519,1.0","1.0,0.494,0.196",0.276,2752,14.666666666666668,21.333333333333336,CHD2_chr15_+_92942842_92945865_92942842_92943068_92945820_92945865_2752
2294,ENSG00000167595,PROSER3,chr19,+,35766767,35768065,35766767,35766955,35767071,35768065,2294,"2,7,2","17,13,19","6,5,12","9,8,9",265,149,0.00215226590607,0.0069557107735604,"0.062,0.232,0.056","0.273,0.26,0.428",-0.204,116,20.0,16.333333333333332,PROSER3_chr19_+_35766767_35768065_35766767_35766955_35767071_35768065_116
2318,ENSG00000134899,ERCC5,chr13,+,102853756,102854374,102853756,102853872,102854287,102854374,2318,"4,6,5","20,33,29","19,19,19","12,20,14",564,149,1.96739047276e-09,1.5673614539700236e-08,"0.05,0.046,0.044","0.295,0.201,0.264",-0.207,415,32.33333333333333,34.333333333333336,ERCC5_chr13_+_102853756_102854374_102853756_102853872_102854287_102854374_415
2339,ENSG00000132950,ZMYM5,chr13,-,19851354,19852190,19851354,19851448,19851688,19852190,2339,"10,14,10","14,11,12","30,26,38","7,4,10",389,149,2.50315134587e-06,1.3492640648486764e-05,"0.215,0.328,0.242","0.621,0.713,0.593",-0.381,240,23.666666666666668,38.33333333333333,ZMYM5_chr13_-_19851354_19852190_19851354_19851448_19851688_19852190_240
2362,ENSG00000122966,CIT,chr12,-,119710539,119712347,119710539,119710620,119712177,119712347,2362,"56,42,42","22,22,25","52,74,50","16,8,11",1706,149,0.00221910662379,0.0071592491642672,"0.182,0.143,0.128","0.221,0.447,0.284",-0.166,1557,69.66666666666666,70.33333333333333,CIT_chr12_-_119710539_119712347_119710539_119710620_119712177_119712347_1557
2389,ENSG00000171453,POLR1C,chr6,+,43519705,43520185,43519705,43519838,43520065,43520185,2389,"61,82,84","198,210,187","216,265,247","217,240,235",376,149,1.11022302463e-16,1.817775755779406e-15,"0.109,0.134,0.151","0.283,0.304,0.294",-0.162,227,274.0,473.3333333333333,POLR1C_chr6_+_43519705_43520185_43519705_43519838_43520065_43520185_227
2391,ENSG00000171453,POLR1C,chr6,+,43519705,43520427,43519705,43520185,43520274,43520427,2391,"32,15,17","184,186,186","165,147,161","217,205,222",238,149,0.0,0.0,"0.098,0.048,0.054","0.323,0.31,0.312",-0.248,89,206.66666666666669,372.3333333333333,POLR1C_chr6_+_43519705_43520427_43519705_43520185_43520274_43520427_89
2394,ENSG00000204427,ABHD16A,chr6,-,31688040,31688305,31688040,31688103,31688248,31688305,2394,"14,19,10","73,59,57","33,33,42","36,41,35",294,149,8.63864535461e-11,8.069626271428511e-10,"0.089,0.14,0.082","0.317,0.29,0.378",-0.225,145,77.33333333333333,73.33333333333334,ABHD16A_chr6_-_31688040_31688305_31688040_31688103_31688248_31688305_145
2397,ENSG00000213780,GTF2H4,chr6,+,30911683,30912146,30911683,30911767,30912013,30912146,2397,"40,55,70","71,62,72","81,95,102","41,69,61",395,149,2.83024927383e-05,0.0001297401660321,"0.175,0.251,0.268","0.427,0.342,0.387",-0.154,246,123.33333333333333,149.66666666666669,GTF2H4_chr6_+_30911683_30912146_30911683_30911767_30912013_30912146_246
2421,ENSG00000291134,WASH2P,chr2,+,113595692,113596203,113595692,113595909,113596067,113596203,2421,"18,15,24","1,0,0","15,16,21","3,3,1",307,149,0.000422362824042,0.0015837538250351,"0.897,1.0,1.0","0.708,0.721,0.911",0.186,158,19.333333333333332,19.666666666666664,WASH2P_chr2_+_113595692_113596203_113595692_113595909_113596067_113596203_158
2426,ENSG00000164080,RAD54L2,chr3,+,51630271,51630931,51630271,51630388,51630704,51630931,2426,"0,4,2","19,5,11","4,8,9","7,8,6",465,149,0.000320084238407,0.0012281763043273,"0.0,0.204,0.055","0.155,0.243,0.325",-0.155,316,13.666666666666666,14.0,RAD54L2_chr3_+_51630271_51630931_51630271_51630388_51630704_51630931_316
2478,ENSG00000125459,MSTO1,chr1,+,155611215,155611603,155611215,155611355,155611548,155611603,2478,"42,33,36","41,38,31","81,99,82","19,25,32",342,149,8.66323646154e-09,6.425522483524219e-08,"0.309,0.274,0.336","0.65,0.633,0.528",-0.297,193,73.66666666666666,112.66666666666666,MSTO1_chr1_+_155611215_155611603_155611215_155611355_155611548_155611603_193
2491,ENSG00000146670,CDCA5,chr11,-,65083363,65083550,65083363,65083399,65083484,65083550,2491,"7,10,5","173,181,180","43,48,47","125,128,105",234,149,0.0,0.0,"0.025,0.034,0.017","0.18,0.193,0.222",-0.173,85,185.33333333333334,165.33333333333331,CDCA5_chr11_-_65083363_65083550_65083363_65083399_65083484_65083550_85
2496,ENSG00000141279,NPEPPS,chr17,+,47585499,47586244,47585499,47585745,47586147,47586244,2496,"17,21,23","3,2,2","6,19,14","1,0,0",551,149,0.000345854627642,0.0013181931003189,"0.605,0.74,0.757","0.619,1.0,1.0",-0.172,402,22.666666666666664,13.333333333333334,NPEPPS_chr17_+_47585499_47586244_47585499_47585745_47586147_47586244_402
2497,ENSG00000141279,NPEPPS,chr17,+,47585499,47586398,47585499,47585700,47586364,47586398,2497,"25,27,29","0,0,0","12,22,19","0,2,3",813,149,0.00198529900884,0.0064696672884737,"1.0,1.0,1.0","1.0,0.668,0.537",0.265,664,27.0,19.333333333333336,NPEPPS_chr17_+_47585499_47586398_47585499_47585700_47586364_47586398_664
2505,ENSG00000141279,NPEPPS,chr17,+,47619008,47619784,47619008,47619164,47619277,47619784,2505,"29,29,37","2,7,1","12,10,23","0,0,0",262,149,4.67826533617e-05,0.0002062942568274,"0.892,0.702,0.955","1.0,1.0,1.0",-0.15,113,35.0,15.0,NPEPPS_chr17_+_47619008_47619784_47619008_47619164_47619277_47619784_113
2510,ENSG00000137070,IL11RA,chr9,+,34655217,34655665,34655217,34655317,34655604,34655665,2510,"8,8,10","17,14,15","12,18,13","8,6,7",436,149,0.000504838606379,0.0018656641472411,"0.139,0.163,0.186","0.339,0.506,0.388",-0.248,287,24.0,21.333333333333336,IL11RA_chr9_+_34655217_34655665_34655217_34655317_34655604_34655665_287
2511,ENSG00000137070,IL11RA,chr9,+,34656738,34657149,34656738,34656908,34657034,34657149,2511,"1,3,4","20,10,17","3,15,8","6,9,3",275,149,4.95129883405e-05,0.0002171719896638,"0.026,0.14,0.113","0.213,0.475,0.591",-0.333,126,18.333333333333332,14.666666666666666,IL11RA_chr9_+_34656738_34657149_34656738_34656908_34657034_34657149_126
2547,ENSG00000161960,EIF4A1,chr17,+,7574259,7574678,7574259,7574308,7574547,7574678,2547,"69,65,70","42,34,24","293,280,260","31,28,26",388,149,3.36397576461e-14,4.536474226565885e-13,"0.387,0.423,0.528","0.784,0.793,0.793",-0.344,239,101.33333333333334,306.0,EIF4A1_chr17_+_7574259_7574678_7574259_7574308_7574547_7574678_239
2575,ENSG00000113460,BRIX1,chr5,+,34922216,34923234,34922216,34922287,34923132,34923234,2575,"20,31,28","0,0,0","88,108,79","2,6,7",994,149,7.20837633583e-07,4.206493098572078e-06,"1.0,1.0,1.0","0.868,0.73,0.628",0.258,845,26.333333333333332,96.66666666666667,BRIX1_chr5_+_34922216_34923234_34922216_34922287_34923132_34923234_845
2597,ENSG00000147050,KDM6A,chrX,+,45082575,45082789,45082575,45082640,45082714,45082789,2597,"5,6,4","45,40,37","18,32,17","19,42,23",223,149,9.34045063516e-11,8.703281703640919e-10,"0.069,0.091,0.067","0.388,0.337,0.331",-0.276,74,45.666666666666664,50.33333333333333,KDM6A_chrX_+_45082575_45082789_45082575_45082640_45082714_45082789_74
2630,ENSG00000011243,AKAP8L,chr19,-,15397713,15400864,15397713,15399410,15400793,15400864,2630,"135,165,189","0,2,0","189,211,185","17,30,29",1532,149,0.0,0.0,"1.0,0.889,1.0","0.52,0.406,0.383",0.527,1383,163.66666666666666,220.33333333333334,AKAP8L_chr19_-_15397713_15400864_15397713_15399410_15400793_15400864_1383
2650,ENSG00000172262,ZNF131,chr5,+,43161248,43161931,43161248,43161606,43161708,43161931,2650,"15,24,21","37,41,44","38,39,35","31,34,30",251,149,6.26449830351e-05,0.0002712421711449,"0.194,0.258,0.221","0.421,0.405,0.409",-0.187,102,60.666666666666664,69.0,ZNF131_chr5_+_43161248_43161931_43161248_43161606_43161708_43161931_102
2654,ENSG00000177595,PIDD1,chr11,-,800761,801120,800761,800912,800984,801120,2654,"43,29,36","19,19,26","60,68,65","10,11,16",221,149,9.24464030305e-06,4.580327129440337e-05,"0.604,0.507,0.483","0.802,0.806,0.733",-0.249,72,57.33333333333333,76.66666666666666,PIDD1_chr11_-_800761_801120_800761_800912_800984_801120_72
2657,ENSG00000177595,PIDD1,chr11,-,801444,802090,801444,801624,801964,802090,2657,"7,7,4","62,64,59","39,29,54","49,35,40",489,149,0.0,0.0,"0.033,0.032,0.02","0.195,0.202,0.291",-0.201,340,67.66666666666666,82.0,PIDD1_chr11_-_801444_802090_801444_801624_801964_802090_340
2661,ENSG00000154134,ROBO3,chr11,+,124877518,124878131,124877518,124877658,124877936,124878131,2661,"45,43,48","20,9,14","58,44,37","3,7,5",427,149,0.0023493834265,0.0075369277138194,"0.44,0.625,0.545","0.871,0.687,0.721",-0.223,278,59.66666666666667,51.333333333333336,ROBO3_chr11_+_124877518_124878131_124877518_124877658_124877936_124878131_278
2663,ENSG00000154134,ROBO3,chr11,+,124878583,124879341,124878583,124878796,124879189,124879341,2663,"35,37,39","46,30,48","65,66,45","27,38,24",542,149,8.36514125916e-05,0.0003545385869667,"0.173,0.253,0.183","0.398,0.323,0.34",-0.151,393,78.33333333333334,88.33333333333333,ROBO3_chr11_+_124878583_124879341_124878583_124878796_124879189_124879341_393
2699,ENSG00000086189,DIMT1,chr5,-,62390875,62392990,62390875,62390982,62392925,62392990,2699,"26,28,25","0,0,0","37,37,33","15,13,5",2092,149,2.0466961459e-12,2.324708317632512e-11,"1.0,1.0,1.0","0.149,0.169,0.32",0.787,1943,26.333333333333332,46.666666666666664,DIMT1_chr5_-_62390875_62392990_62390875_62390982_62392925_62392990_1943
2716,ENSG00000131435,PDLIM4,chr5,+,132271302,132271908,132271302,132271466,132271790,132271908,2716,"9,8,4","35,29,26","17,14,11","12,13,9",473,149,3.90141464135e-07,2.356416318802357e-06,"0.075,0.08,0.046","0.309,0.253,0.278",-0.213,324,37.0,25.333333333333336,PDLIM4_chr5_+_132271302_132271908_132271302_132271466_132271790_132271908_324
2717,ENSG00000108262,GIT1,chr17,-,29575287,29575703,29575287,29575470,29575629,29575703,2717,"1,3,3","55,61,39","13,30,18","28,30,26",308,149,6.66133814775e-16,1.0423448321067878e-14,"0.009,0.023,0.036","0.183,0.326,0.251",-0.231,159,54.0,48.33333333333333,GIT1_chr17_-_29575287_29575703_29575287_29575470_29575629_29575703_159
2719,ENSG00000145604,SKP2,chr5,+,36163644,36164695,36163644,36163756,36164534,36164695,2719,"20,37,30","4,8,6","19,24,21","0,3,0",927,149,0.00091674418073,0.0032133703159141,"0.446,0.426,0.446","1.0,0.563,1.0",-0.415,778,35.0,22.333333333333332,SKP2_chr5_+_36163644_36164695_36163644_36163756_36164534_36164695_778
2733,ENSG00000160201,U2AF1,chr21,-,43092955,43094563,43092955,43093249,43094470,43094563,2733,"7,15,11","13,12,12","36,32,38","11,5,6",1370,149,5.91871030076e-07,3.503517502054024e-06,"0.055,0.12,0.091","0.263,0.41,0.408",-0.272,1221,23.333333333333336,42.66666666666667,U2AF1_chr21_-_43092955_43094563_43092955_43093249_43094470_43094563_1221
2744,ENSG00000254996,ANKHD1-EIF4EBP3,chr5,+,140538918,140542281,140538918,140539083,140542171,140542281,2744,"143,167,126","25,28,25","133,169,146","13,13,9",3237,149,0.000329627057373,0.0012605722079606,"0.208,0.215,0.188","0.32,0.374,0.427",-0.17,3088,171.33333333333334,161.0,ANKHD1-EIF4EBP3_chr5_+_140538918_140542281_140538918_140539083_140542171_140542281_3088
2754,ENSG00000115661,STK16,chr2,+,219245895,219246876,219245895,219246085,219246656,219246876,2754,"44,33,39","108,81,95","117,116,92","61,65,61",720,149,0.0,0.0,"0.078,0.078,0.078","0.284,0.27,0.238",-0.186,571,133.33333333333334,170.66666666666666,STK16_chr2_+_219245895_219246876_219245895_219246085_219246656_219246876_571
2758,ENSG00000124177,CHD6,chr20,-,41496808,41498226,41496808,41497501,41498167,41498226,2758,"7,13,6","15,14,19","14,18,17","8,7,6",815,149,3.71104866798e-05,0.0001664138329528,"0.079,0.145,0.055","0.242,0.32,0.341",-0.208,666,24.666666666666664,23.333333333333332,CHD6_chr20_-_41496808_41498226_41496808_41497501_41498167_41498226_666
2768,ENSG00000124357,NAGK,chr2,+,71068649,71070586,71068649,71068712,71070501,71070586,2768,"57,53,81","34,37,34","115,84,113","17,25,15",1938,149,2.08281549097e-06,1.1359001835679772e-05,"0.114,0.099,0.155","0.342,0.205,0.367",-0.182,1789,98.66666666666666,123.0,NAGK_chr2_+_71068649_71070586_71068649_71068712_71070501_71070586_1789
2829,ENSG00000105875,WDR91,chr7,-,135186971,135188545,135186971,135187169,135188432,135188545,2829,"50,74,56","55,43,43","108,108,106","31,31,19",1412,149,4.06564104605e-09,3.1183929305638945e-08,"0.088,0.154,0.121","0.269,0.269,0.371",-0.182,1263,107.0,134.33333333333331,WDR91_chr7_-_135186971_135188545_135186971_135187169_135188432_135188545_1263
2871,ENSG00000214655,ZSWIM8,chr10,+,73800639,73801195,73800639,73800759,73801084,73801195,2871,"74,69,62","5,11,5","93,77,69","2,3,1",474,149,0.000460485741927,0.0017171557304537,"0.823,0.664,0.796","0.936,0.89,0.956",-0.166,325,75.33333333333333,81.66666666666667,ZSWIM8_chr10_+_73800639_73801195_73800639_73800759_73801084_73801195_325
2883,ENSG00000184205,TSPYL2,chrX,+,53084531,53084866,53084531,53084622,53084754,53084866,2883,"37,45,50","80,86,94","148,144,154","56,40,41",281,149,0.0,0.0,"0.197,0.217,0.22","0.584,0.656,0.666",-0.424,132,130.66666666666669,194.33333333333331,TSPYL2_chrX_+_53084531_53084866_53084531_53084622_53084754_53084866_132
2892,ENSG00000162413,KLHL21,chr1,-,6590723,6595557,6590723,6593658,6595484,6595557,2892,"104,118,140","46,54,58","156,169,177","24,30,22",1975,149,8.73130456824e-10,7.21159086666326e-09,"0.146,0.142,0.154","0.329,0.298,0.378",-0.188,1826,173.33333333333334,192.66666666666669,KLHL21_chr1_-_6590723_6595557_6590723_6593658_6595484_6595557_1826
2896,ENSG00000103502,CDIPT,chr16,-,29860580,29861259,29860580,29860662,29861105,29861259,2896,"26,25,18","269,301,304","201,207,202","180,145,203",592,149,0.0,0.0,"0.024,0.02,0.015","0.219,0.264,0.2",-0.208,443,314.3333333333333,379.33333333333337,CDIPT_chr16_-_29860580_29861259_29860580_29860662_29861105_29861259_443
2906,ENSG00000099949,LZTR1,chr22,+,20994103,20994727,20994103,20994269,20994557,20994727,2906,"82,82,91","59,51,62","110,108,103","25,26,36",437,149,6.51234365101e-07,3.830456214079395e-06,"0.322,0.354,0.334","0.6,0.586,0.494",-0.223,288,142.33333333333334,136.0,LZTR1_chr22_+_20994103_20994727_20994103_20994269_20994557_20994727_288
2909,ENSG00000099949,LZTR1,chr22,+,20996695,20996966,20996695,20996801,20996885,20996966,2909,"3,5,19","56,60,96","25,26,32","54,41,53",233,149,5.48961209823e-10,4.669317996854577e-09,"0.033,0.051,0.112","0.228,0.289,0.279",-0.2,84,79.66666666666667,77.0,LZTR1_chr22_+_20996695_20996966_20996695_20996801_20996885_20996966_84
2946,ENSG00000185246,PRPF39,chr14,+,45096102,45097005,45096102,45096228,45096886,45097005,2946,"134,117,151","23,25,25","87,90,113","42,33,40",807,149,2.09693715592e-05,9.831215477533907e-05,"0.518,0.464,0.527","0.277,0.335,0.343",0.185,658,158.33333333333334,135.0,PRPF39_chr14_+_45096102_45097005_45096102_45096228_45096886_45097005_658
2951,ENSG00000105443,CYTH2,chr19,+,48474837,48478145,48474837,48474949,48478068,48478145,2951,"67,70,46","43,37,40","290,340,336","29,29,31",3268,149,0.0,0.0,"0.066,0.079,0.05","0.313,0.348,0.331",-0.266,3119,101.0,351.6666666666667,CYTH2_chr19_+_48474837_48478145_48474837_48474949_48478068_48478145_3119
2969,ENSG00000163945,UVSSA,chr4,+,1383765,1388049,1383765,1383940,1385867,1388049,2969,"31,51,54","17,15,15","40,43,69","6,6,8",2076,149,0.00113788893253,0.0039291071753142,"0.116,0.196,0.205","0.324,0.34,0.382",-0.176,1927,61.0,57.33333333333333,UVSSA_chr4_+_1383765_1388049_1383765_1383940_1385867_1388049_1927
2975,ENSG00000185000,DGAT1,chr8,-,144317021,144317252,144317021,144317109,144317186,144317252,2975,"35,52,64","87,65,66","46,47,73","37,37,41",226,149,0.00100502153534,0.0034980031570233,"0.21,0.345,0.39","0.45,0.456,0.54",-0.167,77,123.0,93.66666666666667,DGAT1_chr8_-_144317021_144317252_144317021_144317109_144317186_144317252_77
2976,ENSG00000185000,DGAT1,chr8,-,144318094,144318362,144318094,144318169,144318260,144318362,2976,"6,16,19","65,72,67","30,20,31","41,39,65",240,149,9.61588911574e-06,4.7515689254792525e-05,"0.054,0.121,0.15","0.312,0.241,0.228",-0.152,91,81.66666666666667,75.33333333333334,DGAT1_chr8_-_144318094_144318362_144318094_144318169_144318260_144318362_91
2993,ENSG00000174720,LARP7,chr4,+,112647033,112647549,112647033,112647127,112647201,112647549,2993,"3,10,8","5,5,5","9,13,8","1,0,2",223,149,8.25553011788e-05,0.0003500930067713,"0.286,0.572,0.517","0.857,1.0,0.728",-0.403,74,12.0,11.0,LARP7_chr4_+_112647033_112647549_112647033_112647127_112647201_112647549_74
3016,ENSG00000160972,PPP1R16A,chr8,+,144500095,144500391,144500095,144500199,144500266,144500391,3016,"54,59,58","29,57,47","126,110,130","50,49,23",216,149,0.000404354730515,0.0015200704694524,"0.562,0.417,0.46","0.635,0.608,0.796",-0.2,67,101.33333333333334,162.66666666666666,PPP1R16A_chr8_+_144500095_144500391_144500095_144500199_144500266_144500391_67
3017,ENSG00000160972,PPP1R16A,chr8,+,144500266,144500612,144500266,144500391,144500486,144500612,3017,"18,26,16","31,48,18","30,32,33","14,27,13",244,149,0.000192314918653,0.0007685343489489,"0.262,0.249,0.352","0.567,0.42,0.608",-0.244,95,52.333333333333336,49.66666666666667,PPP1R16A_chr8_+_144500266_144500612_144500266_144500391_144500486_144500612_95
3018,ENSG00000083838,ZNF446,chr19,+,58479642,58480019,58479642,58479727,58479929,58480019,3018,"22,12,15","13,14,18","38,33,29","9,7,7",351,149,1.52858342096e-05,7.323968496938191e-05,"0.418,0.267,0.261","0.642,0.667,0.638",-0.334,202,31.333333333333332,41.0,ZNF446_chr19_+_58479642_58480019_58479642_58479727_58479929_58480019_202
3028,ENSG00000187091,PLCD1,chr3,-,38008457,38009158,38008457,38008636,38009041,38009158,3028,"2,4,4","9,15,17","5,10,13","6,6,7",554,149,3.6989612854e-05,0.000165972146726,"0.056,0.067,0.06","0.183,0.31,0.333",-0.214,405,17.0,15.666666666666668,PLCD1_chr3_-_38008457_38009158_38008457_38008636_38009041_38009158_405
3043,ENSG00000077232,DNAJC10,chr2,+,182717015,182718290,182717015,182717072,182718156,182718290,3043,"124,116,119","0,0,0","90,108,110","4,2,3",1233,149,6.93983869693e-06,3.496792365158275e-05,"1.0,1.0,1.0","0.731,0.867,0.816",0.195,1084,119.66666666666667,105.66666666666667,DNAJC10_chr2_+_182717015_182718290_182717015_182717072_182718156_182718290_1084
3099,ENSG00000174652,ZNF266,chr19,-,9418761,9419299,9418761,9418895,9419050,9419299,3099,"28,39,30","7,3,3","43,45,37","1,1,1",304,149,0.000261632825219,0.001020794668411,"0.662,0.864,0.831","0.955,0.957,0.948",-0.168,155,36.66666666666667,42.666666666666664,ZNF266_chr19_-_9418761_9419299_9418761_9418895_9419050_9419299_155
3106,ENSG00000105821,DNAJC2,chr7,-,103322510,103322794,103322510,103322632,103322702,103322794,3106,"12,24,24","38,67,64","95,94,61","43,41,58",219,149,5.39107647413e-11,5.172783209394851e-10,"0.177,0.196,0.203","0.601,0.609,0.417",-0.35,70,76.33333333333334,130.66666666666666,DNAJC2_chr7_-_103322510_103322794_103322510_103322632_103322702_103322794_70
3143,ENSG00000203875,SNHG5,chr6,-,85677423,85677875,85677423,85677492,85677790,85677875,3143,"41,52,52","16,22,26","101,80,93","13,21,13",447,149,0.000209136381414,0.0008294997545174,"0.461,0.441,0.4","0.721,0.559,0.705",-0.228,298,69.66666666666667,107.0,SNHG5_chr6_-_85677423_85677875_85677423_85677492_85677790_85677875_298
3160,ENSG00000251022,THAP9-AS1,chr4,-,82900076,82900566,82900076,82900223,82900333,82900566,3160,"5,8,8","210,257,240","152,178,171","284,287,340",259,149,0.0,0.0,"0.014,0.018,0.019","0.235,0.263,0.224",-0.224,110,242.66666666666666,470.6666666666667,THAP9-AS1_chr4_-_82900076_82900566_82900076_82900223_82900333_82900566_110
3218,ENSG00000184661,CDCA2,chr8,+,25460239,25460554,25460239,25460300,25460383,25460554,3218,"4,6,2","28,24,17","9,14,23","14,20,17",232,149,5.26963134018e-06,2.710461556873444e-05,"0.084,0.138,0.07","0.292,0.31,0.465",-0.258,83,27.0,32.333333333333336,CDCA2_chr8_+_25460239_25460554_25460239_25460300_25460383_25460554_83
3279,ENSG00000182481,KPNA2,chr17,+,68043837,68044503,68043837,68044071,68044324,68044503,3279,"58,57,42","0,0,0","99,109,83","10,8,4",402,149,1.09231033552e-07,7.014429228183411e-07,"1.0,1.0,1.0","0.786,0.835,0.885",0.165,253,52.333333333333336,104.33333333333333,KPNA2_chr17_+_68043837_68044503_68043837_68044071_68044324_68044503_253
3281,ENSG00000105792,CFAP69,chr7,+,90299866,90304820,90299866,90300059,90304743,90304820,3281,"7,12,18","1,0,0","16,26,14","2,4,3",4833,149,0.000429570485104,0.0016091536808163,"0.178,1.0,1.0","0.198,0.167,0.126",0.562,4684,12.666666666666668,21.666666666666668,CFAP69_chr7_+_90299866_90304820_90299866_90300059_90304743_90304820_4684
3288,ENSG00000160789,LMNA,chr1,+,156137653,156138757,156137653,156137743,156138487,156138757,3288,"53,43,61","48,52,35","80,77,70","19,24,28",893,149,1.76028216492e-06,9.714295250901516e-06,"0.156,0.121,0.225","0.413,0.349,0.294",-0.185,744,97.33333333333334,99.33333333333334,LMNA_chr1_+_156137653_156138757_156137653_156137743_156138487_156138757_744
3292,ENSG00000182504,CEP97,chr3,+,101757062,101758423,101757062,101757196,101757810,101758423,3292,"21,27,33","0,1,0","24,21,20","1,2,4",763,149,7.81394473459e-06,3.9117926568029664e-05,"1.0,0.841,1.0","0.824,0.672,0.494",0.284,614,27.333333333333332,24.0,CEP97_chr3_+_101757062_101758423_101757062_101757196_101757810_101758423_614
3307,ENSG00000089818,NECAP1,chr12,+,8089935,8090299,8089935,8090036,8090194,8090299,3307,"3,3,1","58,57,49","11,21,23","42,36,48",307,149,3.81583653564e-12,4.2178926355949147e-11,"0.024,0.025,0.01","0.113,0.221,0.189",-0.155,158,57.0,60.33333333333333,NECAP1_chr12_+_8089935_8090299_8089935_8090036_8090194_8090299_158
3316,ENSG00000198218,QRICH1,chr3,-,49032621,49033228,49032621,49032773,49033119,49033228,3316,"102,126,114","131,120,124","158,192,194","91,89,78",495,149,6.51192988421e-10,5.469873607155784e-09,"0.19,0.24,0.217","0.343,0.394,0.428",-0.173,346,239.0,267.33333333333337,QRICH1_chr3_-_49032621_49033228_49032621_49032773_49033119_49033228_346
3332,ENSG00000178035,IMPDH2,chr3,-,49028430,49028806,49028430,49028532,49028721,49028806,3332,"29,48,25","7,6,6","62,43,51","1,0,2",338,149,4.28067757574e-07,2.5750028855850432e-06,"0.646,0.779,0.647","0.965,1.0,0.918",-0.27,189,40.333333333333336,53.0,IMPDH2_chr3_-_49028430_49028806_49028430_49028532_49028721_49028806_189
3339,ENSG00000075826,SEC31B,chr10,-,100488857,100489398,100488857,100488977,100489251,100489398,3339,"34,49,47","7,4,11","43,36,62","2,2,2",423,149,0.000870110083408,0.0030614831540024,"0.631,0.812,0.601","0.883,0.864,0.916",-0.206,274,50.66666666666667,49.0,SEC31B_chr10_-_100488857_100489398_100488857_100488977_100489251_100489398_274
3361,ENSG00000162736,NCSTN,chr1,+,160354117,160356347,160354117,160354290,160356259,160356347,3361,"48,48,47","0,0,0","140,166,141","4,6,8",2118,149,7.92559514684e-08,5.174660141207066e-07,"1.0,1.0,1.0","0.711,0.661,0.554",0.358,1969,47.666666666666664,155.0,NCSTN_chr1_+_160354117_160356347_160354117_160354290_160356259_160356347_1969
3366,ENSG00000162736,NCSTN,chr1,+,160355862,160357253,160355862,160356754,160357040,160357253,3366,"54,48,42","159,186,186","140,133,157","85,88,80",435,149,0.0,0.0,"0.104,0.081,0.072","0.361,0.341,0.402",-0.282,286,225.0,227.66666666666669,NCSTN_chr1_+_160355862_160357253_160355862_160356754_160357040_160357253_286
3384,ENSG00000250337,PURPL,chr5,+,27475534,27477801,27475534,27475695,27477638,27477801,3384,"131,187,154","20,22,12","196,276,264","6,4,10",2092,149,2.14961448641e-06,1.1688922760779304e-05,"0.318,0.377,0.478","0.699,0.831,0.653",-0.337,1943,175.33333333333334,252.0,PURPL_chr5_+_27475534_27477801_27475534_27475695_27477638_27477801_1943
3405,ENSG00000168028,RPSA,chr3,+,39411895,39412438,39411895,39412061,39412276,39412438,3405,"89,99,110","37,42,34","126,112,137","31,16,21",364,149,0.000235050691303,0.0009243748554582,"0.496,0.491,0.57","0.625,0.741,0.728",-0.179,215,137.0,147.66666666666666,RPSA_chr3_+_39411895_39412438_39411895_39412061_39412276_39412438_215
3442,ENSG00000114745,GORASP1,chr3,-,39100304,39101102,39100304,39100877,39101015,39101102,3442,"9,12,27","54,60,55","38,39,36","44,38,40",287,149,1.8394192669e-07,1.1503349664921838e-06,"0.08,0.094,0.203","0.31,0.348,0.318",-0.2,138,72.33333333333334,78.33333333333333,GORASP1_chr3_-_39100304_39101102_39100304_39100877_39101015_39101102_138
3482,ENSG00000161204,ABCF3,chr3,+,184187396,184187761,184187396,184187443,184187663,184187761,3482,"9,19,14","73,67,89","68,67,55","58,57,49",369,149,0.0,0.0,"0.047,0.103,0.06","0.321,0.322,0.312",-0.248,220,90.33333333333333,118.0,ABCF3_chr3_+_184187396_184187761_184187396_184187443_184187663_184187761_220
3483,ENSG00000161204,ABCF3,chr3,+,184187663,184187983,184187663,184187761,184187860,184187983,3483,"8,6,7","73,72,77","40,26,30","45,59,60",248,149,3.0027091924e-12,3.359139378586848e-11,"0.062,0.048,0.052","0.348,0.209,0.231",-0.209,99,81.0,86.66666666666666,ABCF3_chr3_+_184187663_184187983_184187663_184187761_184187860_184187983_99
3484,ENSG00000161204,ABCF3,chr3,+,184189087,184189277,184189087,184189144,184189254,184189277,3484,"1,2,2","54,46,45","17,32,15","58,43,42",259,149,1.4267476089500001e-12,1.6330535517873685e-11,"0.011,0.024,0.025","0.144,0.3,0.17",-0.185,110,50.0,69.0,ABCF3_chr3_+_184189087_184189277_184189087_184189144_184189254_184189277_110
3485,ENSG00000161204,ABCF3,chr3,+,184189254,184189443,184189254,184189277,184189387,184189443,3485,"2,0,4","56,49,45","10,29,17","60,47,40",259,149,3.41654704528e-10,2.970753743826701e-09,"0.02,0.0,0.049","0.087,0.262,0.196",-0.159,110,52.0,67.66666666666667,ABCF3_chr3_+_184189254_184189443_184189254_184189277_184189387_184189443_110
3487,ENSG00000161204,ABCF3,chr3,+,184192600,184192896,184192600,184192689,184192804,184192896,3487,"11,12,4","73,82,91","37,53,40","68,69,75",264,149,5.88418203051e-15,8.44158184144926e-14,"0.078,0.076,0.024","0.235,0.302,0.231",-0.197,115,91.0,114.0,ABCF3_chr3_+_184192600_184192896_184192600_184192689_184192804_184192896_115
3492,ENSG00000158411,MITD1,chr2,-,99169262,99169610,99169262,99169470,99169549,99169610,3492,"21,16,22","64,58,44","25,23,24","29,16,31",228,149,0.000137424258071,0.0005628248051422,"0.177,0.153,0.246","0.36,0.484,0.336",-0.201,79,75.0,49.33333333333333,MITD1_chr2_-_99169262_99169610_99169262_99169470_99169549_99169610_79
3518,ENSG00000163703,CRELD1,chr3,+,9943076,9944095,9943076,9943515,9943901,9944095,3518,"66,63,89","15,7,7","50,49,51","2,0,4",535,149,0.00265364264157,0.0084291509518307,"0.551,0.715,0.78","0.874,1.0,0.78",-0.203,386,82.33333333333334,52.0,CRELD1_chr3_+_9943076_9944095_9943076_9943515_9943901_9944095_386
3533,ENSG00000013441,CLK1,chr2,-,200856890,200857884,200856890,200856985,200857717,200857884,3533,"33,28,31","147,164,104","201,215,196","110,110,135",881,149,0.0,0.0,"0.037,0.028,0.048","0.236,0.248,0.197",-0.189,732,169.0,322.3333333333333,CLK1_chr2_-_200856890_200857884_200856890_200856985_200857717_200857884_732
3534,ENSG00000013441,CLK1,chr2,-,200859679,200861466,200859679,200859746,200861237,200861466,3534,"173,240,259","81,101,76","344,376,363","55,59,62",1640,149,1.84660953195e-10,1.6481712272530864e-09,"0.163,0.178,0.236","0.362,0.367,0.347",-0.166,1491,310.0,419.6666666666667,CLK1_chr2_-_200859679_200861466_200859679_200859746_200861237_200861466_1491
3548,ENSG00000168291,PDHB,chr3,-,58429707,58430238,58429707,58429941,58430127,58430238,3548,"16,9,11","0,1,2","12,11,17","6,11,11",335,149,8.75617699869e-06,4.34993736097011e-05,"1.0,0.8,0.71","0.471,0.308,0.407",0.441,186,13.0,22.666666666666668,PDHB_chr3_-_58429707_58430238_58429707_58429941_58430127_58430238_186
3565,ENSG00000240303,ACAD11,chr3,-,132578795,132579558,132578795,132579056,132579491,132579558,3565,"208,245,240","22,7,17","56,78,121","14,15,21",584,149,3.81156380468e-05,0.0001706117606476,"0.707,0.899,0.783","0.505,0.57,0.595",0.24,435,246.33333333333334,101.66666666666667,ACAD11_chr3_-_132578795_132579558_132578795_132579056_132579491_132579558_435
3581,ENSG00000163930,BAP1,chr3,-,52402778,52403298,52402778,52402940,52403137,52403298,3581,"15,25,18","23,24,23","85,85,109","24,17,20",346,149,1.13531406498e-12,1.3177815993672394e-11,"0.219,0.31,0.252","0.604,0.683,0.701",-0.402,197,42.666666666666664,113.33333333333333,BAP1_chr3_-_52402778_52403298_52402778_52402940_52403137_52403298_197
3608,ENSG00000165782,PIP4P1,chr14,-,20457857,20459296,20457857,20458702,20459205,20459296,3608,"32,30,40","89,94,101","121,120,104","65,80,66",652,149,0.0,0.0,"0.076,0.068,0.083","0.298,0.255,0.265",-0.197,503,128.66666666666669,185.33333333333331,PIP4P1_chr14_-_20457857_20459296_20457857_20458702_20459205_20459296_503
3623,ENSG00000010295,IFFO1,chr12,-,6548064,6548545,6548064,6548160,6548424,6548545,3623,"53,47,51","49,44,39","57,70,78","36,27,30",413,149,0.00155278062072,0.005201885214038,"0.281,0.278,0.321","0.364,0.483,0.484",-0.15,264,94.33333333333334,99.33333333333333,IFFO1_chr12_-_6548064_6548545_6548064_6548160_6548424_6548545_264
3629,ENSG00000165195,PIGA,chrX,-,15324664,15325152,15324664,15324871,15325019,15325152,3629,"6,12,9","25,19,34","12,28,15","9,20,20",297,149,0.00029715927599,0.0011467379552642,"0.107,0.241,0.117","0.401,0.413,0.273",-0.207,148,35.0,34.666666666666664,PIGA_chrX_-_15324664_15325152_15324664_15324871_15325019_15325152_148
3634,ENSG00000060971,ACAA1,chr3,-,38125825,38126700,38125825,38125881,38126161,38126700,3634,"13,7,23","94,68,66","68,82,73","83,59,79",429,149,1.11022302463e-16,1.817775755779406e-15,"0.046,0.035,0.108","0.222,0.326,0.243",-0.201,280,90.33333333333333,148.0,ACAA1_chr3_-_38125825_38126700_38125825_38125881_38126161_38126700_280
3636,ENSG00000060971,ACAA1,chr3,-,38126161,38126700,38126161,38126341,38126509,38126700,3636,"36,33,24","74,48,53","103,92,110","51,43,45",317,149,1.4432899320099999e-15,2.1713755427420223e-14,"0.186,0.244,0.175","0.487,0.501,0.535",-0.306,168,89.33333333333334,148.0,ACAA1_chr3_-_38126161_38126700_38126161_38126341_38126509_38126700_168
3641,ENSG00000114859,CLCN2,chr3,-,184354903,184355529,184354903,184354973,184355373,184355529,3641,"0,4,5","9,13,9","12,17,12","3,11,5",549,149,3.27233030351e-06,1.731160760423229e-05,"0.0,0.077,0.131","0.521,0.295,0.394",-0.334,400,13.333333333333334,20.0,CLCN2_chr3_-_184354903_184355529_184354903_184354973_184355373_184355529_400
3661,ENSG00000178149,DALRD3,chr3,-,49015818,49016086,49015818,49015872,49015972,49016086,3661,"14,43,29","57,43,36","48,35,43","26,34,17",249,149,0.00169171308736,0.005599034345805,"0.128,0.374,0.325","0.525,0.381,0.602",-0.227,100,74.0,67.66666666666667,DALRD3_chr3_-_49015818_49016086_49015818_49015872_49015972_49016086_100
3664,ENSG00000178149,DALRD3,chr3,-,49015972,49016340,49015972,49016086,49016157,49016340,3664,"13,23,26","45,45,50","40,40,25","22,25,23",220,149,6.37188760977e-07,3.7567798411497688e-06,"0.164,0.257,0.26","0.552,0.52,0.424",-0.272,71,67.33333333333333,58.33333333333333,DALRD3_chr3_-_49015972_49016340_49015972_49016086_49016157_49016340_71
3665,ENSG00000178149,DALRD3,chr3,-,49017227,49017513,49017227,49017356,49017433,49017513,3665,"18,22,17","83,103,89","30,34,26","54,42,53",226,149,7.69650485011e-07,4.470240914116356e-06,"0.125,0.123,0.112","0.268,0.348,0.244",-0.167,77,110.66666666666667,79.66666666666666,DALRD3_chr3_-_49017227_49017513_49017227_49017356_49017433_49017513_77
3684,ENSG00000187514,PTMA,chr2,+,231711347,231711983,231711347,231711419,231711886,231711983,3684,"175,204,216","1237,1195,1154","1036,1085,1116","693,695,734",616,149,0.0,0.0,"0.033,0.04,0.043","0.266,0.274,0.269",-0.231,467,1393.6666666666665,1786.3333333333335,PTMA_chr2_+_231711347_231711983_231711347_231711419_231711886_231711983_467
3692,ENSG00000169727,GPS1,chr17,+,82056285,82056550,82056285,82056391,82056469,82056550,3692,"74,86,65","352,288,294","126,107,113","166,194,188",227,149,7.827072323609999e-14,1.020270569845613e-12,"0.121,0.164,0.127","0.333,0.266,0.283",-0.157,78,386.3333333333333,298.0,GPS1_chr17_+_82056285_82056550_82056285_82056391_82056469_82056550_78
3698,ENSG00000171224,FAM241B,chr10,+,69631479,69631839,69631479,69631547,69631708,69631839,3698,"6,15,10","105,125,131","49,59,48","98,91,87",310,149,0.0,0.0,"0.027,0.055,0.035","0.194,0.238,0.21",-0.175,161,130.66666666666666,144.0,FAM241B_chr10_+_69631479_69631839_69631479_69631547_69631708_69631839_161
3700,ENSG00000111445,RFC5,chr12,+,118017689,118018053,118017689,118017815,118017994,118018053,3700,"30,37,42","10,8,1","41,32,49","1,0,1",328,149,3.43354363708e-06,1.8112797408408508e-05,"0.577,0.678,0.95","0.949,1.0,0.957",-0.234,179,42.66666666666667,41.33333333333333,RFC5_chr12_+_118017689_118018053_118017689_118017815_118017994_118018053_179
3704,ENSG00000007923,DNAJC11,chr1,-,6637446,6638364,6637446,6637504,6638082,6638364,3704,"26,34,29","2,0,0","43,30,60","10,3,4",727,149,6.3819232027e-05,0.0002760042238742,"0.727,1.0,1.0","0.468,0.672,0.755",0.277,578,30.333333333333336,50.0,DNAJC11_chr1_-_6637446_6638364_6637446_6637504_6638082_6638364_578
3724,ENSG00000111642,CHD4,chr12,-,6578028,6578546,6578028,6578117,6578408,6578546,3724,"109,84,78","4,4,2","83,70,87","15,12,11",440,149,5.15596296835e-06,2.655678981684163e-05,"0.902,0.877,0.93","0.652,0.664,0.728",0.222,291,93.66666666666666,92.66666666666667,CHD4_chr12_-_6578028_6578546_6578028_6578117_6578408_6578546_291
3744,ENSG00000133275,CSNK1G2,chr19,+,1978858,1979248,1978858,1979093,1979162,1979248,3744,"36,42,44","250,238,254","85,90,94","134,135,171",218,149,0.0,0.0,"0.09,0.108,0.106","0.302,0.313,0.273",-0.195,69,288.0,236.33333333333331,CSNK1G2_chr19_+_1978858_1979248_1978858_1979093_1979162_1979248_69
3749,ENSG00000054967,RELT,chr11,+,73394235,73394734,73394235,73394317,73394476,73394734,3749,"5,1,4","52,41,52","21,15,13","34,26,40",308,149,1.17047460613e-09,9.561024398310804e-09,"0.044,0.012,0.036","0.23,0.218,0.136",-0.164,159,51.66666666666667,49.66666666666667,RELT_chr11_+_73394235_73394734_73394235_73394317_73394476_73394734_159
3781,ENSG00000092098,RNF31,chr14,+,24150597,24151379,24150597,24150888,24151130,24151379,3781,"9,7,4","43,32,32","33,43,37","36,22,31",391,149,1.2366663249e-11,1.2792683586866523e-10,"0.074,0.077,0.045","0.259,0.427,0.313",-0.268,242,42.33333333333333,67.33333333333333,RNF31_chr14_+_24150597_24151379_24150597_24150888_24151130_24151379_242
3785,ENSG00000092098,RNF31,chr14,+,24157519,24158011,24157519,24157638,24157897,24158011,3785,"8,13,1","24,22,35","28,57,43","29,18,37",408,149,9.0059358393e-07,5.1861045124292005e-06,"0.109,0.177,0.01","0.261,0.536,0.298",-0.266,259,34.333333333333336,70.66666666666666,RNF31_chr14_+_24157519_24158011_24157519_24157638_24157897_24158011_259
3787,ENSG00000092098,RNF31,chr14,+,24157519,24158199,24157519,24158011,24158141,24158199,3787,"8,9,13","31,23,28","38,27,30","27,14,27",279,149,7.93631119822e-07,4.598720324781073e-06,"0.121,0.173,0.199","0.429,0.507,0.372",-0.272,130,37.33333333333333,54.333333333333336,RNF31_chr14_+_24157519_24158199_24157519_24158011_24158141_24158199_130
3794,ENSG00000112473,SLC39A7,chr6,+,33200825,33201656,33200825,33200938,33201241,33201656,3794,"839,867,835","323,351,340","652,742,672","97,125,144",452,149,4.8738790781e-14,6.443772036054848e-13,"0.461,0.449,0.447","0.689,0.662,0.606",-0.2,303,1185.0,810.6666666666666,SLC39A7_chr6_+_33200825_33201656_33200825_33200938_33201241_33201656_303
3795,ENSG00000112473,SLC39A7,chr6,+,33201241,33201913,33201241,33201656,33201744,33201913,3795,"7,3,6","226,222,220","34,51,35","90,125,128",237,149,0.0,0.0,"0.019,0.008,0.017","0.192,0.204,0.147",-0.166,88,228.0,154.33333333333331,SLC39A7_chr6_+_33201241_33201913_33201241_33201656_33201744_33201913_88
3801,ENSG00000112473,SLC39A7,chr6,+,33202559,33203106,33202559,33202700,33202909,33203106,3801,"28,20,23","585,621,588","176,216,163","293,280,329",358,149,0.0,0.0,"0.02,0.013,0.016","0.2,0.243,0.171",-0.188,209,621.6666666666666,485.6666666666667,SLC39A7_chr6_+_33202559_33203106_33202559_33202700_33202909_33203106_209
3802,ENSG00000112473,SLC39A7,chr6,+,33202909,33204417,33202909,33203106,33203540,33204417,3802,"44,51,48","442,470,395","234,237,248","201,228,215",583,149,0.0,0.0,"0.025,0.027,0.03","0.229,0.21,0.228",-0.195,434,483.33333333333337,454.3333333333333,SLC39A7_chr6_+_33202909_33204417_33202909_33203106_33203540_33204417_434
3803,ENSG00000143862,ARL8A,chr1,-,202135458,202135800,202135458,202135526,202135706,202135800,3803,"18,16,19","125,102,113","48,49,58","58,104,84",329,149,2.98316926717e-13,3.6511825832673076e-12,"0.061,0.066,0.071","0.273,0.176,0.238",-0.163,180,131.0,133.66666666666666,ARL8A_chr1_-_202135458_202135800_202135458_202135526_202135706_202135800_180
3825,ENSG00000138757,G3BP2,chr4,-,75653982,75655246,75653982,75654081,75655065,75655246,3825,"5,2,4","5,7,11","20,15,20","9,7,6",1133,149,2.26092528346e-05,0.0001054671875938,"0.116,0.036,0.046","0.226,0.22,0.305",-0.184,984,11.333333333333334,25.666666666666664,G3BP2_chr4_-_75653982_75655246_75653982_75654081_75655065_75655246_984
3826,ENSG00000131876,SNRPA1,chr15,-,101285725,101287010,101285725,101285801,101286907,101287010,3826,"537,617,551","31,24,24","466,509,575","112,100,103",1255,149,0.0,0.0,"0.673,0.753,0.732","0.331,0.377,0.399",0.35,1106,594.6666666666667,621.6666666666666,SNRPA1_chr15_-_101285725_101287010_101285725_101285801_101286907_101287010_1106
3840,ENSG00000038274,MAT2B,chr5,+,163512001,163513994,163512001,163512196,163513841,163513994,3840,"3,20,18","0,0,0","43,49,56","9,3,4",1794,149,1.09817732685e-09,8.990266261861424e-09,"1.0,1.0,1.0","0.284,0.576,0.538",0.534,1645,13.666666666666666,54.66666666666667,MAT2B_chr5_+_163512001_163513994_163512001_163512196_163513841_163513994_1645
3843,ENSG00000136878,USP20,chr9,+,129880112,129881828,129880112,129880289,129880466,129881828,3843,"14,8,18","34,29,26","29,20,26","18,16,20",326,149,3.40557826931e-05,0.0001535512098691,"0.158,0.112,0.24","0.424,0.364,0.373",-0.217,177,43.0,43.0,USP20_chr9_+_129880112_129881828_129880112_129880289_129880466_129881828_177
3878,ENSG00000168389,MFSD2A,chr1,+,39967627,39967916,39967627,39967711,39967803,39967916,3878,"1,3,1","20,10,17","11,14,17","12,11,11",241,149,4.46291270606e-09,3.401996252913363e-08,"0.03,0.156,0.035","0.362,0.44,0.489",-0.357,92,17.333333333333332,25.333333333333336,MFSD2A_chr1_+_39967627_39967916_39967627_39967711_39967803_39967916_92
3915,ENSG00000213672,NCKIPSD,chr3,-,48678876,48679183,48678876,48678969,48679054,48679183,3915,"12,22,13","90,67,62","31,29,43","49,66,31",234,149,1.76234436811e-05,8.368315094924372e-05,"0.078,0.173,0.118","0.287,0.219,0.469",-0.202,85,88.66666666666667,83.0,NCKIPSD_chr3_-_48678876_48679183_48678876_48678969_48679054_48679183_85
3941,ENSG00000197989,SNHG12,chr1,-,28580559,28581229,28580559,28580646,28581093,28581229,3941,"59,72,66","22,15,25","157,157,199","17,15,22",596,149,6.61531672019e-06,3.349201645982883e-05,"0.401,0.545,0.398","0.698,0.724,0.693",-0.257,447,86.33333333333334,189.0,SNHG12_chr1_-_28580559_28581229_28580559_28580646_28581093_28581229_447
3948,ENSG00000158941,CCAR2,chr8,+,22619149,22620468,22619149,22619355,22619637,22620468,3948,"20,21,12","133,114,137","71,80,64","96,105,84",431,149,0.0,0.0,"0.049,0.06,0.029","0.204,0.208,0.208",-0.161,282,145.66666666666666,166.66666666666669,CCAR2_chr8_+_22619149_22620468_22619149_22619355_22619637_22620468_282
4006,ENSG00000123136,DDX39A,chr19,-,14409302,14409645,14409302,14409447,14409535,14409645,4006,"47,45,50","308,260,254","274,310,296","279,261,247",237,149,0.0,0.0,"0.088,0.098,0.11","0.382,0.427,0.43",-0.314,88,321.3333333333333,555.6666666666666,DDX39A_chr19_-_14409302_14409645_14409302_14409447_14409535_14409645_88
4007,ENSG00000123136,DDX39A,chr19,-,14409741,14410334,14409741,14409873,14410215,14410334,4007,"199,223,234","294,226,285","654,608,577","289,246,253",491,149,0.0,0.0,"0.17,0.23,0.199","0.407,0.429,0.409",-0.215,342,487.0,875.6666666666667,DDX39A_chr19_-_14409741_14410334_14409741_14409873_14410215_14410334_342
4009,ENSG00000123136,DDX39A,chr19,-,14412550,14413224,14412550,14412678,14413012,14413224,4009,"49,59,41","275,305,317","375,349,367","347,338,346",483,149,0.0,0.0,"0.052,0.056,0.038","0.25,0.242,0.247",-0.198,334,348.6666666666667,707.3333333333334,DDX39A_chr19_-_14412550_14413224_14412550_14412678_14413012_14413224_334
4018,ENSG00000110172,CHORDC1,chr11,-,90210535,90214175,90210535,90210594,90214017,90214175,4018,"12,30,32","0,0,0","116,167,165","4,5,6",3572,149,1.16662842387e-07,7.45938191365844e-07,"1.0,1.0,1.0","0.547,0.582,0.534",0.446,3423,24.666666666666668,154.33333333333334,CHORDC1_chr11_-_90210535_90214175_90210535_90210594_90214017_90214175_3423
4046,ENSG00000213024,NUP62,chr19,-,49927693,49929504,49927693,49927848,49929325,49929504,4046,"55,40,40","46,22,38","81,86,86","36,15,20",1626,149,6.55115673365e-06,3.321252870367878e-05,"0.099,0.143,0.088","0.171,0.344,0.283",-0.156,1477,80.33333333333334,108.0,NUP62_chr19_-_49927693_49929504_49927693_49927848_49929325_49929504_1477
4125,ENSG00000117266,CDK18,chr1,+,205523146,205523625,205523146,205523297,205523482,205523625,4125,"4,7,10","35,38,30","6,11,9","11,13,7",334,149,0.000252824024883,0.0009900716961759,"0.049,0.076,0.129","0.196,0.274,0.365",-0.194,185,41.333333333333336,19.0,CDK18_chr1_+_205523146_205523625_205523146_205523297_205523482_205523625_185
4131,ENSG00000159348,CYB5R1,chr1,-,202965886,202966600,202965886,202965993,202966527,202966600,4131,"26,42,22","136,106,129","93,130,98","83,66,88",683,149,0.0,0.0,"0.04,0.08,0.036","0.196,0.301,0.195",-0.179,534,153.66666666666669,186.0,CYB5R1_chr1_-_202965886_202966600_202965886_202965993_202966527_202966600_534
4141,ENSG00000103168,TAF1C,chr16,-,84180169,84181186,84180169,84180344,84181042,84181186,4141,"134,162,167","55,45,43","367,437,356","52,33,31",847,149,5.70703651004e-09,4.3075228202017265e-08,"0.3,0.388,0.406","0.554,0.7,0.669",-0.276,698,202.0,425.33333333333337,TAF1C_chr16_-_84180169_84181186_84180169_84180344_84181042_84181186_698
4142,ENSG00000103168,TAF1C,chr16,-,84181327,84181663,84181327,84181463,84181591,84181663,4142,"77,75,56","38,29,18","175,183,106","29,25,15",277,149,9.58806746221e-07,5.499976517185736e-06,"0.522,0.582,0.626","0.764,0.797,0.792",-0.208,128,97.66666666666666,177.66666666666666,TAF1C_chr16_-_84181327_84181663_84181327_84181463_84181591_84181663_128
4143,ENSG00000103168,TAF1C,chr16,-,84181745,84182058,84181745,84181863,84181941,84182058,4143,"29,47,33","21,19,17","76,100,66","9,12,18",227,149,2.4591770819e-05,0.0001139982276028,"0.475,0.619,0.56","0.847,0.845,0.706",-0.248,78,55.333333333333336,93.66666666666667,TAF1C_chr16_-_84181745_84182058_84181745_84181863_84181941_84182058_78
4144,ENSG00000103168,TAF1C,chr16,-,84183075,84183328,84183075,84183149,84183243,84183328,4144,"0,4,2","32,47,70","16,27,18","47,65,54",243,149,2.86255463777e-11,2.823346775045224e-10,"0.0,0.05,0.017","0.173,0.203,0.17",-0.16,94,51.666666666666664,75.66666666666667,TAF1C_chr16_-_84183075_84183328_84183075_84183149_84183243_84183328_94
4179,ENSG00000155363,MOV10,chr1,+,112698286,112699810,112698286,112698789,112699457,112699810,4179,"144,134,157","16,21,24","106,121,110","1,4,2",817,149,2.95939506234e-09,2.3080791984622272e-08,"0.621,0.538,0.544","0.951,0.847,0.909",-0.335,668,165.33333333333334,114.66666666666666,MOV10_chr1_+_112698286_112699810_112698286_112698789_112699457_112699810_668
4188,ENSG00000265241,RBM8A,chr1,-,145926808,145927077,145926808,145926883,145927017,145927077,4188,"87,98,88","249,178,229","364,331,288","216,198,192",283,149,0.0,0.0,"0.155,0.225,0.168","0.47,0.468,0.441",-0.277,134,309.66666666666663,529.6666666666667,RBM8A_chr1_-_145926808_145927077_145926808_145926883_145927017_145927077_134
4192,ENSG00000141577,CEP131,chr17,-,81189596,81189975,81189596,81189843,81189914,81189975,4192,"8,6,9","54,51,56","30,19,19","34,24,53",220,149,4.36511506163e-07,2.621543191263944e-06,"0.091,0.074,0.098","0.374,0.349,0.195",-0.218,71,61.33333333333333,59.66666666666667,CEP131_chr17_-_81189596_81189975_81189596_81189843_81189914_81189975_71
4201,ENSG00000154222,CC2D1B,chr1,-,52355397,52355666,52355397,52355449,52355607,52355666,4201,"2,0,2","29,21,22","16,15,29","29,36,32",307,149,3.27944116307e-10,2.8548844021702102e-09,"0.032,0.0,0.042","0.211,0.168,0.305",-0.203,158,25.333333333333332,52.333333333333336,CC2D1B_chr1_-_52355397_52355666_52355397_52355449_52355607_52355666_158
4202,ENSG00000154222,CC2D1B,chr1,-,52357780,52358461,52357780,52357898,52358330,52358461,4202,"15,10,13","29,15,21","29,28,35","19,6,15",581,149,2.49697165005e-05,0.000115605734884,"0.117,0.146,0.137","0.281,0.545,0.374",-0.267,432,34.333333333333336,44.0,CC2D1B_chr1_-_52357780_52358461_52357780_52357898_52358330_52358461_432
4218,ENSG00000095906,NUBP2,chr16,+,1786536,1786955,1786536,1786655,1786737,1786955,4218,"40,48,44","6,15,12","33,42,55","1,2,4",231,149,2.81379119467e-05,0.0001291453545226,"0.811,0.674,0.703","0.955,0.931,0.899",-0.199,82,55.0,45.66666666666667,NUBP2_chr16_+_1786536_1786955_1786536_1786655_1786737_1786955_82
4249,ENSG00000110619,CARS1,chr11,-,3001969,3002600,3001969,3002053,3002540,3002600,4249,"76,93,67","306,251,245","281,202,226","208,188,199",636,149,0.0,0.0,"0.055,0.08,0.06","0.24,0.201,0.21",-0.152,487,346.0,434.6666666666667,CARS1_chr11_-_3001969_3002600_3001969_3002053_3002540_3002600_487
4266,ENSG00000111653,ING4,chr12,-,6652661,6653050,6652661,6652767,6652944,6653050,4266,"14,21,14","18,19,22","19,16,23","7,8,12",326,149,0.00208797386305,0.0067685761111196,"0.262,0.336,0.225","0.554,0.478,0.467",-0.225,177,36.0,28.333333333333332,ING4_chr12_-_6652661_6653050_6652661_6652767_6652944_6653050_177
4268,ENSG00000113597,TRAPPC13,chr5,+,65660698,65664384,65660698,65660897,65664233,65664384,4268,"39,45,44","1,0,1","80,118,115","3,6,5",3485,149,0.00114199841508,0.0039414621892267,"0.625,1.0,0.653","0.533,0.457,0.496",0.264,3336,43.33333333333333,109.0,TRAPPC13_chr5_+_65660698_65664384_65660698_65660897_65664233_65664384_3336
4270,ENSG00000145916,RMND5B,chr5,+,178142582,178142992,178142582,178142728,178142851,178142992,4270,"7,4,7","91,85,72","36,40,43","47,59,47",272,149,0.0,0.0,"0.04,0.025,0.051","0.296,0.271,0.334",-0.262,123,88.66666666666667,90.66666666666666,RMND5B_chr5_+_178142582_178142992_178142582_178142728_178142851_178142992_123
4271,ENSG00000145916,RMND5B,chr5,+,178143626,178144108,178143626,178143727,178143941,178144108,4271,"24,22,17","80,69,85","45,66,36","42,46,45",363,149,1.82210913025e-11,1.8437358006908936e-10,"0.11,0.116,0.076","0.305,0.371,0.247",-0.207,214,99.0,93.33333333333334,RMND5B_chr5_+_178143626_178144108_178143626_178143727_178143941_178144108_214
4284,ENSG00000042429,MED17,chr11,+,93793727,93794035,93793727,93793864,93793950,93794035,4284,"7,16,6","33,31,37","31,28,30","25,35,35",235,149,1.70346130991e-05,8.104280010008e-05,"0.119,0.247,0.093","0.44,0.337,0.352",-0.223,86,43.33333333333333,61.333333333333336,MED17_chr11_+_93793727_93794035_93793727_93793864_93793950_93794035_86
4290,ENSG00000160688,FLAD1,chr1,+,154990158,154990528,154990158,154990257,154990338,154990528,4290,"31,22,36","87,59,56","50,84,61","49,48,65",230,149,6.99149510897e-06,3.5156555405579994e-05,"0.188,0.195,0.294","0.398,0.531,0.378",-0.21,81,97.0,119.0,FLAD1_chr1_+_154990158_154990528_154990158_154990257_154990338_154990528_81
4339,ENSG00000143494,VASH2,chr1,+,212951338,212951818,212951338,212951392,212951588,212951818,4339,"17,18,23","8,3,4","16,19,19","0,0,2",345,149,2.14804569845e-05,0.0001005176968164,"0.479,0.722,0.713","1.0,1.0,0.804",-0.297,196,24.333333333333332,18.666666666666668,VASH2_chr1_+_212951338_212951818_212951338_212951392_212951588_212951818_196
4368,ENSG00000197530,MIB2,chr1,+,1625545,1626754,1625545,1625653,1626649,1626754,4368,"70,103,101","46,36,30","117,117,141","12,13,13",1145,149,7.3785877408e-10,6.162948792062342e-09,"0.165,0.271,0.305","0.559,0.539,0.585",-0.314,996,128.66666666666666,137.66666666666666,MIB2_chr1_+_1625545_1626754_1625545_1625653_1626649_1626754_996
4369,ENSG00000197530,MIB2,chr1,+,1626836,1627207,1626836,1626999,1627073,1627207,4369,"3,1,3","72,40,59","17,14,16","30,36,38",223,149,1.3887779815e-12,1.594514905384752e-11,"0.027,0.016,0.033","0.275,0.206,0.22",-0.208,74,59.333333333333336,50.33333333333333,MIB2_chr1_+_1626836_1627207_1626836_1626999_1627073_1627207_74
4377,ENSG00000065989,PDE4A,chr19,+,10461525,10461999,10461525,10461680,10461876,10461999,4377,"2,1,3","11,13,15","16,14,10","16,16,12",345,149,4.40376717903e-06,2.2937318235158363e-05,"0.073,0.032,0.08","0.302,0.274,0.265",-0.219,196,15.0,28.0,PDE4A_chr19_+_10461525_10461999_10461525_10461680_10461876_10461999_196
4382,ENSG00000291113,,chr5,+,177882651,177884272,177882651,177882752,177883666,177884272,4382,"27,39,29","18,16,14","95,94,95","6,20,11",1063,149,1.60054490885e-05,7.64899586916266e-05,"0.174,0.255,0.225","0.689,0.397,0.548",-0.327,914,47.66666666666667,107.0,nan_chr5_+_177882651_177884272_177882651_177882752_177883666_177884272_914
4386,ENSG00000091483,FH,chr1,-,241500436,241504245,241500436,241500590,241504041,241504245,4386,"38,26,20","0,0,0","159,134,147","4,6,3",3600,149,1.0850276233e-08,7.967970180213963e-08,"1.0,1.0,1.0","0.622,0.48,0.67",0.409,3451,28.0,151.0,FH_chr1_-_241500436_241504245_241500436_241500590_241504041_241504245_3451
4394,ENSG00000100258,LMF2,chr22,-,50504339,50504727,50504339,50504451,50504558,50504727,4394,"28,26,29","142,113,86","40,44,44","65,52,59",256,149,3.47779705034e-09,2.6869604919137277e-08,"0.103,0.118,0.164","0.264,0.33,0.303",-0.171,107,141.33333333333334,101.33333333333333,LMF2_chr22_-_50504339_50504727_50504339_50504451_50504558_50504727_107
4408,ENSG00000126107,HECTD3,chr1,-,45005793,45006116,45005793,45005883,45005996,45006116,4408,"7,2,12","53,40,54","26,28,16","28,27,38",262,149,2.39961445159e-08,1.675753386292937e-07,"0.07,0.028,0.112","0.346,0.371,0.193",-0.233,113,56.0,54.33333333333333,HECTD3_chr1_-_45005793_45006116_45005793_45005883_45005996_45006116_113
4426,ENSG00000087085,ACHE,chr7,-,100892333,100894252,100892333,100892554,100893164,100894252,4426,"20,28,16","4,3,0","44,49,46","2,0,0",759,149,0.000334606078385,0.0012779471078174,"0.495,0.647,1.0","0.812,1.0,1.0",-0.223,610,23.666666666666664,47.0,ACHE_chr7_-_100892333_100894252_100892333_100892554_100893164_100894252_610
4454,ENSG00000138750,NUP54,chr4,-,76130655,76132719,76130655,76130749,76132522,76132719,4454,"57,67,50","6,2,0","30,24,45","13,21,10",1922,149,1.38575871729e-05,6.678474597881696e-05,"0.424,0.722,1.0","0.152,0.081,0.259",0.551,1773,60.666666666666664,47.666666666666664,NUP54_chr4_-_76130655_76132719_76130655_76130749_76132522_76132719_1773
4472,ENSG00000171824,EXOSC10,chr1,-,11076841,11077651,11076841,11076948,11077600,11077651,4472,"338,377,373","8,4,3","216,252,293","16,17,27",801,149,3.55063756174e-11,3.4515175354424086e-10,"0.887,0.946,0.959","0.715,0.734,0.669",0.225,652,367.6666666666667,273.66666666666663,EXOSC10_chr1_-_11076841_11077651_11076841_11076948_11077600_11077651_652
4480,ENSG00000111011,RSRC2,chr12,-,122518838,122521428,122518838,122519051,122521384,122521428,4480,"233,298,286","3,6,4","480,479,493","24,19,17",2482,149,0.000582569266697,0.0021222574907129,"0.823,0.749,0.811","0.546,0.602,0.635",0.2,2333,276.66666666666663,504.0,RSRC2_chr12_-_122518838_122521428_122518838_122519051_122521384_122521428_2333
4487,ENSG00000171163,ZNF692,chr1,-,248855557,248855946,248855557,248855635,248855724,248855946,4487,"76,79,67","56,44,47","97,73,83","26,25,26",238,149,2.1054335399e-05,9.864814002172017e-05,"0.459,0.529,0.472","0.7,0.646,0.667",-0.184,89,123.0,110.0,ZNF692_chr1_-_248855557_248855946_248855557_248855635_248855724_248855946_89
4527,ENSG00000165801,ARHGEF40,chr14,+,21088829,21089545,21088829,21088876,21089013,21089545,4527,"6,1,4","28,25,16","8,5,7","10,14,11",286,149,0.00233667473055,0.00750264782532,"0.1,0.02,0.115","0.294,0.157,0.249",-0.155,137,26.666666666666668,18.333333333333332,ARHGEF40_chr14_+_21088829_21089545_21088829_21088876_21089013_21089545_137
4530,ENSG00000134574,DDB2,chr11,+,47234756,47235412,47234756,47234934,47235269,47235412,4530,"34,39,28","65,72,48","73,58,58","24,23,31",484,149,4.0667469392e-13,4.896600981825714e-12,"0.139,0.143,0.152","0.484,0.437,0.365",-0.284,335,95.33333333333333,89.0,DDB2_chr11_+_47234756_47235412_47234756_47234934_47235269_47235412_335
4553,ENSG00000143303,METTL25B,chr1,+,156731990,156732473,156731990,156732115,156732280,156732473,4553,"77,63,83","101,117,109","97,83,95","53,45,43",314,149,1.33237865185e-11,1.3706314092609502e-10,"0.266,0.204,0.265","0.465,0.467,0.512",-0.236,165,183.33333333333331,138.66666666666669,METTL25B_chr1_+_156731990_156732473_156731990_156732115_156732280_156732473_165
4574,ENSG00000010292,NCAPD2,chr12,+,6514264,6514587,6514264,6514392,6514463,6514587,4574,"7,10,6","226,213,207","28,26,43","106,103,100",220,149,0.0,0.0,"0.021,0.031,0.019","0.152,0.146,0.226",-0.151,71,223.0,135.33333333333334,NCAPD2_chr12_+_6514264_6514587_6514264_6514392_6514463_6514587_71
4598,ENSG00000167962,ZNF598,chr16,-,1999495,2000481,1999495,2000256,2000390,2000481,4598,"15,15,14","93,96,116","59,75,55","76,62,65",283,149,0.0,0.0,"0.078,0.076,0.06","0.29,0.389,0.308",-0.258,134,116.33333333333334,130.66666666666669,ZNF598_chr16_-_1999495_2000481_1999495_2000256_2000390_2000481_134
4599,ENSG00000167962,ZNF598,chr16,-,1999495,2000481,1999495,2000256,2000408,2000481,4599,"24,31,21","66,54,69","67,89,63","41,34,44",301,149,2.9585223160200004e-12,3.314706951347484e-11,"0.153,0.221,0.131","0.447,0.564,0.415",-0.307,152,88.33333333333333,112.66666666666666,ZNF598_chr16_-_1999495_2000481_1999495_2000256_2000408_2000481_152
4600,ENSG00000167962,ZNF598,chr16,-,2002205,2002732,2002205,2002423,2002520,2002732,4600,"21,11,14","179,146,165","54,70,46","84,84,105",246,149,0.0,0.0,"0.066,0.044,0.049","0.28,0.335,0.21",-0.222,97,178.66666666666669,147.66666666666666,ZNF598_chr16_-_2002205_2002732_2002205_2002423_2002520_2002732_97
4623,ENSG00000005448,WDR54,chr2,+,74423318,74423982,74423318,74423385,74423854,74423982,4623,"25,49,41","8,6,15","50,51,76","2,2,4",618,149,2.82849647446e-05,0.0001297400021711,"0.43,0.663,0.397","0.858,0.86,0.821",-0.35,469,48.0,61.666666666666664,WDR54_chr2_+_74423318_74423982_74423318_74423385_74423854_74423982_469
4643,ENSG00000112039,FANCE,chr6,+,35457555,35458440,35457555,35457600,35458296,35458440,4643,"39,47,38","17,21,9","92,100,86","12,10,18",845,149,0.00107752631205,0.003727617843505,"0.288,0.283,0.427","0.575,0.638,0.457",-0.224,696,57.0,106.0,FANCE_chr6_+_35457555_35458440_35457555_35457600_35458296_35458440_696
4662,ENSG00000158793,NIT1,chr1,+,161119133,161119612,161119133,161119388,161119508,161119612,4662,"21,15,28","149,140,146","49,67,64","85,74,107",269,149,0.0,0.0,"0.072,0.056,0.096","0.242,0.334,0.249",-0.2,120,166.33333333333334,148.66666666666669,NIT1_chr1_+_161119133_161119612_161119133_161119388_161119508_161119612_120
4675,ENSG00000135506,OS9,chr12,+,57715759,57716193,57715759,57715970,57716088,57716193,4675,"6,3,5","56,48,49","19,22,33","44,43,40",267,149,1.61734292625e-10,1.4611245412906515e-09,"0.056,0.034,0.054","0.194,0.222,0.315",-0.196,118,55.666666666666664,67.0,OS9_chr12_+_57715759_57716193_57715759_57715970_57716088_57716193_118
4678,ENSG00000135506,OS9,chr12,+,57716091,57716512,57716091,57716193,57716381,57716512,4678,"10,18,16","2,3,2","46,38,40","0,2,0",337,149,0.00022147554901,0.000874698693827,"0.689,0.726,0.78","1.0,0.894,1.0",-0.233,188,17.0,42.0,OS9_chr12_+_57716091_57716512_57716091_57716193_57716381_57716512_188
4712,ENSG00000291006,,chr6,+,52666388,52669155,52666388,52666518,52666748,52669155,4712,"22,27,18","20,28,21","25,26,23","10,11,2",379,149,0.0013446428532,0.0045519014341325,"0.302,0.275,0.252","0.496,0.482,0.819",-0.323,230,45.33333333333333,32.333333333333336,nan_chr6_+_52666388_52669155_52666388_52666518_52666748_52669155_230
4741,ENSG00000070761,CFAP20,chr16,-,58114809,58115457,58114809,58114920,58115268,58115457,4741,"21,36,38","188,173,197","193,194,212","223,207,203",497,149,0.0,0.0,"0.032,0.059,0.055","0.206,0.219,0.238",-0.172,348,217.66666666666666,410.66666666666663,CFAP20_chr16_-_58114809_58115457_58114809_58114920_58115268_58115457_348
4756,ENSG00000154832,CXXC1,chr18,-,50285748,50286257,50285748,50285928,50286021,50286257,4756,"5,10,10","80,67,74","28,35,47","56,65,61",242,149,8.38995539709e-13,9.846249870287426e-12,"0.037,0.084,0.077","0.235,0.249,0.322",-0.203,93,82.0,97.33333333333333,CXXC1_chr18_-_50285748_50286257_50285748_50285928_50286021_50286257_93
4783,ENSG00000147274,RBMX,chrX,-,136872267,136875168,136872267,136872345,136875085,136875168,4783,"5800,5380,5460","87,109,97","3804,3758,3926","142,138,158",2889,149,3.6654013158e-12,4.057653964072926e-11,"0.775,0.718,0.744","0.58,0.584,0.562",0.17,2740,5644.333333333334,3975.3333333333335,RBMX_chrX_-_136872267_136875168_136872267_136872345_136875085_136875168_2740
4818,ENSG00000104872,PIH1D1,chr19,-,49447826,49448010,49447826,49447908,49448000,49448010,4818,"38,33,35","180,180,168","113,150,159","158,137,148",241,149,0.0,0.0,"0.115,0.102,0.114","0.307,0.404,0.399",-0.26,92,211.33333333333334,288.3333333333333,PIH1D1_chr19_-_49447826_49448010_49447826_49447908_49448000_49448010_92
4833,ENSG00000185963,BICD2,chr9,-,92711362,92715463,92711362,92713461,92715252,92715463,4833,"154,233,214","37,29,35","338,410,324","19,19,27",1940,149,3.30704558038e-06,1.747033979321828e-05,"0.242,0.382,0.32","0.577,0.624,0.48",-0.246,1791,234.0,379.0,BICD2_chr9_-_92711362_92715463_92711362_92713461_92715252_92715463_1791
4836,ENSG00000179632,MAF1,chr8,+,144106342,144106674,144106342,144106464,144106554,144106674,4836,"95,67,63","464,415,459","204,159,154","253,248,261",239,149,0.0,0.0,"0.113,0.091,0.079","0.335,0.286,0.269",-0.202,90,521.0,426.33333333333337,MAF1_chr8_+_144106342_144106674_144106342_144106464_144106554_144106674_90
4882,ENSG00000075151,EIF4G3,chr1,-,21176174,21176836,21176174,21176358,21176721,21176836,4882,"48,35,62","110,110,103","41,60,72","38,28,56",512,149,6.67821364875e-09,5.0083226120099854e-08,"0.113,0.085,0.149","0.239,0.384,0.272",-0.183,363,156.0,98.33333333333333,EIF4G3_chr1_-_21176174_21176836_21176174_21176358_21176721_21176836_363
4884,ENSG00000166484,MAPK7,chr17,+,19380607,19382466,19380607,19381686,19381780,19382466,4884,"8,5,10","29,18,20","46,36,25","16,13,12",243,149,3.99535959872e-12,4.403206856419947e-11,"0.145,0.146,0.235","0.638,0.629,0.561",-0.434,94,30.0,49.33333333333333,MAPK7_chr17_+_19380607_19382466_19380607_19381686_19381780_19382466_94
4924,ENSG00000130713,EXOSC2,chr9,+,130699328,130702310,130699328,130699394,130701097,130702310,4924,"360,457,336","4,1,3","284,360,363","8,7,10",1852,149,0.000308449456163,0.0011853728582181,"0.879,0.974,0.9","0.741,0.805,0.745",0.154,1703,387.0,344.0,EXOSC2_chr9_+_130699328_130702310_130699328_130699394_130701097_130702310_1703
4945,ENSG00000227057,WDR46,chr6,-,33279107,33279610,33279107,33279374,33279496,33279610,4945,"15,22,26","153,136,158","155,159,133","103,113,133",271,149,0.0,0.0,"0.051,0.082,0.083","0.453,0.436,0.355",-0.343,122,170.0,265.3333333333333,WDR46_chr6_-_33279107_33279610_33279107_33279374_33279496_33279610_122
4952,ENSG00000143575,HAX1,chr1,+,154273335,154273961,154273335,154273598,154273749,154273961,4952,"39,31,31","8,13,3","73,81,83","1,1,2",300,149,1.83005652854e-08,1.295184090856983e-07,"0.708,0.542,0.837","0.973,0.976,0.954",-0.272,151,41.666666666666664,80.33333333333333,HAX1_chr1_+_154273335_154273961_154273335_154273598_154273749_154273961_151
4968,ENSG00000116691,MIIP,chr1,+,12029222,12029894,12029222,12029281,12029764,12029894,4968,"72,103,76","59,45,48","132,119,114","31,33,37",632,149,2.52527037211e-05,0.0001167701393387,"0.223,0.35,0.272","0.501,0.46,0.421",-0.179,483,134.33333333333334,155.33333333333334,MIIP_chr1_+_12029222_12029894_12029222_12029281_12029764_12029894_483
4987,ENSG00000165359,INTS6L,chrX,+,135569336,135573033,135569336,135569431,135572814,135573033,4987,"165,210,192","12,21,16","107,92,132","1,1,4",3532,149,9.65839724572e-05,0.0004054121809366,"0.367,0.297,0.336","0.819,0.795,0.582",-0.399,3383,205.33333333333334,112.33333333333333,INTS6L_chrX_+_135569336_135573033_135569336_135569431_135572814_135573033_3383
5000,ENSG00000168000,BSCL2,chr11,-,62690786,62691141,62690786,62690867,62691074,62691141,5000,"16,14,25","95,114,85","96,85,108","127,91,74",356,149,0.0,0.0,"0.066,0.049,0.11","0.24,0.281,0.379",-0.225,207,116.33333333333333,193.66666666666666,BSCL2_chr11_-_62690786_62691141_62690786_62690867_62691074_62691141_207
5002,ENSG00000168000,BSCL2,chr11,-,62690786,62691421,62690786,62691141,62691279,62691421,5002,"17,17,7","98,100,73","43,57,41","83,61,59",287,149,4.787281682180001e-13,5.73623073291261e-12,"0.083,0.081,0.047","0.212,0.327,0.265",-0.198,138,104.0,114.66666666666667,BSCL2_chr11_-_62690786_62691421_62690786_62691141_62691279_62691421_138
5008,ENSG00000075702,WDR62,chr19,+,36101213,36102851,36101213,36101317,36101663,36102851,5008,"26,32,23","36,31,40","40,50,66","24,17,26",495,149,2.03538495724e-06,1.1116679107399913e-05,"0.179,0.237,0.148","0.334,0.47,0.433",-0.224,346,62.666666666666664,74.33333333333333,WDR62_chr19_+_36101213_36102851_36101213_36101317_36101663_36102851_346
5009,ENSG00000075702,WDR62,chr19,+,36101213,36102151,36101213,36101317,36102013,36102151,5009,"32,39,29","5,6,8","67,74,89","4,2,6",845,149,0.000992035521579,0.0034560485972529,"0.53,0.534,0.39","0.747,0.867,0.723",-0.294,696,39.66666666666667,80.66666666666667,WDR62_chr19_+_36101213_36102151_36101213_36101317_36102013_36102151_696
5010,ENSG00000075702,WDR62,chr19,+,36101663,36102851,36101663,36101774,36102013,36102851,5010,"10,12,11","61,40,49","30,27,30","41,22,35",388,149,1.42205746068e-08,1.026011691231864e-07,"0.059,0.103,0.079","0.219,0.32,0.248",-0.182,239,61.0,61.666666666666664,WDR62_chr19_+_36101663_36102851_36101663_36101774_36102013_36102851_239
5014,ENSG00000075702,WDR62,chr19,+,36101213,36102851,36101213,36102151,36102736,36102851,5014,"42,38,55","30,33,27","81,90,69","25,18,24",734,149,0.000147281446671,0.0005988082630168,"0.221,0.189,0.293","0.397,0.504,0.369",-0.189,585,75.0,102.33333333333333,WDR62_chr19_+_36101213_36102851_36101213_36102151_36102736_36102851_585
5019,ENSG00000075702,WDR62,chr19,+,36102947,36103207,36102947,36103074,36103155,36103207,5019,"6,5,4","55,68,45","31,24,14","51,54,38",230,149,1.52645951434e-09,1.2333061239498672e-08,"0.066,0.045,0.054","0.283,0.224,0.193",-0.178,81,61.0,70.66666666666666,WDR62_chr19_+_36102947_36103207_36102947_36103074_36103155_36103207_81
5021,ENSG00000075702,WDR62,chr19,+,36102947,36103981,36102947,36103207,36103342,36103981,5021,"6,8,6","56,77,47","32,29,20","53,51,35",284,149,9.69943014795e-11,9.01512198087032e-10,"0.053,0.052,0.063","0.241,0.23,0.231",-0.178,135,66.66666666666667,73.33333333333334,WDR62_chr19_+_36102947_36103981_36102947_36103207_36103342_36103981_135
5034,ENSG00000198837,DENND4B,chr1,-,153930691,153931064,153930691,153930857,153930946,153931064,5034,"13,12,17","83,109,99","30,28,30","55,56,63",238,149,7.62990737257e-09,5.681829616701978e-08,"0.089,0.064,0.097","0.255,0.238,0.23",-0.158,89,111.0,87.33333333333333,DENND4B_chr1_-_153930691_153931064_153930691_153930857_153930946_153931064_89
5042,ENSG00000142871,CCN1,chr1,+,85581364,85582284,85581364,85581578,85581927,85582284,5042,"2,4,0","14,10,10","20,12,15","14,6,19",498,149,1.80415059814e-06,9.941593600597607e-06,"0.041,0.107,0.0","0.299,0.374,0.191",-0.239,349,13.333333333333334,28.666666666666664,CCN1_chr1_+_85581364_85582284_85581364_85581578_85581927_85582284_349
5060,ENSG00000132155,RAF1,chr3,-,12590797,12591792,12590797,12590974,12591707,12591792,5060,"16,15,23","249,310,276","283,299,294","215,190,210",882,149,0.0,0.0,"0.011,0.008,0.014","0.182,0.21,0.191",-0.183,733,296.3333333333333,497.0,RAF1_chr3_-_12590797_12591792_12590797_12590974_12591707_12591792_733
5066,ENSG00000141504,SAT2,chr17,-,7627142,7627414,7627142,7627226,7627362,7627414,5066,"42,72,54","193,207,215","143,149,144","101,96,117",285,149,0.0,0.0,"0.102,0.154,0.116","0.425,0.448,0.392",-0.298,136,261.0,250.0,SAT2_chr17_-_7627142_7627414_7627142_7627226_7627362_7627414_136
5067,ENSG00000141504,SAT2,chr17,-,7627362,7627802,7627362,7627414,7627552,7627802,5067,"36,52,40","97,88,117","73,90,89","74,62,61",287,149,1.81018644518e-10,1.619560055958994e-09,"0.162,0.235,0.151","0.339,0.43,0.431",-0.217,138,143.33333333333334,149.66666666666669,SAT2_chr17_-_7627362_7627802_7627362_7627414_7627552_7627802_138
5068,ENSG00000141504,SAT2,chr17,-,7627362,7627805,7627362,7627414,7627569,7627805,5068,"48,76,54","70,79,75","89,114,115","26,36,45",304,149,1.6653345369399998e-15,2.4902794880008023e-14,"0.252,0.32,0.261","0.627,0.608,0.556",-0.319,155,134.0,141.66666666666666,SAT2_chr17_-_7627362_7627805_7627362_7627414_7627569_7627805_155
5070,ENSG00000071894,CPSF1,chr8,-,144393882,144394160,144393882,144394038,144394112,144394160,5070,"55,63,60","245,216,242","117,99,107","114,137,164",223,149,2.5313084961499998e-14,3.438592512077757e-13,"0.13,0.163,0.142","0.407,0.326,0.304",-0.201,74,293.6666666666667,246.0,CPSF1_chr8_-_144393882_144394160_144393882_144394038_144394112_144394160_74
5105,ENSG00000011009,LYPLA2,chr1,+,23794223,23794600,23794223,23794325,23794426,23794600,5105,"25,25,34","137,127,130","60,60,58","94,85,101",250,149,9.85553860744e-11,9.13731623142281e-10,"0.098,0.105,0.135","0.276,0.296,0.255",-0.163,101,159.33333333333334,152.66666666666666,LYPLA2_chr1_+_23794223_23794600_23794223_23794325_23794426_23794600_101
5121,ENSG00000162772,ATF3,chr1,+,212619045,212619555,212619045,212619266,212619357,212619555,5121,"61,64,47","8,8,11","146,147,139","7,1,6",240,149,3.72857202091e-06,1.9571704656114278e-05,"0.826,0.832,0.726","0.928,0.989,0.935",-0.156,91,66.33333333333334,148.66666666666666,ATF3_chr1_+_212619045_212619555_212619045_212619266_212619357_212619555_91
5125,ENSG00000104381,GDAP1,chr8,+,74361883,74363053,74361883,74361978,74362938,74363053,5125,"7,6,8","26,12,21","38,55,63","25,18,22",1109,149,2.62253552208e-11,2.600447321827187e-10,"0.035,0.063,0.049","0.17,0.291,0.278",-0.197,960,26.666666666666668,73.66666666666667,GDAP1_chr8_+_74361883_74363053_74361883_74361978_74362938_74363053_960
5151,ENSG00000116337,AMPD2,chr1,+,109628082,109628495,109628082,109628277,109628363,109628495,5151,"22,26,16","137,98,116","44,51,35","51,62,77",235,149,2.63830957081e-10,2.324031126686196e-09,"0.092,0.144,0.08","0.354,0.343,0.224",-0.202,86,138.33333333333334,106.66666666666667,AMPD2_chr1_+_109628082_109628495_109628082_109628277_109628363_109628495_86
5155,ENSG00000116337,AMPD2,chr1,+,109628082,109629235,109628082,109628495,109629108,109629235,5155,"67,45,63","6,2,3","67,65,79","15,23,11",762,149,0.00026156421211,0.001020794668411,"0.686,0.815,0.804","0.466,0.356,0.584",0.3,613,62.0,86.66666666666666,AMPD2_chr1_+_109628082_109629235_109628082_109628495_109629108_109629235_613
5212,ENSG00000173846,PLK3,chr1,+,44802954,44803391,44802954,44803153,44803267,44803391,5212,"2,4,2","6,13,11","35,52,29","13,13,14",263,149,6.15876016852e-10,5.208611649933049e-09,"0.159,0.148,0.093","0.604,0.694,0.54",-0.479,114,12.666666666666666,52.0,PLK3_chr1_+_44802954_44803391_44802954_44803153_44803267_44803391_114
5213,ENSG00000173846,PLK3,chr1,+,44803599,44804024,44803599,44803691,44803930,44804024,5213,"1,5,4","10,12,6","23,28,31","19,37,24",388,149,0.00173516038788,0.0057300465703054,"0.037,0.138,0.204","0.317,0.225,0.332",-0.165,239,12.666666666666668,54.0,PLK3_chr1_+_44803599_44804024_44803599_44803691_44803930_44804024_239
5215,ENSG00000132604,TERF2,chr16,-,69368375,69368595,69368375,69368482,69368586,69368595,5215,"5,5,6","7,9,11","16,15,18","1,1,9",253,149,1.12738587729e-05,5.512077160092241e-05,"0.296,0.247,0.243","0.904,0.898,0.541",-0.519,104,14.333333333333332,20.0,TERF2_chr16_-_69368375_69368595_69368375_69368482_69368586_69368595_104
5239,ENSG00000156983,BRPF1,chr3,+,9742024,9742541,9742024,9742153,9742351,9742541,5239,"17,7,14","5,1,3","22,19,14","0,2,1",347,149,0.00214296247194,0.0069316845418137,"0.593,0.75,0.667","1.0,0.803,0.857",-0.217,198,15.666666666666666,19.333333333333332,BRPF1_chr3_+_9742024_9742541_9742024_9742153_9742351_9742541_198
5241,ENSG00000156983,BRPF1,chr3,+,9745572,9745930,9745572,9745709,9745811,9745930,5241,"8,13,15","44,53,50","81,77,63","97,104,93",251,149,3.3475636152e-08,2.2947208256874677e-07,"0.097,0.127,0.151","0.331,0.305,0.287",-0.183,102,61.0,171.66666666666669,BRPF1_chr3_+_9745572_9745930_9745572_9745709_9745811_9745930_102
5250,ENSG00000162298,SYVN1,chr11,-,65130001,65130379,65130001,65130172,65130250,65130379,5250,"5,6,13","14,25,19","29,19,38","12,8,8",227,149,7.12684566917e-09,5.3286103153461586e-08,"0.19,0.136,0.31","0.613,0.609,0.757",-0.448,78,27.333333333333332,38.0,SYVN1_chr11_-_65130001_65130379_65130001_65130172_65130250_65130379_78
5251,ENSG00000162298,SYVN1,chr11,-,65130001,65130379,65130001,65130175,65130250,65130379,5251,"2,6,6","25,28,24","24,18,32","8,14,12",224,149,3.09863246173e-12,3.4612284591342486e-11,"0.051,0.125,0.143","0.666,0.461,0.639",-0.482,75,30.333333333333336,36.0,SYVN1_chr11_-_65130001_65130379_65130001_65130175_65130250_65130379_75
5252,ENSG00000162298,SYVN1,chr11,-,65131273,65131596,65131273,65131373,65131469,65131596,5252,"6,5,5","108,73,56","20,20,11","46,39,42",245,149,1.05253672444e-09,8.635691244658716e-09,"0.033,0.04,0.052","0.209,0.238,0.137",-0.153,96,84.33333333333333,59.333333333333336,SYVN1_chr11_-_65131273_65131596_65131273_65131373_65131469_65131596_96
5254,ENSG00000162298,SYVN1,chr11,-,65132247,65132780,65132247,65132351,65132731,65132780,5254,"9,22,22","91,79,85","51,57,56","46,46,50",529,149,0.0,0.0,"0.027,0.073,0.068","0.238,0.259,0.24",-0.19,380,102.66666666666667,102.0,SYVN1_chr11_-_65132247_65132780_65132247_65132351_65132731_65132780_380
5259,ENSG00000129968,ABHD17A,chr19,-,1877507,1880115,1877507,1877687,1879920,1880115,5259,"432,513,491","224,175,199","1189,1158,1255","121,126,128",2382,149,0.0,0.0,"0.108,0.155,0.134","0.381,0.365,0.38",-0.243,2233,678.0,1325.6666666666667,ABHD17A_chr19_-_1877507_1880115_1877507_1877687_1879920_1880115_2233
5260,ENSG00000160051,IQCC,chr1,+,32206153,32206761,32206153,32206297,32206508,32206761,5260,"26,32,49","35,33,34","101,119,113","39,27,29",360,149,7.49841343461e-08,4.91305056930233e-07,"0.235,0.286,0.374","0.517,0.646,0.617",-0.295,211,69.66666666666666,142.66666666666666,IQCC_chr1_+_32206153_32206761_32206153_32206297_32206508_32206761_211
5286,ENSG00000291066,,chr16,-,21818655,21820433,21818655,21818761,21820294,21820433,5286,"95,92,112","3,5,0","65,93,110","7,16,10",1682,149,0.000471724951602,0.0017502671165743,"0.737,0.62,1.0","0.451,0.34,0.494",0.357,1533,102.33333333333334,100.33333333333333,nan_chr16_-_21818655_21820433_21818655_21818761_21820294_21820433_1533
5332,ENSG00000147813,NAPRT,chr8,-,143576077,143576572,143576077,143576162,143576431,143576572,5332,"21,19,24","27,25,27","51,40,50","21,17,24",418,149,9.09014919048e-06,4.509808464601348e-05,"0.217,0.213,0.241","0.464,0.456,0.426",-0.225,269,47.666666666666664,67.66666666666667,NAPRT_chr8_-_143576077_143576572_143576077_143576162_143576431_143576572_269
5355,ENSG00000141524,TMC6,chr17,-,78120176,78121164,78120176,78120832,78121012,78121164,5355,"3,3,1","21,28,36","4,5,9","11,11,7",329,149,3.21367444337e-05,0.0001456067400517,"0.061,0.046,0.012","0.141,0.171,0.368",-0.187,180,30.666666666666664,15.666666666666666,TMC6_chr17_-_78120176_78121164_78120176_78120832_78121012_78121164_180
5368,ENSG00000130717,UCK1,chr9,-,131528943,131529270,131528943,131529038,131529127,131529270,5368,"17,21,18","153,120,149","58,92,80","120,108,118",238,149,0.0,0.0,"0.065,0.099,0.07","0.232,0.348,0.298",-0.215,89,159.33333333333331,192.0,UCK1_chr9_-_131528943_131529270_131528943_131529038_131529127_131529270_89
5369,ENSG00000183258,DDX41,chr5,-,177512495,177512876,177512495,177512645,177512779,177512876,5369,"24,20,24","372,483,764","167,160,136","267,256,221",283,149,0.0,0.0,"0.033,0.021,0.016","0.248,0.248,0.245",-0.224,134,562.3333333333333,402.33333333333337,DDX41_chr5_-_177512495_177512876_177512495_177512645_177512779_177512876_134
5370,ENSG00000183258,DDX41,chr5,-,177513352,177513847,177513352,177513484,177513684,177513847,5370,"26,19,32","336,352,691","159,174,170","200,198,210",349,149,0.0,0.0,"0.032,0.023,0.019","0.253,0.273,0.257",-0.236,200,485.33333333333337,370.3333333333333,DDX41_chr5_-_177513352_177513847_177513352_177513484_177513684_177513847_200
5371,ENSG00000183258,DDX41,chr5,-,177515928,177516193,177515928,177515989,177516118,177516193,5371,"38,39,40","366,400,725","135,156,127","201,181,190",278,149,0.0,0.0,"0.053,0.05,0.029","0.265,0.316,0.264",-0.238,129,536.0,330.0,DDX41_chr5_-_177515928_177516193_177515928_177515989_177516118_177516193_129
5376,ENSG00000164076,CAMKV,chr3,-,49857988,49859881,49857988,49859676,49859769,49859881,5376,"41,51,59","31,15,20","64,58,57","10,13,9",242,149,0.00290298411729,0.0091351010597963,"0.449,0.677,0.645","0.798,0.733,0.796",-0.185,93,72.33333333333334,70.33333333333333,CAMKV_chr3_-_49857988_49859881_49857988_49859676_49859769_49859881_93
5381,ENSG00000164076,CAMKV,chr3,-,49861438,49861865,49861438,49861577,49861790,49861865,5381,"21,18,29","26,27,21","30,27,30","10,8,18",362,149,0.0012942905093,0.0044035562878339,"0.25,0.215,0.362","0.553,0.581,0.407",-0.238,213,47.333333333333336,41.0,CAMKV_chr3_-_49861438_49861865_49861438_49861577_49861790_49861865_213
5387,ENSG00000135924,DNAJB2,chr2,+,219280577,219281771,219280577,219280687,219281717,219281771,5387,"18,13,11","45,38,39","30,36,50","24,18,17",1179,149,9.08539909972e-12,9.531316141813755e-11,"0.048,0.041,0.034","0.136,0.202,0.271",-0.162,1030,54.666666666666664,58.33333333333333,DNAJB2_chr2_+_219280577_219281771_219280577_219280687_219281717_219281771_1030
5393,ENSG00000003756,RBM5,chr3,+,50117073,50117379,50117073,50117171,50117249,50117379,5393,"53,68,67","290,253,287","252,244,267","182,196,205",227,149,0.0,0.0,"0.107,0.15,0.133","0.476,0.45,0.461",-0.332,78,339.33333333333337,448.6666666666667,RBM5_chr3_+_50117073_50117379_50117073_50117171_50117249_50117379_78
5405,ENSG00000071859,FAM50A,chrX,+,154449680,154449931,154449680,154449735,154449882,154449931,5405,"192,210,190","570,557,571","301,338,322","350,319,391",296,149,0.0,0.0,"0.145,0.16,0.143","0.302,0.348,0.293",-0.165,147,763.3333333333334,673.6666666666666,FAM50A_chrX_+_154449680_154449931_154449680_154449735_154449882_154449931_147
5456,ENSG00000166526,ZNF3,chr7,-,100075134,100075630,100075134,100075261,100075541,100075630,5456,"15,15,8","41,34,25","74,92,87","51,38,48",429,149,3.4904301671200002e-12,3.881337413722495e-11,"0.113,0.133,0.1","0.335,0.457,0.386",-0.277,280,46.0,130.0,ZNF3_chr7_-_100075134_100075630_100075134_100075261_100075541_100075630_280
5472,ENSG00000128191,DGCR8,chr22,+,20089668,20090258,20089668,20089811,20089975,20090258,5472,"98,109,98","32,40,23","61,51,81","30,41,46",313,149,0.000928326916673,0.0032508974225512,"0.593,0.565,0.67","0.492,0.372,0.456",0.169,164,133.33333333333334,103.33333333333333,DGCR8_chr22_+_20089668_20090258_20089668_20089811_20089975_20090258_164
5482,ENSG00000159658,EFCAB14,chr1,-,46686783,46689691,46686783,46686870,46689586,46689691,5482,"35,53,50","13,20,17","147,108,131","12,12,8",2865,149,2.76705104385e-08,1.916266815334776e-07,"0.123,0.121,0.133","0.389,0.319,0.46",-0.264,2716,62.66666666666667,139.33333333333331,EFCAB14_chr1_-_46686783_46689691_46686783_46686870_46689586_46689691_2716
5485,ENSG00000214941,ZSWIM7,chr17,-,15976559,15978163,15976559,15977092,15978043,15978163,5485,"115,120,130","8,9,4","92,102,98","23,20,10",1100,149,0.000562917132061,0.0020557146078269,"0.661,0.644,0.815","0.351,0.409,0.57",0.263,951,128.66666666666669,115.0,ZSWIM7_chr17_-_15976559_15978163_15976559_15977092_15978043_15978163_951
5490,ENSG00000026025,VIM,chr10,+,17235168,17236379,17235168,17235389,17236293,17236379,5490,"115,159,140","0,0,0","95,99,82","4,3,2",1053,149,1.01333056739e-05,4.993935427462877e-05,"1.0,1.0,1.0","0.771,0.824,0.853",0.184,904,138.0,95.0,VIM_chr10_+_17235168_17236379_17235168_17235389_17236293_17236379_904
5496,ENSG00000087191,PSMC5,chr17,+,63831326,63831616,63831326,63831425,63831505,63831616,5496,"15,13,16","383,322,345","136,125,122","339,365,371",229,149,0.0,0.0,"0.025,0.026,0.029","0.207,0.182,0.176",-0.162,80,364.6666666666667,486.0,PSMC5_chr17_+_63831326_63831616_63831326_63831425_63831505_63831616_80
5507,ENSG00000100038,TOP3B,chr22,-,21962428,21962893,21962428,21962602,21962746,21962893,5507,"10,14,21","136,156,146","54,83,68","110,118,107",293,149,0.0,0.0,"0.036,0.044,0.068","0.2,0.263,0.244",-0.186,144,161.0,180.0,TOP3B_chr22_-_21962428_21962893_21962428_21962602_21962746_21962893_144
5508,ENSG00000008128,CDK11A,chr1,-,1703475,1703940,1703475,1703624,1703823,1703940,5508,"14,20,24","40,26,36","69,54,63","34,46,44",348,149,3.1421403188e-05,0.0001427143585091,"0.13,0.248,0.222","0.465,0.334,0.38",-0.193,199,53.33333333333333,103.33333333333334,CDK11A_chr1_-_1703475_1703940_1703475_1703624_1703823_1703940_199
5509,ENSG00000008128,CDK11A,chr1,-,1704038,1704344,1704038,1704146,1704222,1704344,5509,"7,5,2","37,32,38","28,21,34","37,30,39",225,149,2.75632183744e-10,2.4193655702121276e-09,"0.111,0.094,0.034","0.334,0.317,0.366",-0.259,76,40.33333333333333,63.0,CDK11A_chr1_-_1704038_1704344_1704038_1704146_1704222_1704344_76
5510,ENSG00000008128,CDK11A,chr1,-,1704222,1704655,1704222,1704344,1704549,1704655,5510,"9,30,19","15,13,10","68,53,56","9,8,9",354,149,2.09370173041e-05,9.822255366509153e-05,"0.202,0.493,0.444","0.761,0.736,0.724",-0.361,205,32.0,67.66666666666667,CDK11A_chr1_-_1704222_1704655_1704222_1704344_1704549_1704655_205
5549,ENSG00000241878,PISD,chr22,-,31620995,31621885,31620995,31621472,31621648,31621885,5549,"12,16,15","59,49,70","33,27,28","29,34,27",325,149,1.72646574814e-09,1.3798703075381875e-08,"0.085,0.13,0.089","0.343,0.267,0.322",-0.209,176,73.66666666666667,59.33333333333333,PISD_chr22_-_31620995_31621885_31620995_31621472_31621648_31621885_176
5587,ENSG00000114626,ABTB1,chr3,+,127676535,127677286,127676535,127676581,127676966,127677286,5587,"8,3,2","22,22,25","5,5,10","7,9,4",534,149,0.000695131229757,0.002495541302569,"0.092,0.037,0.022","0.166,0.134,0.411",-0.187,385,27.333333333333332,13.333333333333334,ABTB1_chr3_+_127676535_127677286_127676535_127676581_127676966_127677286_385
5589,ENSG00000114626,ABTB1,chr3,+,127676966,127677286,127676966,127677083,127677167,127677286,5589,"4,2,6","14,9,14","9,4,15","2,8,3",233,149,0.00121965069045,0.004184157803454,"0.154,0.124,0.215","0.742,0.242,0.762",-0.418,84,16.333333333333336,13.666666666666668,ABTB1_chr3_+_127676966_127677286_127676966_127677083_127677167_127677286_84
5609,ENSG00000197077,KIAA1671,chr22,+,25174239,25177522,25174239,25174489,25177347,25177522,5609,"6,4,2","26,27,23","96,128,91","13,18,21",3007,149,0.0,0.0,"0.011,0.007,0.004","0.268,0.261,0.177",-0.228,2858,29.333333333333332,122.33333333333333,KIAA1671_chr22_+_25174239_25177522_25174239_25174489_25177347_25177522_2858
5610,ENSG00000189077,TMEM120A,chr7,-,75988082,75988341,75988082,75988148,75988251,75988341,5610,"12,10,23","67,56,66","16,17,26","25,37,30",252,149,0.000119594775708,0.0004944450676846,"0.096,0.096,0.171","0.275,0.214,0.339",-0.155,103,78.0,50.333333333333336,TMEM120A_chr7_-_75988082_75988341_75988082_75988148_75988251_75988341_103
5613,ENSG00000185163,DDX51,chr12,-,132140830,132141420,132140830,132141020,132141102,132141420,5613,"18,29,22","11,19,16","74,31,57","12,10,7",231,149,1.84089927352e-05,8.702326266219146e-05,"0.513,0.496,0.47","0.799,0.667,0.84",-0.276,82,38.333333333333336,63.666666666666664,DDX51_chr12_-_132140830_132141420_132140830_132141020_132141102_132141420_82
5637,ENSG00000040487,SLC66A1,chr1,+,19312325,19312889,19312325,19312358,19312728,19312889,5637,"27,19,20","49,22,41","55,49,57","30,32,33",519,149,6.6337242921e-07,3.892589641970388e-06,"0.137,0.199,0.123","0.345,0.305,0.331",-0.174,370,59.333333333333336,85.33333333333333,SLC66A1_chr1_+_19312325_19312889_19312325_19312358_19312728_19312889_370
5667,ENSG00000163472,TMEM79,chr1,+,156285183,156286473,156285183,156285983,156286259,156286473,5667,"7,11,12","11,18,12","114,127,129","11,7,8",425,149,0.0,0.0,"0.182,0.176,0.26","0.784,0.864,0.85",-0.627,276,23.666666666666664,132.0,TMEM79_chr1_+_156285183_156286473_156285183_156285983_156286259_156286473_276
5676,ENSG00000156873,PHKG2,chr16,+,30751105,30751603,30751105,30751281,30751548,30751603,5676,"126,125,137","142,91,101","227,242,227","83,67,85",416,149,8.46742675975e-11,7.919660060159615e-10,"0.241,0.33,0.327","0.495,0.564,0.489",-0.217,267,240.66666666666669,310.3333333333333,PHKG2_chr16_+_30751105_30751603_30751105_30751281_30751548_30751603_267
5703,ENSG00000121940,CLCC1,chr1,-,108962308,108963453,108962308,108962464,108963360,108963453,5703,"14,18,8","1,7,2","19,20,29","1,0,0",1045,149,7.27502892373e-07,4.2353916426456366e-06,"0.666,0.268,0.363","0.73,1.0,1.0",-0.478,896,16.666666666666668,23.0,CLCC1_chr1_-_108962308_108963453_108962308_108962464_108963360_108963453_896
5715,ENSG00000143793,C1orf35,chr1,-,228102079,228102382,228102079,228102165,228102309,228102382,5715,"91,73,103","230,235,210","268,316,299","155,178,185",293,149,0.0,0.0,"0.168,0.136,0.2","0.468,0.474,0.451",-0.296,144,314.0,467.0,C1orf35_chr1_-_228102079_228102382_228102079_228102165_228102309_228102382_144
5716,ENSG00000143793,C1orf35,chr1,-,228102309,228102560,228102309,228102382,228102477,228102560,5716,"49,34,55","229,211,208","171,212,204","149,154,159",244,149,0.0,0.0,"0.116,0.09,0.139","0.412,0.457,0.439",-0.321,95,262.0,349.66666666666663,C1orf35_chr1_-_228102309_228102560_228102309_228102382_228102477_228102560_95
5742,ENSG00000138398,PPIG,chr2,+,169630773,169631933,169630773,169630987,169631765,169631933,5742,"15,25,29","33,67,63","108,146,124","48,44,51",927,149,0.0,0.0,"0.068,0.057,0.069","0.266,0.348,0.281",-0.234,778,77.33333333333334,173.66666666666666,PPIG_chr2_+_169630773_169631933_169630773_169630987_169631765_169631933_778
5772,ENSG00000177954,RPS27,chr1,+,153990762,153991034,153990762,153990802,153990913,153991034,5772,"46,50,37","46,59,53","37,52,54","19,25,21",260,149,2.06177735074e-06,1.1252540552199102e-05,"0.364,0.327,0.286","0.527,0.544,0.596",-0.23,111,97.0,69.33333333333333,RPS27_chr1_+_153990762_153991034_153990762_153990802_153990913_153991034_111
5777,ENSG00000160741,CRTC2,chr1,-,153954872,153955166,153954872,153954989,153955064,153955166,5777,"8,3,2","90,74,76","46,38,36","57,50,64",224,149,0.0,0.0,"0.056,0.026,0.017","0.349,0.336,0.272",-0.286,75,84.33333333333333,97.0,CRTC2_chr1_-_153954872_153955166_153954872_153954989_153955064_153955166_75
5781,ENSG00000160961,ZNF333,chr19,+,14716993,14717733,14716993,14717089,14717656,14717733,5781,"6,5,0","17,7,9","7,13,11","4,3,2",716,149,4.08951662079e-06,2.14057479014816e-05,"0.068,0.129,0.0","0.267,0.474,0.534",-0.359,567,14.666666666666666,13.333333333333334,ZNF333_chr19_+_14716993_14717733_14716993_14717089_14717656_14717733_567
5811,ENSG00000204469,PRRC2A,chr6,+,31637233,31637771,31637233,31637324,31637445,31637771,5811,"20,25,26","656,600,658","146,164,146","352,343,337",270,149,0.0,0.0,"0.017,0.022,0.021","0.186,0.209,0.193",-0.176,121,661.6666666666666,496.0,PRRC2A_chr6_+_31637233_31637771_31637233_31637324_31637445_31637771_121
5815,ENSG00000089685,BIRC5,chr17,+,78215965,78216781,78215965,78216034,78216663,78216781,5815,"26,45,31","56,43,44","172,153,165","30,44,43",778,149,0.0,0.0,"0.082,0.167,0.119","0.523,0.4,0.424",-0.326,629,81.66666666666666,202.33333333333334,BIRC5_chr17_+_78215965_78216781_78215965_78216034_78216663_78216781_629
5817,ENSG00000076706,MCAM,chr11,-,119310755,119311185,119310755,119310903,119311089,119311185,5817,"15,14,9","43,49,43","24,21,17","20,13,18",335,149,1.17755811546e-07,7.522780828911989e-07,"0.134,0.113,0.085","0.348,0.418,0.296",-0.243,186,57.666666666666664,37.66666666666667,MCAM_chr11_-_119310755_119311185_119310755_119310903_119311089_119311185_186
5839,ENSG00000055609,KMT2C,chr7,-,152144712,152145295,152144712,152144881,152145152,152145295,5839,"5,18,9","27,38,27","18,20,19","21,13,19",420,149,8.88135051373e-05,0.000374704077135,"0.062,0.144,0.106","0.233,0.353,0.262",-0.179,271,41.333333333333336,36.66666666666667,KMT2C_chr7_-_152144712_152145295_152144712_152144881_152145152_152145295_271
5878,ENSG00000112514,CUTA,chr6,-,33417096,33417310,33417096,33417142,33417246,33417310,5878,"10,14,6","3,2,3","41,40,21","1,1,1",253,149,0.000390135562638,0.0014748396881172,"0.663,0.805,0.541","0.96,0.959,0.925",-0.278,104,12.666666666666666,35.0,CUTA_chr6_-_33417096_33417310_33417096_33417142_33417246_33417310_104
5880,ENSG00000164050,PLXNB1,chr3,-,48410454,48411036,48410454,48410558,48410867,48411036,5880,"2,2,1","12,8,8","4,8,7","5,6,9",458,149,0.000380367477498,0.001441052007089,"0.051,0.075,0.039","0.207,0.303,0.202",-0.182,309,11.0,13.0,PLXNB1_chr3_-_48410454_48411036_48410454_48410558_48410867_48411036_309
5890,ENSG00000099622,CIRBP,chr19,+,1271980,1274440,1271980,1272051,1274306,1274440,5890,"2387,2537,2459","181,231,200","1924,2011,2141","89,81,101",2404,149,1.8621143516e-08,1.3144021134425337e-07,"0.45,0.405,0.432","0.573,0.606,0.568",-0.153,2255,2665.0,2115.6666666666665,CIRBP_chr19_+_1271980_1274440_1271980_1272051_1274306_1274440_2255
5897,ENSG00000135837,CEP350,chr1,+,180110996,180114860,180110996,180111195,180112436,180114860,5897,"100,141,121","5,14,9","170,183,178","3,4,4",1390,149,0.000167099013238,0.0006754078371587,"0.682,0.519,0.59","0.859,0.831,0.827",-0.242,1241,130.0,180.66666666666666,CEP350_chr1_+_180110996_180114860_180110996_180111195_180112436_180114860_1241
5915,ENSG00000143093,STRIP1,chr1,+,110049111,110050409,110049111,110049238,110050342,110050409,5915,"23,21,28","5,6,3","113,101,145","5,4,2",1253,149,4.66271540822e-05,0.0002057308755667,"0.354,0.294,0.526","0.729,0.75,0.896",-0.4,1104,28.666666666666668,123.33333333333334,STRIP1_chr1_+_110049111_110050409_110049111_110049238_110050342_110050409_1104
5922,ENSG00000291158,LINC00869,chr1,+,149646598,149647624,149646598,149646945,149647380,149647624,5922,"44,39,62","2,6,2","38,61,41","1,0,0",584,149,3.95820919452e-05,0.0001765366061079,"0.849,0.624,0.888","0.907,1.0,1.0",-0.182,435,51.66666666666667,47.0,LINC00869_chr1_+_149646598_149647624_149646598_149646945_149647380_149647624_435
5975,ENSG00000197355,UAP1L1,chr9,+,137081997,137084538,137081997,137082064,137082636,137084538,5975,"23,20,16","23,24,24","77,62,82","14,21,17",721,149,2.68817967886e-10,2.3623493694436756e-09,"0.171,0.147,0.121","0.532,0.379,0.499",-0.324,572,43.333333333333336,91.0,UAP1L1_chr9_+_137081997_137084538_137081997_137082064_137082636_137084538_572
5985,ENSG00000215305,VPS16,chr20,+,2863948,2864287,2863948,2864083,2864178,2864287,5985,"7,4,4","74,56,93","22,23,16","42,42,54",244,149,3.84776654982e-11,3.730573137256856e-10,"0.055,0.042,0.026","0.242,0.251,0.153",-0.174,95,79.33333333333333,66.33333333333333,VPS16_chr20_+_2863948_2864287_2863948_2864083_2864178_2864287_95
6014,ENSG00000120889,TNFRSF10B,chr8,-,23028330,23028602,23028330,23028441,23028528,23028602,6014,"122,123,140","54,57,43","278,264,242","16,27,34",236,149,1.06581410364e-14,1.4859291741913308e-13,"0.588,0.577,0.673","0.916,0.861,0.818",-0.252,87,179.66666666666669,287.0,TNFRSF10B_chr8_-_23028330_23028602_23028330_23028441_23028528_23028602_87
6015,ENSG00000070610,GBA2,chr9,-,35736866,35737939,35736866,35737604,35737747,35737939,6015,"29,21,20","5,2,4","43,54,45","3,2,0",292,149,0.00294593936614,0.0092506487208553,"0.747,0.843,0.718","0.88,0.932,1.0",-0.168,143,27.0,49.0,GBA2_chr9_-_35736866_35737939_35736866_35737604_35737747_35737939_143
6031,ENSG00000116809,ZBTB17,chr1,-,15943598,15943895,15943598,15943715,15943807,15943895,6031,"10,7,9","44,43,27","46,43,55","23,39,29",241,149,2.58570942435e-13,3.180465472703806e-12,"0.123,0.091,0.171","0.553,0.405,0.54",-0.371,92,46.666666666666664,78.33333333333333,ZBTB17_chr1_-_15943598_15943895_15943598_15943715_15943807_15943895_92
6050,ENSG00000169242,EFNA1,chr1,+,155133502,155133780,155133502,155133568,155133729,155133780,6050,"2,7,2","25,15,14","9,13,8","9,11,10",310,149,5.79380140756e-05,0.0002520388565388,"0.037,0.183,0.064","0.325,0.362,0.278",-0.227,161,21.666666666666668,20.0,EFNA1_chr1_+_155133502_155133780_155133502_155133568_155133729_155133780_161
6053,ENSG00000135749,PCNX2,chr1,-,232984135,232986540,232984135,232984477,232986091,232986540,6053,"45,57,47","8,17,18","80,88,69","6,4,11",1763,149,0.00124598682323,0.0042607119722899,"0.322,0.221,0.181","0.53,0.65,0.346",-0.267,1614,64.0,86.0,PCNX2_chr1_-_232984135_232986540_232984135_232984477_232986091_232986540_1614
6054,ENSG00000135749,PCNX2,chr1,-,233217898,233218184,233217898,233217931,233218030,233218184,6054,"2,0,0","27,25,20","7,2,1","7,12,13",248,149,0.000162853735653,0.0006589668070585,"0.043,0.0,0.0","0.375,0.091,0.044",-0.156,99,24.666666666666668,14.0,PCNX2_chr1_-_233217898_233218184_233217898_233217931_233218030_233218184_99
6062,ENSG00000204564,C6orf136,chr6,+,30652647,30653109,30652647,30652717,30652801,30653109,6062,"7,3,6","74,70,62","22,16,20","37,44,68",233,149,1.52660635244e-08,1.091884215626565e-07,"0.057,0.027,0.058","0.275,0.189,0.158",-0.16,84,74.0,69.0,C6orf136_chr6_+_30652647_30653109_30652647_30652717_30652801_30653109_84
6076,ENSG00000013573,DDX11,chr12,+,31089402,31090094,31089402,31089490,31089885,31090094,6076,"100,124,123","73,62,66","112,120,167","31,33,43",544,149,2.10776185494e-06,1.1486605200653918e-05,"0.273,0.354,0.338","0.497,0.499,0.515",-0.182,395,182.66666666666669,168.66666666666666,DDX11_chr12_+_31089402_31090094_31089402_31089490_31089885_31090094_395
6077,ENSG00000013573,DDX11,chr12,+,31089402,31090094,31089402,31089490,31089890,31090094,6077,"105,131,126","34,41,49","116,122,180","18,18,14",549,149,1.61633118645e-06,8.959886703960875e-06,"0.456,0.464,0.411","0.636,0.648,0.777",-0.243,400,162.0,156.0,DDX11_chr12_+_31089402_31090094_31089402_31089490_31089890_31090094_400
6083,ENSG00000112855,HARS2,chr5,+,140693490,140693665,140693490,140693508,140693590,140693665,6083,"12,16,9","5,4,2","45,61,39","4,1,0",231,149,7.40878418142e-05,0.000317635562275,"0.608,0.721,0.744","0.879,0.975,1.0",-0.26,82,16.0,50.0,HARS2_chr5_+_140693490_140693665_140693490_140693508_140693590_140693665_82
6112,ENSG00000112531,QKI,chr6,+,163563419,163570145,163563419,163563719,163564666,163570145,6112,"63,44,54","0,1,0","44,41,42","3,0,4",1096,149,4.98574196175e-05,0.0002184243835221,"1.0,0.857,1.0","0.666,1.0,0.588",0.201,947,54.0,44.66666666666667,QKI_chr6_+_163563419_163570145_163563419_163563719_163564666_163570145_947
6140,ENSG00000198755,RPL10A,chr6,+,35468946,35469529,35468946,35469285,35469380,35469529,6140,"402,446,463","293,319,279","1407,1347,1394","256,243,250",244,149,0.0,0.0,"0.456,0.461,0.503","0.77,0.772,0.773",-0.298,95,734.0,1632.3333333333335,RPL10A_chr6_+_35468946_35469529_35468946_35469285_35469380_35469529_95
6145,ENSG00000064687,ABCA7,chr19,+,1056906,1057429,1056906,1057084,1057313,1057429,6145,"4,4,6","14,9,15","18,13,16","9,5,7",378,149,1.33778581723e-06,7.505565360359236e-06,"0.101,0.149,0.136","0.441,0.506,0.474",-0.345,229,17.333333333333332,22.666666666666664,ABCA7_chr19_+_1056906_1057429_1056906_1057084_1057313_1057429_229
6174,ENSG00000088205,DDX18,chr2,+,117826268,117829466,117826268,117826382,117829288,117829466,6174,"72,74,59","0,0,0","164,189,180","4,3,11",3055,149,4.62642459897e-08,3.099746273763369e-07,"1.0,1.0,1.0","0.667,0.754,0.444",0.378,2906,68.33333333333333,183.66666666666666,DDX18_chr2_+_117826268_117829466_117826268_117826382_117829288_117829466_2906
6176,ENSG00000204713,TRIM27,chr6,-,28903001,28908840,28903001,28904665,28908807,28908840,6176,"193,268,200","0,1,0","197,202,236","2,1,4",4291,149,0.000214799610838,0.00084923705415,"1.0,0.903,1.0","0.774,0.875,0.672",0.194,4142,220.66666666666669,214.0,TRIM27_chr6_-_28903001_28908840_28903001_28904665_28908807_28908840_4142
6187,ENSG00000136718,IMP4,chr2,+,130342893,130343194,130342893,130342962,130343085,130343194,6187,"44,38,47","55,73,72","65,68,66","41,38,30",272,149,1.11387524759e-08,8.155590040844058e-08,"0.305,0.222,0.263","0.465,0.495,0.547",-0.239,123,109.66666666666667,102.66666666666666,IMP4_chr2_+_130342893_130343194_130342893_130342962_130343085_130343194_123
6200,ENSG00000135974,C2orf49,chr2,+,105342847,105343223,105342847,105342974,105343100,105343223,6200,"133,83,95","42,49,42","156,171,191","16,19,30",275,149,1.3277025035e-09,1.0797773539977522e-08,"0.632,0.479,0.551","0.841,0.83,0.775",-0.261,126,148.0,194.33333333333331,C2orf49_chr2_+_105342847_105343223_105342847_105342974_105343100_105343223_126
6232,ENSG00000115317,HTRA2,chr2,+,74530910,74531371,74530910,74531105,74531338,74531371,6232,"22,32,34","165,148,150","103,84,88","90,104,103",382,149,0.0,0.0,"0.049,0.078,0.081","0.309,0.24,0.25",-0.197,233,183.66666666666669,190.66666666666669,HTRA2_chr2_+_74530910_74531371_74530910_74531105_74531338_74531371_233
6271,ENSG00000197858,GPAA1,chr8,+,144084133,144084609,144084133,144084330,144084412,144084609,6271,"10,25,25","165,161,140","61,83,69","152,120,138",231,149,4.1078251911099995e-15,5.962375624748116e-14,"0.038,0.091,0.103","0.206,0.309,0.244",-0.176,82,175.33333333333334,207.66666666666666,GPAA1_chr8_+_144084133_144084609_144084133_144084330_144084412_144084609_82
6307,ENSG00000166986,MARS1,chr12,+,57516244,57516655,57516244,57516337,57516434,57516655,6307,"11,6,12","441,389,430","116,167,124","391,328,301",246,149,0.0,0.0,"0.015,0.009,0.017","0.152,0.236,0.2",-0.182,97,429.6666666666667,475.66666666666663,MARS1_chr12_+_57516244_57516655_57516244_57516337_57516434_57516655_97
6308,ENSG00000160753,RUSC1,chr1,+,155325101,155325490,155325101,155325178,155325315,155325490,6308,"29,24,25","168,170,145","73,56,53","88,82,106",286,149,6.66133814775e-16,1.0423448321067878e-14,"0.083,0.069,0.082","0.302,0.262,0.207",-0.179,137,187.0,152.66666666666666,RUSC1_chr1_+_155325101_155325490_155325101_155325178_155325315_155325490_137
6311,ENSG00000160753,RUSC1,chr1,+,155325863,155327132,155325863,155325910,155326897,155327132,6311,"386,314,338","28,19,26","290,292,264","11,5,7",1136,149,7.34084427805e-05,0.0003149048120896,"0.644,0.684,0.63","0.776,0.885,0.832",-0.178,987,370.3333333333333,289.6666666666667,RUSC1_chr1_+_155325863_155327132_155325863_155325910_155326897_155327132_987
6325,ENSG00000237765,FAM200B,chr4,+,15686235,15687148,15686235,15686462,15686931,15687148,6325,"76,77,59","2,9,8","67,109,96","0,0,1",618,149,2.7096471511e-08,1.878266628010159e-07,"0.902,0.673,0.64","1.0,1.0,0.959",-0.248,469,77.0,91.0,FAM200B_chr4_+_15686235_15687148_15686235_15686462_15686931_15687148_469
6326,ENSG00000237765,FAM200B,chr4,+,15686235,15687148,15686235,15686462,15687000,15687148,6326,"77,81,69","45,39,43","79,121,102","20,17,26",687,149,8.64622497609e-06,4.298193743140719e-05,"0.271,0.311,0.258","0.461,0.607,0.46",-0.229,538,118.0,121.66666666666667,FAM200B_chr4_+_15686235_15687148_15686235_15686462_15687000_15687148_538
6327,ENSG00000237765,FAM200B,chr4,+,15686235,15690447,15686235,15687148,15688550,15690447,6327,"74,113,114","28,38,20","116,160,144","9,5,8",1551,149,1.42408753678e-08,1.0264778678617356e-07,"0.202,0.222,0.354","0.553,0.755,0.634",-0.388,1402,129.0,147.33333333333334,FAM200B_chr4_+_15686235_15690447_15686235_15687148_15688550_15690447_1402
6351,ENSG00000173540,GMPPB,chr3,-,49722595,49723114,49722595,49722754,49722971,49723114,6351,"18,8,14","79,77,80","40,43,45","58,43,70",366,149,1.5323298185900002e-12,1.7512003489186487e-11,"0.085,0.041,0.067","0.219,0.289,0.207",-0.174,217,92.0,99.66666666666666,GMPPB_chr3_-_49722595_49723114_49722595_49722754_49722971_49723114_217
6353,ENSG00000173540,GMPPB,chr3,-,49722595,49723302,49722595,49723114,49723253,49723302,6353,"9,8,11","88,72,77","39,43,42","61,47,52",288,149,0.0,0.0,"0.05,0.054,0.069","0.249,0.321,0.295",-0.231,139,88.33333333333333,94.66666666666667,GMPPB_chr3_-_49722595_49723302_49722595_49723114_49723253_49723302_139
6385,ENSG00000115282,TTC31,chr2,+,74492138,74492445,74492138,74492229,74492303,74492445,6385,"13,22,7","41,38,30","20,19,25","19,24,23",223,149,0.000609408160336,0.0022080998169087,"0.175,0.279,0.135","0.413,0.346,0.421",-0.197,74,50.333333333333336,43.33333333333333,TTC31_chr2_+_74492138_74492445_74492138_74492229_74492303_74492445_74
6408,ENSG00000160695,VPS11,chr11,+,119078172,119078997,119078172,119078334,119078794,119078997,6408,"9,15,15","0,0,0","80,75,91","15,16,14",609,149,2.81225561727e-08,1.9439422099992162e-07,"1.0,1.0,1.0","0.566,0.534,0.614",0.429,460,13.0,97.0,VPS11_chr11_+_119078172_119078997_119078172_119078334_119078794_119078997_460
6461,ENSG00000111665,CDCA3,chr12,-,6850466,6851009,6850466,6850596,6850832,6851009,6461,"27,19,18","165,153,131","91,86,87","99,87,146",385,149,0.0,0.0,"0.06,0.046,0.05","0.262,0.277,0.187",-0.19,236,171.0,198.66666666666669,CDCA3_chr12_-_6850466_6851009_6850466_6850596_6850832_6851009_236
6464,ENSG00000163516,ANKZF1,chr2,+,219233078,219233433,219233078,219233191,219233285,219233433,6464,"24,26,18","65,82,77","29,32,28","39,40,41",243,149,2.22992743274e-05,0.0001040866694061,"0.185,0.163,0.125","0.313,0.329,0.295",-0.155,94,97.33333333333334,69.66666666666667,ANKZF1_chr2_+_219233078_219233433_219233078_219233191_219233285_219233433_94
6473,ENSG00000137497,NUMA1,chr11,-,72007188,72008845,72007188,72007435,72008687,72008845,6473,"300,311,313","95,113,84","383,448,463","56,63,51",1401,149,3.52318174635e-11,3.429322705075846e-10,"0.251,0.226,0.284","0.421,0.431,0.491",-0.194,1252,405.3333333333333,488.0,NUMA1_chr11_-_72007188_72008845_72007188_72007435_72008687_72008845_1252
6501,ENSG00000125875,TBC1D20,chr20,-,440247,441689,440247,440317,441587,441689,6501,"57,74,83","1,4,4","100,84,86","3,0,0",1419,149,0.00264311378497,0.0084065072654899,"0.857,0.66,0.685","0.778,1.0,1.0",-0.192,1270,74.33333333333333,91.0,TBC1D20_chr20_-_440247_441689_440247_440317_441587_441689_1270
6547,ENSG00000079785,DDX1,chr2,+,15627053,15629697,15627053,15627145,15629601,15629697,6547,"46,61,72","4,2,2","61,117,89","23,11,17",2605,149,0.00134389690074,0.0045514535674833,"0.397,0.636,0.673","0.132,0.378,0.23",0.322,2456,62.33333333333333,106.0,DDX1_chr2_+_15627053_15629697_15627053_15627145_15629601_15629697_2456
6550,ENSG00000079785,DDX1,chr2,+,15628444,15629697,15628444,15628517,15629601,15629697,6550,"19,32,27","0,0,0","28,70,48","10,28,12",1233,149,9.21485110439e-14,1.182466274070253e-12,"1.0,1.0,1.0","0.253,0.232,0.326",0.73,1084,26.0,65.33333333333333,DDX1_chr2_+_15628444_15629697_15628444_15628517_15629601_15629697_1084
6592,ENSG00000169045,HNRNPH1,chr5,-,179617798,179618060,179617798,179617932,179617988,179618060,6592,"165,199,192","1693,1735,1770","643,712,694","1359,1393,1369",205,149,0.0,0.0,"0.066,0.077,0.073","0.256,0.271,0.269",-0.193,56,1918.0,2056.666666666667,HNRNPH1_chr5_-_179617798_179618060_179617798_179617932_179617988_179618060_56
6600,ENSG00000074582,BCS1L,chr2,+,218662196,218662679,218662196,218662260,218662509,218662679,6600,"14,5,8","202,154,174","150,177,139","167,133,136",398,149,0.0,0.0,"0.025,0.012,0.017","0.252,0.333,0.277",-0.269,249,185.66666666666666,300.6666666666667,BCS1L_chr2_+_218662196_218662679_218662196_218662260_218662509_218662679_249
6601,ENSG00000074582,BCS1L,chr2,+,218662196,218662679,218662196,218662260,218662514,218662679,6601,"15,9,10","11,5,8","155,181,145","9,8,7",403,149,1.58983937126e-13,1.991864631188416e-12,"0.335,0.4,0.316","0.864,0.893,0.885",-0.53,254,19.333333333333336,168.33333333333334,BCS1L_chr2_+_218662196_218662679_218662196_218662260_218662514_218662679_254
6602,ENSG00000163481,RNF25,chr2,-,218668078,218668679,218668078,218668146,218668604,218668679,6602,"14,23,12","0,2,0","96,120,103","12,5,9",607,149,0.00157749564006,0.0052628843491089,"1.0,0.738,1.0","0.663,0.855,0.737",0.161,458,17.0,115.0,RNF25_chr2_-_218668078_218668679_218668078_218668146_218668604_218668679_458
6617,ENSG00000168763,CNNM3,chr2,+,96827730,96829134,96827730,96827900,96828995,96829134,6617,"23,8,22","0,0,0","40,57,35","1,4,4",1244,149,1.6999934882e-07,1.067641973071922e-06,"1.0,1.0,1.0","0.827,0.631,0.512",0.343,1095,17.666666666666668,47.0,CNNM3_chr2_+_96827730_96829134_96827730_96827900_96828995_96829134_1095
6634,ENSG00000115307,AUP1,chr2,-,74526940,74527363,74526940,74527059,74527247,74527363,6634,"61,69,66","501,489,407","229,238,251","396,393,387",337,149,0.0,0.0,"0.051,0.059,0.067","0.204,0.211,0.223",-0.154,188,531.0,631.3333333333334,AUP1_chr2_-_74526940_74527363_74526940_74527059_74527247_74527363_188
6635,ENSG00000115307,AUP1,chr2,-,74526940,74527363,74526940,74527121,74527247,74527363,6635,"25,24,21","54,76,48","139,163,162","79,95,88",275,149,0.0,0.0,"0.201,0.146,0.192","0.488,0.482,0.499",-0.31,126,82.66666666666667,242.0,AUP1_chr2_-_74526940_74527363_74526940_74527121_74527247_74527363_126
6636,ENSG00000115307,AUP1,chr2,-,74528750,74529282,74528750,74528935,74529131,74529282,6636,"99,158,136","261,288,264","284,282,283","202,180,187",345,149,0.0,0.0,"0.141,0.192,0.182","0.378,0.404,0.395",-0.221,196,402.0,472.66666666666663,AUP1_chr2_-_74528750_74529282_74528750_74528935_74529131_74529282_196
6637,ENSG00000115307,AUP1,chr2,-,74529131,74529499,74529131,74529282,74529361,74529499,6637,"25,16,32","411,443,444","152,157,131","358,334,325",228,149,0.0,0.0,"0.038,0.023,0.045","0.217,0.235,0.208",-0.185,79,457.0,485.66666666666663,AUP1_chr2_-_74529131_74529499_74529131_74529282_74529361_74529499_79
6647,ENSG00000054148,PHPT1,chr9,+,136850012,136850560,136850012,136850137,136850505,136850560,6647,"90,100,102","13,18,11","135,131,175","9,8,3",517,149,9.37803794623e-05,0.0003945371948223,"0.666,0.616,0.728","0.812,0.825,0.944",-0.19,368,111.33333333333333,153.66666666666666,PHPT1_chr9_+_136850012_136850560_136850012_136850137_136850505_136850560_368
6651,ENSG00000182004,SNRPE,chr1,+,203861602,203862222,203861602,203861743,203862181,203862222,6651,"154,209,178","105,88,99","475,523,498","67,81,72",587,149,0.0,0.0,"0.271,0.376,0.313","0.643,0.621,0.637",-0.314,438,277.6666666666667,572.0,SNRPE_chr1_+_203861602_203862222_203861602_203861743_203862181_203862222_438
6714,ENSG00000085978,ATG16L1,chr2,+,233289853,233290353,233289853,233289974,233290247,233290353,6714,"18,15,36","27,35,25","60,51,57","19,36,26",422,149,0.000584136940521,0.0021258801216115,"0.191,0.131,0.337","0.527,0.333,0.436",-0.212,273,52.0,83.0,ATG16L1_chr2_+_233289853_233290353_233289853_233289974_233290247_233290353_273
6739,ENSG00000141013,GAS8,chr16,+,90036380,90037399,90036380,90036586,90037231,90037399,6739,"31,22,23","36,55,60","91,81,89","40,43,34",794,149,6.2172489378999994e-15,8.902188295830946e-14,"0.139,0.07,0.067","0.299,0.261,0.329",-0.204,645,75.66666666666667,126.0,GAS8_chr16_+_90036380_90037399_90036380_90036586_90037231_90037399_645
6761,ENSG00000107521,HPS1,chr10,-,98429572,98429889,98429572,98429642,98429790,98429889,6761,"15,10,15","24,22,23","19,23,20","10,13,15",297,149,0.000329630804892,0.0012605722079606,"0.239,0.186,0.247","0.488,0.47,0.401",-0.229,148,36.333333333333336,33.333333333333336,HPS1_chr10_-_98429572_98429889_98429572_98429642_98429790_98429889_148
6790,ENSG00000068912,ERLEC1,chr2,+,53812948,53814935,53812948,53813073,53814859,53814935,6790,"17,30,22","0,0,0","18,22,15","1,3,5",1935,149,5.64648328094e-12,6.122802119112863e-11,"1.0,1.0,1.0","0.581,0.361,0.188",0.623,1786,23.0,21.333333333333332,ERLEC1_chr2_+_53812948_53814935_53812948_53813073_53814859_53814935_1786
6799,ENSG00000115486,GGCX,chr2,-,85550554,85551072,85550554,85550744,85550924,85551072,6799,"14,11,3","10,2,3","10,12,20","0,3,1",329,149,0.00238794817397,0.0076507177565164,"0.388,0.714,0.312","1.0,0.644,0.901",-0.377,180,14.333333333333334,15.333333333333334,GGCX_chr2_-_85550554_85551072_85550554_85550744_85550924_85551072_180
6816,ENSG00000178719,GRINA,chr8,+,143991691,143992373,143991691,143991804,143991877,143992373,6816,"21,23,24","432,420,431","158,208,144","342,258,269",222,149,0.0,0.0,"0.032,0.035,0.036","0.237,0.351,0.264",-0.25,73,450.33333333333337,459.6666666666667,GRINA_chr8_+_143991691_143992373_143991691_143991804_143991877_143992373_73
6823,ENSG00000198805,PNP,chr14,+,20474471,20474948,20474471,20474575,20474772,20474948,6823,"58,76,66","542,489,457","253,249,207","311,354,357",346,149,0.0,0.0,"0.044,0.063,0.059","0.259,0.232,0.2",-0.175,197,562.6666666666666,577.0,PNP_chr14_+_20474471_20474948_20474471_20474575_20474772_20474948_197
6835,ENSG00000267796,LIN37,chr19,+,35753086,35754157,35753086,35753253,35754016,35754157,6835,"69,55,79","44,37,48","173,211,218","17,16,16",912,149,0.0,0.0,"0.204,0.195,0.212","0.624,0.683,0.69",-0.462,763,110.66666666666667,217.0,LIN37_chr19_+_35753086_35754157_35753086_35753253_35754016_35754157_763
6836,ENSG00000267796,LIN37,chr19,+,35754245,35754519,35754245,35754319,35754392,35754519,6836,"3,2,3","12,23,19","11,11,18","26,15,16",222,149,5.01770690505e-05,0.0002196949947742,"0.144,0.055,0.096","0.221,0.33,0.43",-0.229,73,20.666666666666668,32.333333333333336,LIN37_chr19_+_35754245_35754519_35754245_35754319_35754392_35754519_73
6850,ENSG00000144635,DYNC1LI1,chr3,-,32530283,32533097,32530283,32530328,32532985,32533097,6850,"28,21,34","0,0,0","25,37,34","5,10,16",2806,149,3.697042672e-13,4.4745840167108506e-12,"1.0,1.0,1.0","0.21,0.164,0.101",0.842,2657,27.666666666666668,42.333333333333336,DYNC1LI1_chr3_-_32530283_32533097_32530283_32530328_32532985_32533097_2657
6855,ENSG00000163050,COQ8A,chr1,+,226983760,226984235,226983760,226983854,226984093,226984235,6855,"56,63,51","195,196,218","138,185,129","140,123,132",388,149,0.0,0.0,"0.099,0.11,0.082","0.275,0.366,0.273",-0.208,239,259.6666666666667,282.3333333333333,COQ8A_chr1_+_226983760_226984235_226983760_226983854_226984093_226984235_239
6893,ENSG00000293434,AHSA2P,chr2,+,61185501,61186497,61185501,61185618,61186445,61186497,6893,"269,327,334","20,33,27","193,200,243","32,34,43",976,149,6.85639255263e-05,0.0002956193704161,"0.672,0.602,0.654","0.479,0.473,0.463",0.171,827,336.6666666666667,248.33333333333334,AHSA2P_chr2_+_61185501_61186497_61185501_61185618_61186445_61186497_827
6930,ENSG00000064703,DDX20,chr1,+,111761225,111762782,111761225,111761284,111762676,111762782,6930,"35,42,56","0,0,0","80,113,77","2,2,5",1541,149,2.47795959929e-06,1.336656461667922e-05,"1.0,1.0,1.0","0.795,0.845,0.598",0.254,1392,44.333333333333336,93.0,DDX20_chr1_+_111761225_111762782_111761225_111761284_111762676_111762782_1392
6941,ENSG00000084623,EIF3I,chr1,+,32228726,32231019,32228726,32228816,32230926,32231019,6941,"105,125,96","2,2,0","336,360,321","40,27,24",2259,149,6.89928113529e-07,4.035644178268607e-06,"0.776,0.805,1.0","0.357,0.468,0.469",0.429,2110,110.0,369.3333333333333,EIF3I_chr1_+_32228726_32231019_32228726_32228816_32230926_32231019_2110
6956,ENSG00000104907,TRMT1,chr19,-,13105266,13105606,13105266,13105396,13105486,13105606,6956,"35,44,36","114,71,89","88,101,95","87,100,90",239,149,2.68300627937e-07,1.650663441640311e-06,"0.161,0.279,0.201","0.387,0.386,0.397",-0.176,90,129.66666666666666,187.0,TRMT1_chr19_-_13105266_13105606_13105266_13105396_13105486_13105606_90
6967,ENSG00000128708,HAT1,chr2,+,171965786,171966949,171965786,171965908,171966842,171966949,6967,"14,5,11","0,0,0","11,11,9","0,1,5",1083,149,9.44848178904e-05,0.0003972754502795,"1.0,1.0,1.0","1.0,0.602,0.198",0.4,934,10.0,12.333333333333334,HAT1_chr2_+_171965786_171966949_171965786_171965908_171966842_171966949_934
7021,ENSG00000189046,ALKBH2,chr12,-,109092506,109093472,109092506,109092787,109093246,109093472,7021,"338,270,324","112,94,107","237,317,247","36,48,52",608,149,1.72508806739e-06,9.53426095069421e-06,"0.425,0.413,0.426","0.617,0.618,0.538",-0.17,459,415.0,312.3333333333333,ALKBH2_chr12_-_109092506_109093472_109092506_109092787_109093246_109093472_459
7048,ENSG00000082258,CCNT2,chr2,+,134953229,134959342,134953229,134954379,134954480,134959342,7048,"44,37,58","23,24,29","93,87,92","19,22,16",250,149,8.13678253575e-06,4.0612729520631055e-05,"0.533,0.479,0.544","0.745,0.702,0.774",-0.222,101,71.66666666666667,109.66666666666667,CCNT2_chr2_+_134953229_134959342_134953229_134954379_134954480_134959342_101
7055,ENSG00000197037,ZSCAN25,chr7,+,99619560,99621574,99619560,99619993,99621372,99621574,7055,"6,7,11","25,24,15","51,61,49","12,18,14",1528,149,1.11022302463e-16,1.817775755779406e-15,"0.023,0.028,0.067","0.293,0.248,0.254",-0.226,1379,29.333333333333332,68.33333333333333,ZSCAN25_chr7_+_99619560_99621574_99619560_99619993_99621372_99621574_1379
7065,ENSG00000138646,HERC5,chr4,+,88504231,88504597,88504231,88504415,88504494,88504597,7065,"0,1,0","35,36,27","8,6,4","13,10,24",228,149,8.07264399771e-09,5.999479011123755e-08,"0.0,0.018,0.0","0.287,0.282,0.098",-0.216,79,33.0,21.666666666666664,HERC5_chr4_+_88504231_88504597_88504231_88504415_88504494_88504597_79
7077,ENSG00000204344,STK19,chr6,+,31979413,31980548,31979413,31979553,31980450,31980548,7077,"72,51,69","56,52,69","158,154,178","36,44,29",1046,149,1.3544720900399999e-14,1.884825420605381e-13,"0.155,0.123,0.125","0.385,0.333,0.466",-0.26,897,123.0,199.66666666666669,STK19_chr6_+_31979413_31980548_31979413_31979553_31980450_31980548_897
7117,ENSG00000114388,NPRL2,chr3,-,50347758,50348563,50347758,50347901,50348526,50348563,7117,"73,82,59","1,0,0","115,111,186","11,9,10",774,149,1.8199633578e-08,1.2892710816430374e-07,"0.934,1.0,1.0","0.668,0.704,0.782",0.26,625,71.66666666666666,147.33333333333334,NPRL2_chr3_-_50347758_50348563_50347758_50347901_50348526_50348563_625
7119,ENSG00000114388,NPRL2,chr3,-,50348526,50348782,50348526,50348563,50348684,50348782,7119,"23,22,19","92,87,106","48,63,57","76,72,79",270,149,6.66100508084e-11,6.317733335625354e-10,"0.121,0.122,0.09","0.258,0.326,0.285",-0.179,121,116.33333333333333,131.66666666666669,NPRL2_chr3_-_50348526_50348782_50348526_50348563_50348684_50348782_121
7120,ENSG00000114388,NPRL2,chr3,-,50348522,50348782,50348522,50348563,50348710,50348782,7120,"36,36,31","11,11,10","60,77,73","1,4,14",296,149,0.000218608903146,0.0008638370988992,"0.622,0.622,0.609","0.968,0.906,0.724",-0.248,147,45.0,76.33333333333333,NPRL2_chr3_-_50348522_50348782_50348522_50348563_50348710_50348782_147
7123,ENSG00000114388,NPRL2,chr3,-,50349385,50349828,50349385,50349494,50349664,50349828,7123,"36,41,40","73,72,69","68,79,102","51,45,52",319,149,2.26888730026e-10,2.0129589839746914e-09,"0.187,0.21,0.213","0.384,0.451,0.478",-0.234,170,110.33333333333333,132.33333333333334,NPRL2_chr3_-_50349385_50349828_50349385_50349494_50349664_50349828_170
7126,ENSG00000114388,NPRL2,chr3,-,50349664,50350022,50349664,50349828,50349930,50350022,7126,"12,6,9","16,15,15","26,38,39","6,5,11",251,149,5.24986831785e-10,4.475663599252121e-09,"0.308,0.192,0.263","0.72,0.819,0.678",-0.485,102,24.333333333333336,41.66666666666667,NPRL2_chr3_-_50349664_50350022_50349664_50349828_50349930_50350022_102
7127,ENSG00000114388,NPRL2,chr3,-,50349664,50350022,50349664,50349833,50349930,50350022,7127,"9,5,7","50,51,45","26,35,37","42,48,43",246,149,6.91766643968e-11,6.544430099886041e-10,"0.098,0.056,0.086","0.273,0.306,0.343",-0.227,97,55.666666666666664,77.0,NPRL2_chr3_-_50349664_50350022_50349664_50349833_50349930_50350022_97
7151,ENSG00000204386,NEU1,chr6,-,31860438,31861450,31860438,31860621,31861187,31861450,7151,"5,14,8","75,60,85","214,192,216","118,112,111",715,149,0.0,0.0,"0.014,0.046,0.019","0.274,0.263,0.289",-0.249,566,82.33333333333333,321.0,NEU1_chr6_-_31860438_31861450_31860438_31860621_31861187_31861450_566
7153,ENSG00000204386,NEU1,chr6,-,31860438,31862191,31860438,31861450,31861998,31862191,7153,"8,9,7","80,89,95","183,171,122","141,144,123",697,149,0.0,0.0,"0.021,0.021,0.016","0.217,0.202,0.175",-0.179,548,96.0,294.66666666666663,NEU1_chr6_-_31860438_31862191_31860438_31861450_31861998_31862191_548
7177,ENSG00000100316,RPL3,chr22,-,39313190,39314208,39313190,39313310,39314106,39314208,7177,"517,521,625","27,31,32","1696,1855,1689","363,356,273",945,149,0.0,0.0,"0.751,0.726,0.755","0.424,0.451,0.494",0.288,796,584.3333333333334,2077.3333333333335,RPL3_chr22_-_39313190_39314208_39313190_39313310_39314106_39314208_796
7203,ENSG00000204348,DXO,chr6,-,31970342,31970825,31970342,31970478,31970605,31970825,7203,"35,20,39","75,80,67","45,55,63","41,47,29",276,149,3.32801004754e-07,2.0265887128574857e-06,"0.201,0.119,0.239","0.372,0.387,0.54",-0.247,127,105.33333333333333,93.33333333333334,DXO_chr6_-_31970342_31970825_31970342_31970478_31970605_31970825_127
7205,ENSG00000204348,DXO,chr6,-,31970605,31971147,31970605,31970825,31970911,31971147,7205,"49,27,47","64,59,54","63,71,59","35,32,36",235,149,7.20531536769e-07,4.206493098572078e-06,"0.327,0.225,0.356","0.533,0.585,0.51",-0.24,86,100.0,98.66666666666666,DXO_chr6_-_31970605_31971147_31970605_31970825_31970911_31971147_86
7213,ENSG00000073050,XRCC1,chr19,-,43552796,43553091,43552796,43552908,43552981,43553091,7213,"3,13,10","127,152,141","17,21,18","51,49,62",222,149,1.56276103169e-11,1.5979513824760564e-10,"0.016,0.054,0.045","0.183,0.223,0.163",-0.151,73,148.66666666666666,72.66666666666667,XRCC1_chr19_-_43552796_43553091_43552796_43552908_43552981_43553091_73
7241,ENSG00000237441,RGL2,chr6,-,33293412,33293699,33293412,33293524,33293603,33293699,7241,"14,16,11","39,50,28","18,21,21","15,12,17",228,149,8.87720154497e-07,5.131894299223888e-06,"0.19,0.173,0.204","0.44,0.534,0.447",-0.285,79,52.666666666666664,34.666666666666664,RGL2_chr6_-_33293412_33293699_33293412_33293524_33293603_33293699_79
7242,ENSG00000237441,RGL2,chr6,-,33293794,33294066,33293794,33293916,33294033,33294066,7242,"13,12,6","49,46,53","19,33,27","15,27,31",266,149,1.44342093833e-10,1.3103859363027675e-09,"0.129,0.127,0.06","0.415,0.406,0.328",-0.278,117,59.66666666666667,50.666666666666664,RGL2_chr6_-_33293794_33294066_33293794_33293916_33294033_33294066_117
7246,ENSG00000112511,PHF1,chr6,+,33414724,33415144,33414724,33414829,33414954,33415144,7246,"12,21,12","29,21,26","15,14,26","4,9,18",274,149,0.00177623178684,0.0058500493618971,"0.184,0.352,0.201","0.671,0.458,0.44",-0.277,125,40.33333333333333,28.666666666666664,PHF1_chr6_+_33414724_33415144_33414724_33414829_33414954_33415144_125
7251,ENSG00000168036,CTNNB1,chr3,+,41239133,41239900,41239133,41239354,41239659,41239900,7251,"296,341,334","118,137,147","534,534,517","108,82,116",454,149,4.68361793793e-10,4.006735207108052e-09,"0.452,0.45,0.427","0.619,0.681,0.594",-0.188,305,457.6666666666667,630.3333333333334,CTNNB1_chr3_+_41239133_41239900_41239133_41239354_41239659_41239900_305
7269,ENSG00000124782,RREB1,chr6,+,7181123,7182082,7181123,7181246,7181869,7182082,7269,"7,10,13","13,15,9","14,18,8","7,5,2",772,149,0.00239901038843,0.0076828411273684,"0.094,0.114,0.218","0.279,0.41,0.436",-0.233,623,22.333333333333336,18.0,RREB1_chr6_+_7181123_7182082_7181123_7181246_7181869_7182082_623
7274,ENSG00000044090,CUL7,chr6,-,43038565,43038987,43038565,43038692,43038841,43038987,7274,"4,24,20","58,58,58","17,11,16","17,22,17",298,149,0.000468409053727,0.0017405761280025,"0.033,0.171,0.147","0.333,0.2,0.32",-0.167,149,74.0,33.333333333333336,CUL7_chr6_-_43038565_43038987_43038565_43038692_43038841_43038987_149
7293,ENSG00000177728,TMEM94,chr17,+,75492928,75493593,75492928,75493102,75493490,75493593,7293,"85,86,81","59,60,61","101,61,73","26,22,35",537,149,0.000595908000354,0.0021655314250982,"0.286,0.285,0.269","0.519,0.435,0.367",-0.16,388,144.0,106.0,TMEM94_chr17_+_75492928_75493593_75492928_75493102_75493490_75493593_388
7294,ENSG00000177728,TMEM94,chr17,+,75498443,75498722,75498443,75498538,75498628,75498722,7294,"20,24,26","126,119,131","36,33,40","67,74,48",239,149,3.48685199603e-08,2.3792071071347293e-07,"0.09,0.112,0.11","0.251,0.218,0.342",-0.166,90,148.66666666666666,99.33333333333334,TMEM94_chr17_+_75498443_75498722_75498443_75498538_75498628_75498722_90
7319,ENSG00000204351,SKIC2,chr6,+,31961040,31961675,31961040,31961094,31961546,31961675,7319,"22,15,24","0,1,0","25,26,23","6,4,5",601,149,5.41584969871e-07,3.210979793391852e-06,"1.0,0.788,1.0","0.508,0.617,0.533",0.377,452,20.666666666666664,29.666666666666668,SKIC2_chr6_+_31961040_31961675_31961040_31961094_31961546_31961675_452
7330,ENSG00000204351,SKIC2,chr6,+,31969279,31969751,31969279,31969420,31969514,31969751,7330,"51,42,56","53,52,51","63,74,76","31,47,40",243,149,0.00034885109094,0.0013289309406789,"0.371,0.331,0.402","0.555,0.491,0.538",-0.16,94,101.66666666666666,110.33333333333334,SKIC2_chr6_+_31969279_31969751_31969279_31969420_31969514_31969751_94
7332,ENSG00000112365,ZBTB24,chr6,-,109475398,109476258,109475398,109475482,109476174,109476258,7332,"3,7,19","19,19,17","36,26,36","13,15,14",841,149,5.36960832576e-07,3.1861107961729536e-06,"0.027,0.061,0.165","0.329,0.235,0.313",-0.208,692,28.0,46.666666666666664,ZBTB24_chr6_-_109475398_109476258_109475398_109475482_109476174_109476258_692
7352,ENSG00000231925,TAPBP,chr6,-,33304296,33305387,33304296,33304638,33304988,33305387,7352,"3,3,7","27,41,29","6,8,14","3,14,8",499,149,6.80636916162e-07,3.987586103612602e-06,"0.032,0.021,0.067","0.374,0.146,0.343",-0.248,350,36.66666666666667,17.666666666666668,TAPBP_chr6_-_33304296_33305387_33304296_33304638_33304988_33305387_350
7369,ENSG00000105298,CACTIN,chr19,-,3610644,3612413,3610644,3610971,3611903,3612413,7369,"364,378,360","23,19,22","650,647,589","16,10,14",1081,149,2.76195694726e-06,1.4758958701604768e-05,"0.686,0.733,0.693","0.848,0.899,0.853",-0.163,932,388.66666666666663,642.0,CACTIN_chr19_-_3610644_3612413_3610644_3610971_3611903_3612413_932
7370,ENSG00000165458,INPPL1,chr11,+,72233440,72233744,72233440,72233522,72233654,72233744,7370,"38,48,45","128,143,141","56,61,64","70,58,79",281,149,4.76988892828e-10,4.075837117632806e-09,"0.136,0.151,0.145","0.298,0.358,0.3",-0.175,132,181.0,129.33333333333334,INPPL1_chr11_+_72233440_72233744_72233440_72233522_72233654_72233744_132
7373,ENSG00000148218,ALAD,chr9,-,113390592,113390933,113390592,113390676,113390797,113390933,7373,"20,23,11","27,22,20","36,39,29","17,15,18",270,149,0.000325318295534,0.0012463253088717,"0.29,0.366,0.233","0.539,0.589,0.471",-0.237,121,41.0,51.33333333333333,ALAD_chr9_-_113390592_113390933_113390592_113390676_113390797_113390933_121
7376,ENSG00000099330,OCEL1,chr19,+,17226692,17227199,17226692,17226869,17226993,17227199,7376,"47,26,30","27,27,31","27,32,34","9,6,7",273,149,2.45378605859e-05,0.0001138194571392,"0.487,0.345,0.346","0.621,0.744,0.726",-0.304,124,62.66666666666667,38.333333333333336,OCEL1_chr19_+_17226692_17227199_17226692_17226869_17226993_17227199_124
7395,ENSG00000109065,NAT9,chr17,-,74771959,74772277,74771959,74772054,74772217,74772277,7395,"95,123,117","66,68,87","132,127,146","44,44,39",312,149,1.47312763521e-06,8.209006514164214e-06,"0.407,0.463,0.391","0.589,0.58,0.641",-0.183,163,185.33333333333334,177.33333333333334,NAT9_chr17_-_74771959_74772277_74771959_74772054_74772217_74772277_163
7402,ENSG00000196295,GARS1-DT,chr7,-,30576563,30578091,30576563,30576710,30577648,30578091,7402,"25,7,18","1,1,4","14,16,10","0,0,0",1087,149,6.8786511136e-06,3.477774731395446e-05,"0.774,0.49,0.382","1.0,1.0,1.0",-0.451,938,18.666666666666668,13.333333333333334,GARS1-DT_chr7_-_30576563_30578091_30576563_30576710_30577648_30578091_938
7426,ENSG00000213066,CEP43,chr6,+,167003192,167004401,167003192,167003247,167004263,167004401,7426,"4,20,12","8,8,7","30,27,43","3,9,1",1165,149,0.00167297339708,0.0055444341761136,"0.06,0.242,0.18","0.561,0.277,0.846",-0.401,1016,19.666666666666668,37.66666666666667,CEP43_chr6_+_167003192_167004401_167003192_167003247_167004263_167004401_1016
7442,ENSG00000204256,BRD2,chr6,+,32976030,32976464,32976030,32976169,32976249,32976464,7442,"154,143,150","1377,1560,1460","1166,1221,1157","575,559,620",229,149,0.0,0.0,"0.068,0.056,0.063","0.569,0.587,0.548",-0.506,80,1614.6666666666667,1766.0,BRD2_chr6_+_32976030_32976464_32976030_32976169_32976249_32976464_80
7461,ENSG00000156345,CDK20,chr9,-,87969193,87970897,87969193,87969349,87970775,87970897,7461,"131,155,163","14,13,13","190,169,202","3,5,4",1575,149,2.96856090454e-06,1.579470317716871e-05,"0.47,0.53,0.543","0.857,0.762,0.827",-0.301,1426,163.0,191.0,CDK20_chr9_-_87969193_87970897_87969193_87969349_87970775_87970897_1426
7473,ENSG00000137221,TJAP1,chr6,+,43500743,43501687,43500743,43500772,43501525,43501687,7473,"51,70,76","78,62,49","140,161,186","49,57,44",902,149,1.09463549336e-10,1.008560429099518e-09,"0.097,0.157,0.204","0.321,0.318,0.411",-0.197,753,128.66666666666669,212.33333333333334,TJAP1_chr6_+_43500743_43501687_43500743_43500772_43501525_43501687_753
7475,ENSG00000137221,TJAP1,chr6,+,43503622,43506553,43503622,43503706,43504760,43506553,7475,"65,75,63","82,57,82","247,212,253","50,73,67",1203,149,0.0,0.0,"0.089,0.14,0.087","0.38,0.265,0.319",-0.216,1054,141.33333333333334,300.6666666666667,TJAP1_chr6_+_43503622_43506553_43503622_43503706_43504760_43506553_1054
7484,ENSG00000079616,KIF22,chr16,+,29803997,29805026,29803997,29804065,29804813,29805026,7484,"498,535,529","337,287,276","836,823,885","165,135,163",897,149,0.0,0.0,"0.197,0.236,0.241","0.457,0.503,0.474",-0.253,748,820.6666666666666,1002.3333333333334,KIF22_chr16_+_29803997_29805026_29803997_29804065_29804813_29805026_748
7487,ENSG00000079616,KIF22,chr16,+,29805114,29805359,29805114,29805174,29805262,29805359,7487,"3,5,14","230,218,220","59,56,49","134,103,149",237,149,0.0,0.0,"0.008,0.014,0.038","0.217,0.255,0.171",-0.194,88,230.0,183.33333333333331,KIF22_chr16_+_29805114_29805359_29805114_29805174_29805262_29805359_88
7511,ENSG00000183020,AP2A2,chr11,+,1009682,1012196,1009682,1009817,1010547,1012196,7511,"18,23,21","110,104,119","124,115,132","80,83,95",879,149,0.0,0.0,"0.027,0.036,0.029","0.208,0.19,0.191",-0.166,730,131.66666666666666,209.66666666666669,AP2A2_chr11_+_1009682_1012196_1009682_1009817_1010547_1012196_730
7512,ENSG00000239857,GET4,chr7,+,893739,893971,893739,893815,893898,893971,7512,"8,5,7","176,169,179","101,127,102","164,182,181",232,149,0.0,0.0,"0.028,0.019,0.025","0.283,0.309,0.266",-0.262,83,181.33333333333331,285.66666666666663,GET4_chr7_+_893739_893971_893739_893815_893898_893971_83
7535,ENSG00000221829,FANCG,chr9,-,35074370,35075325,35074370,35074494,35074926,35075325,7535,"86,122,77","166,153,156","199,245,272","101,88,95",581,149,0.0,0.0,"0.117,0.17,0.112","0.336,0.417,0.423",-0.259,432,253.33333333333334,333.3333333333333,FANCG_chr9_-_35074370_35075325_35074370_35074494_35074926_35075325_432
7539,ENSG00000221829,FANCG,chr9,-,35074926,35075325,35074926,35075082,35075278,35075325,7539,"61,70,54","101,132,108","183,194,194","73,65,65",345,149,0.0,0.0,"0.207,0.186,0.178","0.52,0.563,0.563",-0.358,196,175.33333333333334,258.0,FANCG_chr9_-_35074926_35075325_35074926_35075082_35075278_35075325_196
7540,ENSG00000221829,FANCG,chr9,-,35075464,35076028,35075464,35075729,35075961,35076028,7540,"33,41,36","13,9,8","83,92,88","3,6,9",381,149,3.98470348977e-05,0.0001776114530265,"0.498,0.64,0.638","0.915,0.857,0.793",-0.263,232,46.666666666666664,93.66666666666667,FANCG_chr9_-_35075464_35076028_35075464_35075729_35075961_35076028_232
7541,ENSG00000221829,FANCG,chr9,-,35075464,35076028,35075464,35075754,35075961,35076028,7541,"20,26,26","53,55,51","67,85,76","17,23,26",356,149,0.0,0.0,"0.136,0.165,0.176","0.623,0.607,0.55",-0.434,207,77.0,98.0,FANCG_chr9_-_35075464_35076028_35075464_35075754_35075961_35076028_207
7545,ENSG00000221829,FANCG,chr9,-,35075464,35076583,35075464,35076028,35076449,35076583,7545,"50,103,65","10,15,8","172,158,176","5,9,11",570,149,0.00014499568955,0.0005908972688968,"0.567,0.642,0.68","0.9,0.821,0.807",-0.213,421,83.66666666666667,177.0,FANCG_chr9_-_35075464_35076583_35075464_35076028_35076449_35076583_421
7546,ENSG00000221829,FANCG,chr9,-,35076723,35077101,35076723,35076870,35076970,35077101,7546,"8,3,13","110,108,96","46,37,35","61,68,72",249,149,0.0,0.0,"0.042,0.016,0.075","0.311,0.246,0.225",-0.216,100,112.66666666666667,106.33333333333334,FANCG_chr9_-_35076723_35077101_35076723_35076870_35076970_35077101_100
7548,ENSG00000221829,FANCG,chr9,-,35077263,35078343,35077263,35077399,35078140,35078343,7548,"66,83,77","90,81,103","171,175,190","46,41,57",890,149,0.0,0.0,"0.109,0.146,0.111","0.384,0.417,0.358",-0.264,741,166.66666666666666,226.66666666666666,FANCG_chr9_-_35077263_35078343_35077263_35077399_35078140_35078343_741
7550,ENSG00000221829,FANCG,chr9,-,35077263,35078736,35077263,35078343,35078604,35078736,7550,"29,35,13","110,100,102","92,109,82","66,63,81",410,149,0.0,0.0,"0.087,0.113,0.044","0.336,0.386,0.269",-0.249,261,129.66666666666666,164.33333333333331,FANCG_chr9_-_35077263_35078736_35077263_35078343_35078604_35078736_261
7552,ENSG00000120314,WDR55,chr5,+,140668233,140668502,140668233,140668334,140668414,140668502,7552,"21,12,20","65,53,47","54,42,56","38,35,43",229,149,1.60906843405e-11,1.6416039305844359e-10,"0.174,0.128,0.217","0.48,0.438,0.459",-0.286,80,72.66666666666667,89.33333333333333,WDR55_chr5_+_140668233_140668502_140668233_140668334_140668414_140668502_80
7553,ENSG00000120314,WDR55,chr5,+,140668890,140669248,140668890,140668990,140669078,140669248,7553,"28,27,21","40,38,44","35,47,47","25,25,29",237,149,8.45174420405e-06,4.20715347392207e-05,"0.306,0.309,0.231","0.468,0.542,0.505",-0.223,88,66.0,69.33333333333333,WDR55_chr5_+_140668890_140669248_140668890_140668990_140669078_140669248_88
7560,ENSG00000234545,FAM133B,chr7,-,92577654,92578182,92577654,92577717,92578149,92578182,7560,"7,22,17","38,52,47","47,51,47","35,26,37",581,149,1.93989269093e-11,1.9549163163896482e-10,"0.045,0.098,0.085","0.256,0.335,0.246",-0.203,432,61.0,81.0,FAM133B_chr7_-_92577654_92578182_92577654_92577717_92578149_92578182_432
7571,ENSG00000184163,C1QTNF12,chr1,-,1243953,1244275,1243953,1244105,1244190,1244275,7571,"7,15,13","2,8,4","19,18,14","0,0,3",234,149,8.22633940608e-05,0.0003490546874994,"0.69,0.544,0.674","1.0,1.0,0.748",-0.28,85,16.333333333333332,18.0,C1QTNF12_chr1_-_1243953_1244275_1243953_1244105_1244190_1244275_85
7590,ENSG00000001631,KRIT1,chr7,-,92245426,92245914,92245426,92245676,92245789,92245914,7590,"6,9,18","1,6,2","6,12,11","1,0,0",262,149,4.89083769336e-05,0.0002147740862738,"0.773,0.46,0.837","0.773,1.0,1.0",-0.234,113,14.0,10.0,KRIT1_chr7_-_92245426_92245914_92245426_92245676_92245789_92245914_113
7603,ENSG00000272333,KMT2B,chr19,+,35732214,35733686,35732214,35733508,35733596,35733686,7603,"6,4,7","43,39,41","18,34,28","25,30,33",237,149,2.10083062058e-11,2.1113632402224744e-10,"0.081,0.061,0.097","0.312,0.416,0.348",-0.279,88,46.666666666666664,56.0,KMT2B_chr19_+_35732214_35733686_35732214_35733508_35733596_35733686_88
7650,ENSG00000160813,PPP1R35,chr7,-,100435630,100436064,100435630,100435767,100435847,100436064,7650,"42,67,49","26,43,51","61,56,72","23,12,20",229,149,3.92445112416e-05,0.0001752417458633,"0.512,0.503,0.385","0.633,0.752,0.701",-0.229,80,92.66666666666666,81.33333333333333,PPP1R35_chr7_-_100435630_100436064_100435630_100435767_100435847_100436064_80
7651,ENSG00000122557,HERPUD2,chr7,-,35694183,35695135,35694183,35694627,35694800,35695135,7651,"15,19,13","34,24,27","18,32,23","20,6,9",322,149,0.000807287940335,0.0028539821989822,"0.17,0.268,0.182","0.294,0.712,0.542",-0.309,173,44.0,36.0,HERPUD2_chr7_-_35694183_35695135_35694183_35694627_35694800_35695135_173
7665,ENSG00000115677,HDLBP,chr2,-,241235120,241235594,241235120,241235275,241235489,241235594,7665,"52,68,41","1,1,0","50,54,59","5,5,9",363,149,7.25986852967e-07,4.229885693995474e-06,"0.955,0.965,1.0","0.804,0.816,0.729",0.19,214,54.33333333333333,60.66666666666667,HDLBP_chr2_-_241235120_241235594_241235120_241235275_241235489_241235594_214
7676,ENSG00000281128,PTENP1-AS,chr9,+,33678089,33681073,33678089,33678287,33680893,33681073,7676,"11,16,27","3,1,3","7,10,17","0,0,0",2755,149,8.20419288061e-11,7.692856965295115e-10,"0.165,0.464,0.327","1.0,1.0,1.0",-0.681,2606,20.333333333333332,11.333333333333334,PTENP1-AS_chr9_+_33678089_33681073_33678089_33678287_33680893_33681073_2606
7747,ENSG00000103145,HCFC1R1,chr16,-,3023232,3023530,3023232,3023361,3023473,3023530,7747,"5,30,12","38,30,29","15,23,22","12,9,16",261,149,0.000389251545625,0.0014729993438268,"0.07,0.363,0.191","0.416,0.593,0.44",-0.275,112,48.0,32.333333333333336,HCFC1R1_chr16_-_3023232_3023530_3023232_3023361_3023473_3023530_112
7777,ENSG00000196305,IARS1,chr9,-,92285721,92287910,92285721,92285839,92287790,92287910,7777,"47,85,66","4,8,5","54,58,65","27,31,20",2100,149,2.14273598864e-09,1.6961230339106592e-08,"0.455,0.43,0.484","0.124,0.117,0.187",0.314,1951,71.66666666666667,85.0,IARS1_chr9_-_92285721_92287910_92285721_92285839_92287790_92287910_1951
7814,ENSG00000188878,FBF1,chr17,-,75920006,75920429,75920006,75920107,75920273,75920429,7814,"14,6,22","19,25,24","20,25,28","7,15,16",315,149,0.000320648351721,0.0012297046663467,"0.258,0.102,0.302","0.575,0.441,0.453",-0.269,166,36.66666666666667,37.0,FBF1_chr17_-_75920006_75920429_75920006_75920107_75920273_75920429_166
7820,ENSG00000106077,ABHD11,chr7,-,73737220,73737735,73737220,73737391,73737561,73737735,7820,"20,11,17","29,29,46","33,45,44","15,26,26",319,149,1.28966911594e-08,9.377917483261747e-08,"0.244,0.151,0.147","0.507,0.447,0.441",-0.284,170,50.666666666666664,63.0,ABHD11_chr7_-_73737220_73737735_73737220_73737391_73737561_73737735_170
7835,ENSG00000161203,AP2M1,chr3,+,184180848,184182047,184180848,184180984,184181911,184182047,7835,"21,24,13","0,0,0","162,193,132","3,4,6",1076,149,2.84263525406e-05,0.0001302274594154,"1.0,1.0,1.0","0.882,0.87,0.753",0.165,927,19.333333333333332,166.66666666666669,AP2M1_chr3_+_184180848_184182047_184180848_184180984_184181911_184182047_927
7851,ENSG00000164896,FASTK,chr7,-,151076625,151077027,151076625,151076832,151076912,151077027,7851,"34,35,39","149,108,140","82,120,92","75,97,113",229,149,2.22044604925e-16,3.5493638679498387e-15,"0.129,0.174,0.153","0.416,0.446,0.346",-0.251,80,168.33333333333334,193.0,FASTK_chr7_-_151076625_151077027_151076625_151076832_151076912_151077027_80
7852,ENSG00000164896,FASTK,chr7,-,151076912,151077236,151076912,151077027,151077100,151077236,7852,"71,59,69","153,123,129","145,136,159","76,79,96",222,149,0.0,0.0,"0.237,0.244,0.264","0.562,0.536,0.526",-0.293,73,201.33333333333331,230.33333333333331,FASTK_chr7_-_151076912_151077236_151076912_151077027_151077100_151077236_73
7853,ENSG00000164896,FASTK,chr7,-,151077100,151077401,151077100,151077236,151077309,151077401,7853,"104,141,116","140,138,144","263,238,238","91,51,93",222,149,0.0,0.0,"0.333,0.407,0.351","0.66,0.758,0.632",-0.32,73,261.0,324.6666666666667,FASTK_chr7_-_151077100_151077401_151077100_151077236_151077309_151077401_73
7854,ENSG00000164896,FASTK,chr7,-,151077309,151077780,151077309,151077401,151077620,151077780,7854,"102,126,104","101,102,97","206,245,230","72,73,79",368,149,1.08579811808e-13,1.3837396291751478e-12,"0.29,0.333,0.303","0.537,0.576,0.541",-0.243,219,210.66666666666669,301.6666666666667,FASTK_chr7_-_151077309_151077780_151077309_151077401_151077620_151077780_219
7856,ENSG00000164896,FASTK,chr7,-,151076912,151078092,151076912,151077780,151077878,151078092,7856,"84,102,82","123,118,85","160,152,159","85,96,90",247,149,5.87729228618e-08,3.902585218137607e-07,"0.292,0.343,0.368","0.532,0.489,0.516",-0.178,98,198.0,247.33333333333331,FASTK_chr7_-_151076912_151078092_151076912_151077780_151077878_151078092_98
7860,ENSG00000088038,CNOT3,chr19,+,54143659,54144134,54143659,54143749,54144005,54144134,7860,"8,6,9","165,168,159","80,89,84","134,132,123",405,149,0.0,0.0,"0.018,0.013,0.02","0.18,0.199,0.201",-0.176,256,171.66666666666666,214.0,CNOT3_chr19_+_54143659_54144134_54143659_54143749_54144005_54144134_256
7885,ENSG00000136247,ZDHHC4,chr7,+,6577433,6577720,6577433,6577498,6577589,6577720,7885,"23,31,48","47,30,56","50,62,28","18,19,28",240,149,0.00183148134077,0.0060159863173122,"0.233,0.391,0.347","0.633,0.67,0.383",-0.238,91,78.33333333333334,68.33333333333333,ZDHHC4_chr7_+_6577433_6577720_6577433_6577498_6577589_6577720_91
7935,ENSG00000267673,FDX2,chr19,-,10315385,10315759,10315385,10315492,10315704,10315759,7935,"8,4,7","67,76,85","110,155,129","97,88,109",361,149,0.0,0.0,"0.047,0.021,0.033","0.319,0.421,0.328",-0.322,212,82.33333333333333,229.33333333333334,FDX2_chr19_-_10315385_10315759_10315385_10315492_10315704_10315759_212
7971,ENSG00000110497,AMBRA1,chr11,-,46541944,46543398,46541944,46542981,46543251,46543398,7971,"19,21,25","26,26,35","34,27,42","15,19,15",419,149,0.000122172456297,0.0005040636886542,"0.206,0.223,0.203","0.446,0.336,0.499",-0.216,270,50.66666666666667,50.66666666666667,AMBRA1_chr11_-_46541944_46543398_46541944_46542981_46543251_46543398_270
7986,ENSG00000107185,RGP1,chr9,+,35750657,35750989,35750657,35750741,35750839,35750989,7986,"4,5,2","24,41,34","10,12,15","23,26,18",247,149,4.51290578818e-06,2.34563575549622e-05,"0.091,0.069,0.034","0.208,0.218,0.335",-0.189,98,36.666666666666664,34.666666666666664,RGP1_chr9_+_35750657_35750989_35750657_35750741_35750839_35750989_98
8026,ENSG00000077454,LRCH4,chr7,-,100576693,100577005,100576693,100576777,100576901,100577005,8026,"20,27,28","44,33,37","45,35,47","22,17,17",273,149,1.58370998316e-07,9.96299995343318e-07,"0.199,0.309,0.292","0.527,0.529,0.601",-0.286,124,63.0,61.0,LRCH4_chr7_-_100576693_100577005_100576693_100576777_100576901_100577005_124
8027,ENSG00000077454,LRCH4,chr7,-,100577085,100577389,100577085,100577154,100577272,100577389,8027,"14,16,20","39,46,41","18,38,29","36,26,22",267,149,0.00162938401966,0.0054217771529018,"0.167,0.163,0.214","0.218,0.449,0.424",-0.182,118,58.66666666666667,56.33333333333333,LRCH4_chr7_-_100577085_100577389_100577085_100577154_100577272_100577389_118
8037,ENSG00000145191,EIF2B5,chr3,+,184143051,184144224,184143051,184143565,184144098,184144224,8037,"42,45,61","90,78,103","94,148,123","67,70,68",682,149,3.6970426720000004e-14,4.949632761412274e-13,"0.093,0.112,0.115","0.235,0.316,0.283",-0.171,533,139.66666666666666,190.0,EIF2B5_chr3_+_184143051_184144224_184143051_184143565_184144098_184144224_533
8041,ENSG00000145191,EIF2B5,chr3,+,184144596,184145292,184144596,184144707,184144883,184145292,8041,"5,8,3","119,106,124","40,44,41","83,88,83",325,149,0.0,0.0,"0.019,0.033,0.011","0.181,0.186,0.185",-0.163,176,121.66666666666666,126.33333333333334,EIF2B5_chr3_+_184144596_184145292_184144596_184144707_184144883_184145292_176
8051,ENSG00000159352,PSMD4,chr1,+,151266003,151266439,151266003,151266121,151266307,151266439,8051,"18,16,24","36,32,42","69,65,60","40,43,39",335,149,8.72065257784e-08,5.678760330977988e-07,"0.182,0.182,0.203","0.434,0.402,0.406",-0.225,186,56.0,105.33333333333334,PSMD4_chr1_+_151266003_151266439_151266003_151266121_151266307_151266439_186
8057,ENSG00000105819,PMPCB,chr7,+,103310314,103311896,103310314,103310475,103311807,103311896,8057,"31,20,22","0,0,0","34,37,26","2,0,5",1481,149,1.12686459545e-05,5.512077160092241e-05,"1.0,1.0,1.0","0.631,1.0,0.343",0.342,1332,24.333333333333332,34.66666666666667,PMPCB_chr7_+_103310314_103311896_103310314_103310475_103311807_103311896_1332
8066,ENSG00000122515,ZMIZ2,chr7,+,44761448,44761905,44761448,44761593,44761694,44761905,8066,"18,21,11","47,46,42","16,33,33","34,23,35",250,149,0.00262508175624,0.0083599104276651,"0.186,0.214,0.135","0.219,0.461,0.36",-0.168,101,61.66666666666667,58.0,ZMIZ2_chr7_+_44761448_44761905_44761448_44761593_44761694_44761905_101
8067,ENSG00000141258,SGSM2,chr17,+,2362837,2363134,2362837,2362905,2362988,2363134,8067,"18,16,28","45,34,37","19,34,25","16,17,21",232,149,0.000272022369945,0.001057991566797,"0.204,0.232,0.327","0.433,0.562,0.433",-0.222,83,59.33333333333333,44.0,SGSM2_chr17_+_2362837_2363134_2362837_2362905_2362988_2363134_83
8120,ENSG00000107897,ACBD5,chr10,-,27240318,27240797,27240318,27240484,27240673,27240797,8120,"17,7,13","37,28,36","15,20,18","10,12,22",338,149,7.80298124079e-05,0.0003326132865686,"0.168,0.099,0.137","0.398,0.424,0.265",-0.228,189,46.0,32.333333333333336,ACBD5_chr10_-_27240318_27240797_27240318_27240484_27240673_27240797_189
8125,ENSG00000119321,FKBP15,chr9,-,113186248,113187899,113186248,113186363,113187792,113187899,8125,"33,35,43","32,25,28","72,76,74","12,14,21",1578,149,3.24403643948e-08,2.2299368185007562e-07,"0.089,0.117,0.127","0.362,0.339,0.25",-0.206,1429,65.33333333333333,89.66666666666667,FKBP15_chr9_-_113186248_113187899_113186248_113186363_113187792_113187899_1429
8163,ENSG00000172613,RAD9A,chr11,+,67395911,67396175,67395911,67396021,67396110,67396175,8163,"5,4,11","65,65,37","39,46,49","44,40,59",238,149,9.99200722163e-16,1.528056032223293e-14,"0.046,0.037,0.157","0.357,0.419,0.342",-0.293,89,62.33333333333333,92.33333333333333,RAD9A_chr11_+_67395911_67396175_67395911_67396021_67396110_67396175_89
8193,ENSG00000130734,ATG4D,chr19,+,10546838,10547253,10546838,10547115,10547188,10547253,8193,"5,7,10","62,59,68","14,17,20","30,27,33",222,149,1.48835138658e-08,1.0686449403934037e-07,"0.051,0.074,0.09","0.239,0.297,0.289",-0.203,73,70.33333333333333,47.0,ATG4D_chr19_+_10546838_10547253_10546838_10547115_10547188_10547253_73
8219,ENSG00000167716,WDR81,chr17,+,1735571,1736218,1735571,1735717,1736038,1736218,8219,"2,2,6","19,12,12","29,17,13","16,14,8",470,149,1.22194907526e-07,7.799652574185387e-07,"0.032,0.05,0.137","0.365,0.278,0.34",-0.255,321,17.666666666666668,32.333333333333336,WDR81_chr17_+_1735571_1736218_1735571_1735717_1736038_1736218_321
8247,ENSG00000072778,ACADVL,chr17,+,7224320,7224552,7224320,7224393,7224483,7224552,8247,"11,6,10","23,26,23","33,38,32","17,20,27",239,149,3.14350797836e-07,1.922126848763077e-06,"0.23,0.126,0.213","0.548,0.542,0.425",-0.315,90,33.0,55.66666666666667,ACADVL_chr17_+_7224320_7224552_7224320_7224393_7224483_7224552_90
8267,ENSG00000090520,DNAJB11,chr3,+,186577667,186582077,186577667,186577800,186581994,186582077,8267,"113,112,103","0,1,0","231,217,215","2,3,4",4343,149,0.000115213765086,0.0004771303716598,"1.0,0.793,1.0","0.798,0.713,0.648",0.211,4194,109.66666666666666,224.0,DNAJB11_chr3_+_186577667_186582077_186577667_186577800_186581994_186582077_4194
8285,ENSG00000172037,LAMB2,chr3,-,49121113,49121592,49121113,49121362,49121432,49121592,8285,"18,15,6","62,46,70","13,12,23","20,24,33",219,149,0.000186985153793,0.0007504701762352,"0.165,0.182,0.055","0.307,0.254,0.322",-0.16,70,72.33333333333334,41.66666666666667,LAMB2_chr3_-_49121113_49121592_49121113_49121362_49121432_49121592_70
8302,ENSG00000147140,NONO,chrX,+,71290628,71291972,71290628,71290806,71291778,71291972,8302,"23,25,24","4,3,2","40,53,48","1,2,0",1121,149,0.000365257458306,0.0013871554368948,"0.433,0.526,0.615","0.842,0.779,1.0",-0.349,972,27.0,48.0,NONO_chrX_+_71290628_71291972_71290628_71290806_71291778_71291972_972
8321,ENSG00000090316,MAEA,chr4,+,1338421,1340136,1338421,1338617,1339073,1340136,8321,"51,55,56","97,94,97","205,199,208","101,104,131",605,149,1.11022302463e-16,1.817775755779406e-15,"0.115,0.126,0.124","0.333,0.32,0.281",-0.19,456,150.0,316.0,MAEA_chr4_+_1338421_1340136_1338421_1338617_1339073_1340136_456
8329,ENSG00000197114,ZGPAT,chr20,+,63733586,63734824,63733586,63733712,63734704,63734824,8329,"100,86,96","10,13,6","355,374,316","4,2,2",1141,149,7.5338624228e-12,8.00553833666298e-11,"0.566,0.463,0.676","0.921,0.961,0.954",-0.377,992,103.66666666666667,351.0,ZGPAT_chr20_+_63733586_63734824_63733586_63733712_63734704_63734824_992
8330,ENSG00000197114,ZGPAT,chr20,+,63733586,63734824,63733586,63733739,63734704,63734824,8330,"91,76,80","31,52,50","340,348,300","41,47,49",1114,149,4.3964831775199997e-14,5.833401740190669e-13,"0.282,0.164,0.176","0.526,0.498,0.45",-0.284,965,126.66666666666666,375.0,ZGPAT_chr20_+_63733586_63734824_63733586_63733739_63734704_63734824_965
8399,ENSG00000184634,MED12,chrX,+,71132072,71132538,71132072,71132206,71132376,71132538,8399,"5,8,3","51,56,48","11,17,13","23,23,35",319,149,4.39537296448e-07,2.637579391387392e-06,"0.044,0.063,0.028","0.183,0.257,0.148",-0.151,170,57.0,40.666666666666664,MED12_chrX_+_71132072_71132538_71132072_71132206_71132376_71132538_170
8427,ENSG00000102103,PQBP1,chrX,+,48897930,48898576,48897930,48898093,48898491,48898576,8427,"64,51,70","46,63,64","80,72,111","33,44,35",547,149,0.000133975886046,0.0005495163914154,"0.275,0.181,0.23","0.398,0.308,0.463",-0.161,398,119.33333333333333,125.0,PQBP1_chrX_+_48897930_48898576_48897930_48898093_48898491_48898576_398
8476,ENSG00000076924,XAB2,chr19,-,7620274,7620669,7620274,7620446,7620546,7620669,8476,"21,18,19","146,130,145","47,57,61","75,113,115",249,149,1.6764367671799998e-14,2.2983607212891053e-13,"0.079,0.077,0.073","0.273,0.232,0.241",-0.172,100,159.66666666666669,156.0,XAB2_chr19_-_7620274_7620669_7620274_7620446_7620546_7620669_100
8477,ENSG00000076924,XAB2,chr19,-,7625879,7626270,7625879,7626044,7626135,7626270,8477,"8,1,7","128,136,143","37,35,24","84,75,84",240,149,0.0,0.0,"0.037,0.005,0.029","0.215,0.225,0.151",-0.173,91,141.0,113.0,XAB2_chr19_-_7625879_7626270_7625879_7626044_7626135_7626270_91
8487,ENSG00000102312,PORCN,chrX,+,48512834,48514365,48512834,48512852,48514239,48514365,8487,"9,8,7","4,9,5","24,36,30","0,4,7",1536,149,0.00156915963989,0.0052401877753553,"0.179,0.079,0.12","1.0,0.466,0.294",-0.461,1387,14.0,33.666666666666664,PORCN_chrX_+_48512834_48514365_48512834_48512852_48514239_48514365_1387
8491,ENSG00000119760,SUPT7L,chr2,-,27660983,27662281,27660983,27661388,27662178,27662281,8491,"248,245,273","30,40,45","450,463,396","41,28,29",939,149,4.62957814016e-05,0.0002043903634855,"0.567,0.493,0.49","0.635,0.724,0.684",-0.164,790,293.6666666666667,469.0,SUPT7L_chr2_-_27660983_27662281_27660983_27661388_27662178_27662281_790
8500,ENSG00000094631,HDAC6,chrX,+,48814674,48814893,48814674,48814740,48814833,48814893,8500,"13,26,28","57,51,50","26,21,25","27,26,20",242,149,0.000829684184102,0.0029275773518004,"0.123,0.239,0.256","0.372,0.332,0.435",-0.174,93,75.0,48.33333333333333,HDAC6_chrX_+_48814674_48814893_48814674_48814740_48814833_48814893_93
8545,ENSG00000215301,DDX3X,chrX,+,41343215,41344128,41343215,41343351,41344029,41344128,8545,"73,90,82","1,2,0","116,99,104","5,8,5",827,149,0.000142554922659,0.0005819096650312,"0.929,0.89,1.0","0.807,0.69,0.789",0.178,678,82.66666666666667,112.33333333333333,DDX3X_chrX_+_41343215_41344128_41343215_41343351_41344029_41344128_678
8566,ENSG00000172732,MUS81,chr11,+,65864719,65865145,65864719,65864815,65865016,65865145,8566,"36,34,36","43,44,52","45,54,53","34,21,34",350,149,0.000362721829707,0.0013782314605209,"0.263,0.248,0.228","0.36,0.523,0.399",-0.181,201,81.66666666666667,80.33333333333333,MUS81_chr11_+_65864719_65865145_65864719_65864815_65865016_65865145_201
8569,ENSG00000172732,MUS81,chr11,+,65864719,65865323,65864719,65865145,65865219,65865323,8569,"5,8,9","66,68,54","28,22,39","48,40,48",223,149,6.8992589419300005e-12,7.373458727996369e-11,"0.048,0.073,0.1","0.28,0.269,0.352",-0.227,74,70.0,75.0,MUS81_chr11_+_65864719_65865323_65864719_65865145_65865219_65865323_74
8580,ENSG00000111364,DDX55,chr12,+,123607431,123607662,123607431,123607523,123607599,123607662,8580,"37,65,55","65,82,81","104,111,108","52,51,74",225,149,4.12024603325e-09,3.157010829402402e-08,"0.274,0.344,0.31","0.57,0.59,0.491",-0.241,76,128.33333333333334,166.66666666666669,DDX55_chr12_+_123607431_123607662_123607431_123607523_123607599_123607662_76
8587,ENSG00000221914,PPP2R2A,chr8,+,26362683,26363890,26362683,26362848,26363720,26363890,8587,"23,17,13","139,170,122","295,342,289","151,163,177",1021,149,0.0,0.0,"0.024,0.014,0.015","0.222,0.234,0.192",-0.198,872,161.33333333333331,472.33333333333337,PPP2R2A_chr8_+_26362683_26363890_26362683_26362848_26363720_26363890_872
8647,ENSG00000182307,C8orf33,chr8,+,145052466,145052897,145052466,145052497,145052585,145052897,8647,"57,47,40","149,130,155","177,160,153","141,159,157",237,149,0.0,0.0,"0.194,0.185,0.14","0.441,0.387,0.38",-0.23,88,192.66666666666666,315.6666666666667,C8orf33_chr8_+_145052466_145052897_145052466_145052497_145052585_145052897_88
8650,ENSG00000160299,PCNT,chr21,+,46442496,46444821,46442496,46442573,46443809,46444821,8650,"132,154,151","73,51,76","186,212,196","45,35,21",1385,149,1.35542833035e-06,7.598799641879025e-06,"0.163,0.245,0.176","0.308,0.395,0.501",-0.207,1236,212.33333333333331,231.66666666666666,PCNT_chr21_+_46442496_46444821_46442496_46442573_46443809_46444821_1236
8662,ENSG00000100023,PPIL2,chr22,+,21670565,21671059,21670565,21670853,21670996,21671059,8662,"10,18,23","5,3,5","4,13,15","0,0,2",292,149,0.000253493534882,0.0009921696824378,"0.505,0.754,0.701","1.0,1.0,0.793",-0.278,143,21.333333333333332,11.333333333333332,PPIL2_chr22_+_21670565_21671059_21670565_21670853_21670996_21671059_143
8669,ENSG00000100023,PPIL2,chr22,+,21695393,21697868,21695393,21695496,21695866,21697868,8669,"70,56,63","23,17,21","88,93,83","7,13,13",519,149,0.000190235428165,0.0007618661828832,"0.466,0.486,0.463","0.783,0.673,0.647",-0.229,370,83.33333333333333,99.0,PPIL2_chr22_+_21695393_21697868_21695393_21695496_21695866_21697868_370
8673,ENSG00000214706,IFRD2,chr3,-,50289446,50289762,50289446,50289628,50289711,50289762,8673,"25,20,33","181,166,163","61,58,53","120,106,116",232,149,1.4066525722e-12,1.6125412871727046e-11,"0.081,0.072,0.115","0.246,0.26,0.227",-0.155,83,196.0,171.33333333333334,IFRD2_chr3_-_50289446_50289762_50289446_50289628_50289711_50289762_83
8677,ENSG00000174744,BRMS1,chr11,-,66340773,66341046,66340773,66340870,66340966,66341046,8677,"5,2,1","93,83,80","32,48,35","125,103,100",245,149,0.0,0.0,"0.032,0.014,0.008","0.135,0.221,0.176",-0.159,96,88.0,147.66666666666666,BRMS1_chr11_-_66340773_66341046_66340773_66340870_66340966_66341046_96
8690,ENSG00000182325,FBXL6,chr8,-,144356299,144356713,144356299,144356531,144356599,144356713,8690,"18,22,14","36,23,26","65,81,75","38,40,28",217,149,1.3149530852e-06,7.383048473072218e-06,"0.256,0.396,0.27","0.54,0.582,0.648",-0.283,68,46.33333333333333,109.0,FBXL6_chr8_-_144356299_144356713_144356299_144356531_144356599_144356713_68
8694,ENSG00000160948,VPS28,chr8,-,144423616,144424132,144423616,144423922,144424040,144424132,8694,"116,131,145","195,208,185","194,180,187","108,113,126",267,149,7.83817455385e-13,9.24256608360977e-12,"0.249,0.26,0.304","0.501,0.471,0.453",-0.204,118,326.66666666666663,302.6666666666667,VPS28_chr8_-_144423616_144424132_144423616_144423922_144424040_144424132_118
8695,ENSG00000160948,VPS28,chr8,-,144424214,144424819,144424214,144424268,144424717,144424819,8695,"111,131,127","320,310,307","287,276,321","170,195,202",598,149,0.0,0.0,"0.08,0.095,0.093","0.296,0.261,0.284",-0.191,449,435.3333333333333,483.6666666666667,VPS28_chr8_-_144424214_144424819_144424214_144424268_144424717_144424819_449
8713,ENSG00000180900,SCRIB,chr8,-,143792484,143792867,143792484,143792635,143792707,143792867,8713,"16,13,7","162,141,153","54,43,61","90,121,124",221,149,0.0,0.0,"0.062,0.059,0.03","0.288,0.193,0.249",-0.193,72,164.0,164.33333333333334,SCRIB_chr8_-_143792484_143792867_143792484_143792635_143792707_143792867_72
8742,ENSG00000133794,BMAL1,chr11,+,13378336,13381254,13378336,13378445,13381160,13381254,8742,"6,6,12","17,23,17","110,135,81","12,11,11",2864,149,0.0,0.0,"0.018,0.013,0.035","0.323,0.39,0.277",-0.308,2715,27.0,120.0,BMAL1_chr11_+_13378336_13381254_13378336_13378445_13381160_13381254_2715
8746,ENSG00000104365,IKBKB,chr8,+,42319269,42320844,42319269,42319421,42320734,42320844,8746,"126,130,166","0,0,2","104,94,112","9,4,2",1462,149,2.52428069347e-06,1.3586785125883156e-05,"1.0,1.0,0.894","0.541,0.705,0.851",0.266,1313,141.33333333333331,108.33333333333333,IKBKB_chr8_+_42319269_42320844_42319269_42319421_42320734_42320844_1313
8754,ENSG00000104522,GFUS,chr8,-,143612617,143613295,143612617,143612965,143613195,143613295,8754,"13,23,20","118,126,119","84,111,105","148,134,148",379,149,0.0,0.0,"0.042,0.067,0.062","0.182,0.246,0.218",-0.158,230,139.66666666666666,243.33333333333334,GFUS_chr8_-_143612617_143613295_143612617_143612965_143613195_143613295_230
8756,ENSG00000104522,GFUS,chr8,-,143614319,143614697,143614319,143614453,143614623,143614697,8756,"53,58,65","137,102,120","145,134,166","116,137,144",319,149,2.71507138994e-09,2.1219899366896717e-08,"0.153,0.21,0.202","0.369,0.314,0.35",-0.156,170,178.33333333333334,280.6666666666667,GFUS_chr8_-_143614319_143614697_143614319_143614453_143614623_143614697_170
8763,ENSG00000087088,BAX,chr19,+,48960809,48961798,48960809,48960914,48961531,48961798,8763,"454,414,417","290,310,277","903,931,901","271,266,228",766,149,0.0,0.0,"0.233,0.206,0.227","0.393,0.405,0.435",-0.189,617,720.6666666666666,1166.6666666666665,BAX_chr19_+_48960809_48961798_48960809_48960914_48961531_48961798_617
8774,ENSG00000172269,DPAGT1,chr11,-,119100629,119101138,119100629,119100843,119101017,119101138,8774,"28,28,36","87,93,109","45,30,66","56,41,66",323,149,5.32181875235e-08,3.543261192655292e-07,"0.129,0.122,0.132","0.27,0.252,0.316",-0.152,174,127.0,101.33333333333334,DPAGT1_chr11_-_119100629_119101138_119100629_119100843_119101017_119101138_174
8786,ENSG00000241852,C8orf58,chr8,+,22601971,22602312,22601971,22602080,22602199,22602312,8786,"2,6,3","23,12,19","12,16,12","8,13,13",268,149,5.4262865431e-06,2.781393731179869e-05,"0.046,0.218,0.081","0.455,0.406,0.339",-0.285,119,21.666666666666668,24.666666666666668,C8orf58_chr8_+_22601971_22602312_22601971_22602080_22602199_22602312_119
8788,ENSG00000092094,OSGEP,chr14,-,20447614,20448171,20447614,20447690,20448105,20448171,8788,"36,17,33","0,0,0","146,131,141","20,17,16",564,149,2.63520449906e-09,2.0617417478405085e-08,"1.0,1.0,1.0","0.659,0.671,0.7",0.323,415,28.666666666666668,157.0,OSGEP_chr14_-_20447614_20448171_20447614_20447690_20448105_20448171_415
8805,ENSG00000094914,AAAS,chr12,-,53315334,53315782,53315334,53315486,53315726,53315782,8805,"13,25,11","5,2,4","26,18,28","0,0,2",389,149,2.40692848484e-05,0.0001117158233545,"0.499,0.827,0.513","1.0,1.0,0.843",-0.335,240,20.0,24.666666666666668,AAAS_chr12_-_53315334_53315782_53315334_53315486_53315726_53315782_240
8827,ENSG00000140632,GLYR1,chr16,-,4803202,4805310,4803202,4804148,4804521,4805310,8827,"403,353,374","62,42,62","447,461,454","26,25,26",522,149,2.51730414291e-09,1.971578123332996e-08,"0.65,0.706,0.633","0.831,0.84,0.833",-0.172,373,432.0,479.6666666666667,GLYR1_chr16_-_4803202_4805310_4803202_4804148_4804521_4805310_373
8889,ENSG00000182196,ARL6IP4,chr12,+,122981128,122981879,122981128,122981299,122981570,122981879,8889,"87,96,89","90,85,93","194,207,207","76,81,65",420,149,1.5388801344300002e-12,1.7559806087795858e-11,"0.255,0.286,0.253","0.475,0.476,0.53",-0.229,271,180.0,276.66666666666663,ARL6IP4_chr12_+_122981128_122981879_122981128_122981299_122981570_122981879_271
8918,ENSG00000165525,NEMF,chr14,-,49784924,49785320,49784924,49785004,49785219,49785320,8918,"10,17,9","0,0,2","12,24,18","5,2,3",364,149,0.00120104811286,0.0041260647767867,"1.0,1.0,0.648","0.496,0.831,0.711",0.203,215,12.666666666666666,21.333333333333332,NEMF_chr14_-_49784924_49785320_49784924_49785004_49785219_49785320_215
8943,ENSG00000077463,SIRT6,chr19,-,4175027,4175760,4175027,4175111,4175679,4175760,8943,"46,68,67","14,12,11","156,161,199","8,9,1",717,149,1.56293771814e-07,9.84903063334272e-07,"0.406,0.541,0.559","0.802,0.788,0.976",-0.353,568,72.66666666666667,178.0,SIRT6_chr19_-_4175027_4175760_4175027_4175111_4175679_4175760_568
8944,ENSG00000077463,SIRT6,chr19,-,4175027,4175760,4175027,4175151,4175679,4175760,8944,"30,53,49","50,44,43","145,143,171","29,32,21",677,149,1.11022302463e-16,1.817775755779406e-15,"0.117,0.21,0.201","0.524,0.496,0.642",-0.378,528,89.66666666666666,180.33333333333334,SIRT6_chr19_-_4175027_4175760_4175027_4175151_4175679_4175760_528
8947,ENSG00000077463,SIRT6,chr19,-,4175027,4175937,4175027,4175760,4175841,4175937,8947,"8,18,14","72,57,63","45,48,29","45,51,49",230,149,2.26289231797e-09,1.7836208631650894e-08,"0.067,0.17,0.126","0.393,0.379,0.277",-0.229,81,77.33333333333333,89.0,SIRT6_chr19_-_4175027_4175937_4175027_4175760_4175841_4175937_81
8967,ENSG00000148362,PAXX,chr9,+,136992639,136993243,136992639,136992974,136993052,136993243,8967,"174,152,147","118,121,99","206,193,240","79,71,83",227,149,3.33894757953e-07,2.0315811482669407e-06,"0.492,0.452,0.494","0.631,0.641,0.655",-0.163,78,270.3333333333333,290.6666666666667,PAXX_chr9_+_136992639_136993243_136992639_136992974_136993052_136993243_78
8985,ENSG00000096746,HNRNPH3,chr10,+,68337198,68338687,68337198,68337333,68338502,68338687,8985,"171,223,209","38,41,52","232,231,227","275,263,230",1318,149,0.0,0.0,"0.337,0.381,0.312","0.087,0.09,0.1",0.251,1169,244.66666666666666,486.0,HNRNPH3_chr10_+_68337198_68338687_68337198_68337333_68338502_68338687_1169
9024,ENSG00000148334,PTGES2,chr9,-,128122361,128123134,128122361,128122646,128122933,128123134,9024,"60,57,72","8,4,9","74,101,87","0,4,3",436,149,0.000247521127081,0.0009708430457746,"0.719,0.83,0.732","1.0,0.896,0.908",-0.174,287,70.0,89.66666666666666,PTGES2_chr9_-_128122361_128123134_128122361_128122646_128122933_128123134_287
9028,ENSG00000166348,USP54,chr10,-,73575511,73576361,73575511,73575675,73576135,73576361,9028,"24,24,33","1,3,0","22,13,27","7,4,5",609,149,0.000629672233204,0.0022759644023752,"0.854,0.662,1.0","0.435,0.443,0.569",0.356,460,28.333333333333332,26.0,USP54_chr10_-_73575511_73576361_73575511_73575675_73576135_73576361_460
9036,ENSG00000213930,GALT,chr9,+,34647088,34647567,34647088,34647258,34647491,34647567,9036,"31,37,23","86,103,67","42,38,47","38,52,36",382,149,2.29814022368e-07,1.4263854425970345e-06,"0.123,0.123,0.118","0.301,0.222,0.337",-0.165,233,115.66666666666666,84.33333333333334,GALT_chr9_+_34647088_34647567_34647088_34647258_34647491_34647567_233
9038,ENSG00000213930,GALT,chr9,+,34647491,34647705,34647491,34647567,34647656,34647705,9038,"33,37,29","77,63,76","27,47,35","30,33,25",238,149,4.64994267968e-06,2.411791947915144e-05,"0.212,0.269,0.193","0.36,0.471,0.467",-0.208,89,105.0,65.66666666666667,GALT_chr9_+_34647491_34647705_34647491_34647567_34647656_34647705_89
9044,ENSG00000213930,GALT,chr9,+,34647088,34648171,34647088,34647258,34648114,34648171,9044,"98,98,96","1,0,0","107,135,121","5,3,4",1005,149,1.46172651454e-05,7.030885576098041e-05,"0.936,1.0,1.0","0.76,0.87,0.818",0.163,856,97.66666666666666,125.0,GALT_chr9_+_34647088_34648171_34647088_34647258_34648114_34648171_856
9047,ENSG00000213930,GALT,chr9,+,34648333,34648894,34648333,34648456,34648761,34648894,9047,"64,68,98","63,82,72","96,99,134","36,41,45",454,149,1.97075901154e-08,1.381580301379223e-07,"0.25,0.214,0.309","0.467,0.442,0.494",-0.21,305,149.0,150.33333333333334,GALT_chr9_+_34648333_34648894_34648333_34648456_34648761_34648894_305
9087,ENSG00000137073,UBAP2,chr9,-,33922965,33923478,33922965,33923293,33923378,33923478,9087,"13,17,13","89,69,89","51,51,42","61,52,76",234,149,6.052824907950001e-12,6.534760166268581e-11,"0.085,0.136,0.085","0.347,0.384,0.26",-0.228,85,96.66666666666666,111.0,UBAP2_chr9_-_33922965_33923478_33922965_33923293_33923378_33923478_85
9100,ENSG00000137207,YIPF3,chr6,-,43513068,43513451,43513068,43513200,43513358,43513451,9100,"12,10,20","221,197,224","100,96,100","126,135,132",307,149,0.0,0.0,"0.026,0.024,0.042","0.278,0.257,0.269",-0.237,158,228.0,229.66666666666669,YIPF3_chr6_-_43513068_43513451_43513068_43513200_43513358_43513451_158
9164,ENSG00000158850,B4GALT3,chr1,-,161176433,161177106,161176433,161176579,161176911,161177106,9164,"22,16,13","23,12,12","36,17,40","7,4,7",481,149,6.47100298456e-07,3.809161042577898e-06,"0.229,0.292,0.251","0.614,0.568,0.639",-0.35,332,32.666666666666664,37.0,B4GALT3_chr1_-_161176433_161177106_161176433_161176579_161176911_161177106_332
9167,ENSG00000291085,TMEM191A,chr22,+,20703632,20704040,20703632,20703692,20703967,20704040,9167,"13,9,15","6,2,1","18,5,9","0,0,0",424,149,1.85152187138e-07,1.156928198822701e-06,"0.432,0.613,0.841","1.0,1.0,1.0",-0.371,275,15.333333333333334,10.666666666666666,TMEM191A_chr22_+_20703632_20704040_20703632_20703692_20703967_20704040_275
9168,ENSG00000291085,TMEM191A,chr22,+,20703632,20704040,20703632,20703751,20703967,20704040,9168,"1,2,6","19,25,24","13,1,4","4,4,7",365,149,0.00145628421297,0.0049052043631237,"0.021,0.032,0.093","0.57,0.093,0.189",-0.235,216,25.666666666666668,11.0,TMEM191A_chr22_+_20703632_20704040_20703632_20703751_20703967_20704040_216
9198,ENSG00000174106,LEMD3,chr12,+,65245668,65245939,65245668,65245774,65245860,65245939,9198,"8,5,4","34,39,32","27,9,15","19,23,26",235,149,3.81954036577e-05,0.0001708656869295,"0.13,0.075,0.073","0.474,0.199,0.268",-0.221,86,40.666666666666664,39.66666666666667,LEMD3_chr12_+_65245668_65245939_65245668_65245774_65245860_65245939_86
9203,ENSG00000233016,SNHG7,chr9,-,136726310,136727086,136726310,136726416,136727045,136727086,9203,"230,256,245","945,809,905","475,530,520","379,344,456",778,149,0.0,0.0,"0.045,0.057,0.049","0.194,0.228,0.179",-0.15,629,1130.0,901.3333333333333,SNHG7_chr9_-_136726310_136727086_136726310_136726416_136727045_136727086_629
9205,ENSG00000165699,TSC1,chr9,-,132897183,132897610,132897183,132897345,132897422,132897610,9205,"1,5,1","13,13,13","17,17,16","10,7,7",226,149,2.27961027832e-09,1.7929872146659e-08,"0.048,0.202,0.048","0.528,0.616,0.601",-0.482,77,15.333333333333334,24.666666666666668,TSC1_chr9_-_132897183_132897610_132897183_132897345_132897422_132897610_77
9212,ENSG00000159069,FBXW5,chr9,-,136942045,136942695,136942045,136942466,136942546,136942695,9212,"22,12,28","99,116,89","36,69,40","66,58,71",229,149,9.69440667742e-08,6.278464353709392e-07,"0.126,0.063,0.17","0.262,0.436,0.268",-0.202,80,122.0,113.33333333333334,FBXW5_chr9_-_136942045_136942695_136942045_136942466_136942546_136942695_80
9213,ENSG00000159069,FBXW5,chr9,-,136942546,136942943,136942546,136942695,136942768,136942943,9213,"28,42,49","92,109,82","55,69,85","60,74,61",222,149,8.93580219374e-07,5.1497159961903326e-06,"0.17,0.205,0.286","0.381,0.385,0.483",-0.196,73,134.0,134.66666666666669,FBXW5_chr9_-_136942546_136942943_136942546_136942695_136942768_136942943_73
9229,ENSG00000122952,ZWINT,chr10,-,56357437,56358459,56357437,56358185,56358376,56358459,9229,"150,155,170","364,380,371","699,781,645","286,302,320",340,149,0.0,0.0,"0.153,0.152,0.167","0.517,0.531,0.469",-0.348,191,530.0,1011.0,ZWINT_chr10_-_56357437_56358459_56357437_56358185_56358376_56358459_191
9230,ENSG00000122952,ZWINT,chr10,-,56359686,56360383,56359686,56359853,56360017,56360383,9230,"165,215,168","602,588,562","683,714,625","496,569,541",313,149,0.0,0.0,"0.115,0.148,0.125","0.396,0.374,0.355",-0.246,164,766.6666666666666,1209.3333333333335,ZWINT_chr10_-_56359686_56360383_56359686_56359853_56360017_56360383_164
9232,ENSG00000122952,ZWINT,chr10,-,56360017,56360383,56360017,56360141,56360292,56360383,9232,"261,316,259","890,864,874","871,892,808","813,819,808",300,149,0.0,0.0,"0.127,0.154,0.128","0.347,0.351,0.332",-0.207,151,1154.6666666666667,1670.3333333333335,ZWINT_chr10_-_56360017_56360383_56360017_56360141_56360292_56360383_151
9293,ENSG00000177666,PNPLA2,chr11,+,823693,824130,823693,823855,823997,824130,9293,"11,5,11","188,155,170","96,114,73","89,86,95",291,149,0.0,0.0,"0.029,0.016,0.032","0.356,0.404,0.282",-0.322,142,180.0,184.33333333333331,PNPLA2_chr11_+_823693_824130_823693_823855_823997_824130_142
9319,ENSG00000172932,ANKRD13D,chr11,+,67299057,67299611,67299057,67299124,67299529,67299611,9319,"63,58,57","33,37,30","79,86,61","24,16,18",554,149,0.000401687024208,0.0015115741545158,"0.339,0.297,0.338","0.47,0.591,0.477",-0.188,405,92.66666666666667,94.66666666666666,ANKRD13D_chr11_+_67299057_67299611_67299057_67299124_67299529_67299611_405
9346,ENSG00000162032,SPSB3,chr16,-,1777746,1778612,1777746,1777872,1777945,1778612,9346,"17,13,17","123,106,129","69,80,53","55,66,68",222,149,0.0,0.0,"0.085,0.076,0.081","0.457,0.449,0.343",-0.336,73,135.0,130.33333333333331,SPSB3_chr16_-_1777746_1778612_1777746_1777872_1777945_1778612_73
9348,ENSG00000162032,SPSB3,chr16,-,1777945,1778612,1777945,1778048,1778133,1778612,9348,"23,29,25","105,113,95","59,57,45","59,50,68",234,149,2.57408538928e-11,2.5592481678672597e-10,"0.122,0.14,0.144","0.389,0.421,0.296",-0.233,85,130.0,112.66666666666666,SPSB3_chr16_-_1777945_1778612_1777945_1778048_1778133_1778612_85
9349,ENSG00000162032,SPSB3,chr16,-,1778133,1778612,1778133,1778321,1778434,1778612,9349,"15,15,17","48,58,67","34,59,77","24,34,24",262,149,7.105427357599999e-15,1.0115346393727293e-13,"0.151,0.128,0.126","0.446,0.497,0.646",-0.395,113,73.33333333333333,84.0,SPSB3_chr16_-_1778133_1778612_1778133_1778321_1778434_1778612_113
9381,ENSG00000166333,ILK,chr11,+,6608883,6609408,6608883,6608967,6609298,6609408,9381,"43,41,64","0,3,1","95,79,69","8,4,11",480,149,0.00145864512029,0.004910926399088,"1.0,0.809,0.952","0.787,0.86,0.661",0.151,331,50.66666666666667,88.66666666666667,ILK_chr11_+_6608883_6609408_6608883_6608967_6609298_6609408_331
9393,ENSG00000172375,C2CD2L,chr11,+,119111520,119112392,119111520,119111629,119112327,119112392,9393,"9,4,6","20,29,34","31,33,26","28,17,23",847,149,6.24958640394e-10,5.279405735537925e-09,"0.073,0.024,0.03","0.163,0.255,0.166",-0.152,698,34.0,52.66666666666667,C2CD2L_chr11_+_119111520_119112392_119111520_119111629_119112327_119112392_698
9431,ENSG00000122218,COPA,chr1,-,160332447,160335322,160332447,160332557,160335241,160335322,9431,"52,90,52","0,1,0","39,56,77","2,1,4",2833,149,3.63278631932e-06,1.9082419355804844e-05,"1.0,0.826,1.0","0.506,0.747,0.503",0.357,2684,65.0,59.66666666666667,COPA_chr1_-_160332447_160335322_160332447_160332557_160335241_160335322_2684
9452,ENSG00000077522,ACTN2,chr1,+,236734432,236737214,236734432,236734518,236737121,236737214,9452,"89,91,74","3,0,3","43,49,73","0,0,0",2752,149,0.000189360347793,0.0007587713125773,"0.616,1.0,0.572","1.0,1.0,1.0",-0.271,2603,86.66666666666667,55.0,ACTN2_chr1_+_236734432_236737214_236734432_236734518_236737121_236737214_2603
9459,ENSG00000187531,SIRT7,chr17,-,81913773,81914167,81913773,81913880,81914086,81914167,9459,"8,8,10","54,57,49","65,59,54","72,51,69",355,149,3.7747582837299996e-15,5.5004680138360336e-14,"0.059,0.056,0.079","0.275,0.327,0.247",-0.218,206,62.0,123.33333333333334,SIRT7_chr17_-_81913773_81914167_81913773_81913880_81914086_81914167_206
9460,ENSG00000187531,SIRT7,chr17,-,81914293,81914702,81914293,81914530,81914603,81914702,9460,"8,13,9","26,30,22","42,41,47","13,23,22",222,149,9.9577124324e-11,9.220518490775379e-10,"0.171,0.225,0.215","0.684,0.545,0.589",-0.402,73,36.0,62.66666666666667,SIRT7_chr17_-_81914293_81914702_81914293_81914530_81914603_81914702_73
9462,ENSG00000187531,SIRT7,chr17,-,81914293,81915512,81914293,81914702,81915439,81915512,9462,"22,41,43","30,37,41","110,133,141","28,35,42",886,149,2.7432500715500002e-12,3.0875092231694005e-11,"0.11,0.157,0.15","0.398,0.39,0.361",-0.244,737,71.33333333333334,163.0,SIRT7_chr17_-_81914293_81915512_81914293_81914702_81915439_81915512_737
9463,ENSG00000187531,SIRT7,chr17,-,81917829,81918132,81917829,81917967,81918038,81918132,9463,"20,34,24","51,46,47","46,45,58","28,21,25",220,149,3.41916794877e-09,2.647178358666711e-08,"0.21,0.334,0.257","0.527,0.592,0.611",-0.31,71,74.0,74.33333333333333,SIRT7_chr17_-_81917829_81918132_81917829_81917967_81918038_81918132_71
9469,ENSG00000103510,KAT8,chr16,+,31130745,31131359,31130745,31130900,31131194,31131359,9469,"81,84,76","128,124,118","81,73,75","44,55,59",443,149,4.74539080364e-07,2.838432547628861e-06,"0.175,0.186,0.178","0.382,0.309,0.3",-0.151,294,203.66666666666666,129.0,KAT8_chr16_+_31130745_31131359_31130745_31130900_31131194_31131359_294
9478,ENSG00000149582,TMEM25,chr11,+,118531191,118531871,118531191,118531234,118531774,118531871,9478,"56,50,53","26,14,15","67,65,74","12,8,5",689,149,0.000718637637228,0.0025749446160966,"0.318,0.436,0.433","0.547,0.637,0.762",-0.253,540,71.33333333333333,77.0,TMEM25_chr11_+_118531191_118531871_118531191_118531234_118531774_118531871_540
9555,ENSG00000132275,RRP8,chr11,-,6600925,6601602,6600925,6601055,6601148,6601602,9555,"4,6,9","71,70,52","35,29,47","62,36,51",242,149,8.881784196999999e-16,1.3695674301278378e-14,"0.034,0.05,0.096","0.258,0.332,0.362",-0.257,93,70.66666666666666,86.66666666666666,RRP8_chr11_-_6600925_6601602_6600925_6601055_6601148_6601602_93
9573,ENSG00000174996,KLC2,chr11,+,66266432,66267859,66266432,66266490,66266872,66267859,9573,"32,43,32","170,174,175","100,113,99","92,94,112",531,149,0.0,0.0,"0.05,0.065,0.049","0.234,0.252,0.199",-0.174,382,208.66666666666666,203.33333333333331,KLC2_chr11_+_66266432_66267859_66266432_66266490_66266872_66267859_382
9582,ENSG00000132017,DCAF15,chr19,+,13960286,13960580,13960286,13960391,13960464,13960580,9582,"28,28,28","87,88,99","71,91,80","82,53,54",222,149,4.5992099018100005e-12,5.023908665938847e-11,"0.178,0.176,0.16","0.368,0.535,0.499",-0.296,73,119.33333333333333,143.66666666666669,DCAF15_chr19_+_13960286_13960580_13960286_13960391_13960464_13960580_73
9588,ENSG00000106290,TAF6,chr7,-,100112797,100113769,100112797,100112917,100113615,100113769,9588,"9,22,18","16,14,15","38,34,44","8,13,6",847,149,6.00776303328e-05,0.0002608874614627,"0.09,0.217,0.174","0.455,0.315,0.563",-0.284,698,31.333333333333332,47.666666666666664,TAF6_chr7_-_100112797_100113769_100112797_100112917_100113615_100113769_698
9629,ENSG00000136319,TTC5,chr14,-,20291982,20295526,20291982,20292127,20295311,20295526,9629,"27,15,13","62,61,48","180,231,167","55,35,48",3333,149,0.0,0.0,"0.019,0.011,0.012","0.128,0.228,0.135",-0.15,3184,75.33333333333333,238.66666666666666,TTC5_chr14_-_20291982_20295526_20291982_20292127_20295311_20295526_3184
9638,ENSG00000255717,SNHG1,chr11,-,62853800,62854064,62853800,62853833,62854017,62854064,9638,"475,501,519","869,885,756","674,749,775","502,490,594",333,149,0.0,0.0,"0.197,0.202,0.235","0.375,0.406,0.369",-0.172,184,1335.0,1261.3333333333333,SNHG1_chr11_-_62853800_62854064_62853800_62853833_62854017_62854064_184
9649,ENSG00000255717,SNHG1,chr11,-,62854518,62854938,62854518,62854551,62854887,62854938,9649,"371,531,424","823,971,826","613,654,613","453,404,561",485,149,0.0,0.0,"0.122,0.144,0.136","0.294,0.332,0.251",-0.158,336,1315.3333333333335,1099.3333333333333,SNHG1_chr11_-_62854518_62854938_62854518_62854551_62854887_62854938_336
9656,ENSG00000255717,SNHG1,chr11,-,62854518,62855216,62854518,62854938,62855132,62855216,9656,"157,231,221","1275,1604,1392","482,459,430","604,603,784",343,149,0.0,0.0,"0.051,0.059,0.065","0.257,0.248,0.192",-0.174,194,1626.6666666666667,1120.6666666666665,SNHG1_chr11_-_62854518_62855216_62854518_62854938_62855132_62855216_194
9659,ENSG00000255717,SNHG1,chr11,-,62855132,62855885,62855132,62855216,62855423,62855885,9659,"220,267,262","1024,1283,1118","571,619,639","675,697,786",356,149,0.0,0.0,"0.083,0.08,0.089","0.261,0.271,0.254",-0.178,207,1391.3333333333335,1329.0,SNHG1_chr11_-_62855132_62855885_62855132_62855216_62855423_62855885_207
9717,ENSG00000174775,HRAS,chr11,-,532241,532755,532241,532522,532630,532755,9717,"63,45,63","94,69,95","230,246,208","92,64,91",257,149,0.0,0.0,"0.28,0.274,0.278","0.592,0.69,0.57",-0.34,108,143.0,310.3333333333333,HRAS_chr11_-_532241_532755_532241_532522_532630_532755_108
9745,ENSG00000166987,MBD6,chr12,+,57524028,57524416,57524028,57524092,57524279,57524416,9745,"2,9,4","25,37,37","20,17,18","22,33,30",336,149,1.46493794417e-06,8.169507317224731e-06,"0.034,0.097,0.046","0.287,0.186,0.21",-0.169,187,38.0,46.666666666666664,MBD6_chr12_+_57524028_57524416_57524028_57524092_57524279_57524416_187
9756,ENSG00000052749,RRP12,chr10,-,97370922,97372166,97370922,97371081,97372072,97372166,9756,"18,27,25","67,66,54","149,161,107","85,81,52",1140,149,0.0,0.0,"0.034,0.051,0.057","0.186,0.206,0.212",-0.154,991,85.66666666666667,211.66666666666669,RRP12_chr10_-_97370922_97372166_97370922_97371081_97372072_97372166_991
9826,ENSG00000135655,USP15,chr12,+,62383839,62384302,62383839,62383998,62384077,62384302,9826,"4,1,2","26,23,27","17,19,12","17,18,16",228,149,1.18785647985e-10,1.0917387250368586e-09,"0.091,0.028,0.046","0.395,0.408,0.329",-0.322,79,27.666666666666664,33.0,USP15_chr12_+_62383839_62384302_62383839_62383998_62384077_62384302_79
9834,ENSG00000175197,DDIT3,chr12,-,57517268,57517753,57517268,57517424,57517705,57517753,9834,"56,52,63","13,20,19","153,176,133","7,17,8",430,149,1.47450680554e-08,1.0597303271986609e-07,"0.599,0.474,0.535","0.883,0.782,0.852",-0.303,281,74.33333333333333,164.66666666666666,DDIT3_chr12_-_57517268_57517753_57517268_57517424_57517705_57517753_281
9835,ENSG00000175197,DDIT3,chr12,-,57517268,57517753,57517268,57517438,57517705,57517753,9835,"53,47,59","131,144,141","147,173,129","62,70,96",416,149,0.0,0.0,"0.127,0.105,0.13","0.459,0.47,0.325",-0.297,267,191.66666666666666,225.66666666666666,DDIT3_chr12_-_57517268_57517753_57517268_57517438_57517705_57517753_267
9838,ENSG00000130803,ZNF317,chr19,+,9156611,9157394,9156611,9156748,9157267,9157394,9838,"22,24,16","20,30,29","147,137,121","41,37,38",668,149,1.35558231307e-12,1.558814576130262e-11,"0.197,0.151,0.11","0.444,0.452,0.415",-0.284,519,47.0,173.66666666666666,ZNF317_chr19_+_9156611_9157394_9156611_9156748_9157267_9157394_519
9854,ENSG00000107862,GBF1,chr10,+,102376559,102377128,102376559,102376784,102376934,102377128,9854,"15,18,10","2,3,2","41,54,47","0,3,0",299,149,0.000883478320296,0.0030996966422116,"0.789,0.749,0.714","1.0,0.9,1.0",-0.216,150,16.666666666666668,48.333333333333336,GBF1_chr10_+_102376559_102377128_102376559_102376784_102376934_102377128_150
9855,ENSG00000107862,GBF1,chr10,+,102376559,102377128,102376559,102376800,102376934,102377128,9855,"4,5,5","92,84,95","32,42,31","65,70,67",283,149,0.0,0.0,"0.022,0.03,0.027","0.206,0.24,0.196",-0.188,134,95.0,102.33333333333333,GBF1_chr10_+_102376559_102377128_102376559_102376800_102376934_102377128_134
9856,ENSG00000107862,GBF1,chr10,+,102379520,102379954,102379520,102379651,102379852,102379954,9856,"5,15,19","97,59,97","34,78,42","70,59,79",350,149,9.69803681805e-10,7.97453870060719e-09,"0.021,0.098,0.077","0.171,0.36,0.185",-0.173,201,97.33333333333333,120.66666666666666,GBF1_chr10_+_102379520_102379954_102379520_102379651_102379852_102379954_201
9861,ENSG00000107862,GBF1,chr10,+,102379852,102380362,102379852,102379954,102380248,102380362,9861,"24,32,29","120,96,148","95,92,99","75,84,78",443,149,0.0,0.0,"0.063,0.101,0.062","0.299,0.269,0.299",-0.214,294,149.66666666666666,174.33333333333331,GBF1_chr10_+_102379852_102380362_102379852_102379954_102380248_102380362_294
9866,ENSG00000107862,GBF1,chr10,+,102379852,102380686,102379852,102380362,102380505,102380686,9866,"9,11,5","124,103,117","47,51,52","62,72,86",292,149,0.0,0.0,"0.036,0.052,0.021","0.279,0.265,0.236",-0.224,143,123.0,123.33333333333333,GBF1_chr10_+_102379852_102380686_102379852_102380362_102380505_102380686_143
9871,ENSG00000142920,AZIN2,chr1,+,33117901,33120530,33117901,33118116,33120043,33120530,9871,"45,61,95","19,15,20","60,75,64","9,6,7",2076,149,0.00262910097463,0.0083691167076526,"0.145,0.226,0.254","0.324,0.473,0.396",-0.189,1927,85.0,73.66666666666666,AZIN2_chr1_+_33117901_33120530_33117901_33118116_33120043_33120530_1927
9876,ENSG00000090621,PABPC4,chr1,-,39563613,39563922,39563613,39563741,39563835,39563922,9876,"73,83,62","233,233,255","105,113,121","170,142,151",243,149,1.93620675049e-11,1.953856526310793e-10,"0.161,0.179,0.13","0.275,0.328,0.329",-0.154,94,313.0,267.33333333333337,PABPC4_chr1_-_39563613_39563922_39563613_39563741_39563835_39563922_94
9896,ENSG00000143702,CEP170,chr1,-,243185778,243186422,243185778,243186072,243186258,243186422,9896,"14,22,22","55,65,49","29,28,27","18,20,27",335,149,3.56012670455e-08,2.4269724051146466e-07,"0.102,0.131,0.166","0.417,0.384,0.308",-0.237,186,75.66666666666667,49.66666666666667,CEP170_chr1_-_243185778_243186422_243185778_243186072_243186258_243186422_186
9903,ENSG00000026103,FAS,chr10,+,89010538,89010815,89010538,89010600,89010752,89010815,9903,"2,1,0","11,15,7","7,7,9","6,7,13",301,149,9.32240387663e-07,5.358006397138872e-06,"0.083,0.032,0.0","0.366,0.331,0.255",-0.279,152,12.0,16.333333333333332,FAS_chr10_+_89010538_89010815_89010538_89010600_89010752_89010815_152
9905,ENSG00000026103,FAS,chr10,+,89010538,89012081,89010538,89010815,89011998,89012081,9905,"4,3,4","11,10,11","46,42,45","9,5,9",1332,149,2.98649993624e-14,4.042129566987606e-13,"0.039,0.032,0.039","0.364,0.484,0.359",-0.366,1183,14.333333333333332,52.0,FAS_chr10_+_89010538_89012081_89010538_89010815_89011998_89012081_1183
9909,ENSG00000026103,FAS,chr10,+,89010538,89013367,89010538,89012081,89013342,89013367,9909,"5,7,6","7,9,17","66,60,47","12,15,21",1410,149,9.51969392204e-09,7.025628837788128e-08,"0.07,0.076,0.036","0.368,0.297,0.191",-0.225,1261,17.0,73.66666666666666,FAS_chr10_+_89010538_89013367_89010538_89012081_89013342_89013367_1261
9944,ENSG00000224934,GOT1-DT,chr10,+,99430918,99433940,99430918,99431265,99433545,99433940,9944,"157,166,144","4,2,5","75,100,119","2,0,0",2429,149,0.000878140189953,0.0030838853167052,"0.707,0.836,0.639","0.697,1.0,1.0",-0.172,2280,159.33333333333331,98.66666666666667,GOT1-DT_chr10_+_99430918_99433940_99430918_99431265_99433545_99433940_2280
9998,ENSG00000182199,SHMT2,chr12,+,57232210,57232575,57232210,57232292,57232424,57232575,9998,"19,26,25","42,26,20","118,126,126","21,25,26",281,149,1.16029408304e-12,1.342574292341292e-11,"0.193,0.347,0.399","0.749,0.728,0.72",-0.419,132,52.666666666666664,147.33333333333331,SHMT2_chr12_+_57232210_57232575_57232210_57232292_57232424_57232575_132
10028,ENSG00000102225,CDK16,chrX,+,47226993,47227223,47226993,47227099,47227159,47227223,10028,"17,20,18","15,12,8","62,54,78","7,6,13",209,149,1.48571473291e-06,8.272932563058161e-06,"0.447,0.543,0.616","0.863,0.865,0.811",-0.311,60,30.0,73.33333333333334,CDK16_chrX_+_47226993_47227223_47226993_47227099_47227159_47227223_60
10084,ENSG00000125967,NECAB3,chr20,-,33659884,33660395,33659884,33660003,33660258,33660395,10084,"27,36,27","40,73,36","38,44,50","23,35,27",404,149,7.17095410563e-06,3.598576901316489e-05,"0.199,0.154,0.217","0.379,0.317,0.406",-0.177,255,79.66666666666666,72.33333333333333,NECAB3_chr20_-_33659884_33660395_33659884_33660003_33660258_33660395_255
10089,ENSG00000002016,RAD52,chr12,-,916343,916820,916343,916532,916638,916820,10089,"5,11,9","5,5,5","20,20,25","3,1,1",255,149,2.91866731589e-05,0.0001334633506902,"0.369,0.562,0.513","0.796,0.921,0.936",-0.403,106,13.333333333333334,23.333333333333336,RAD52_chr12_-_916343_916820_916343_916532_916638_916820_106
10090,ENSG00000002016,RAD52,chr12,-,916343,916820,916343,916535,916638,916820,10090,"5,10,9","8,3,4","20,20,24","0,0,2",252,149,8.75202753603e-08,5.694191950415308e-07,"0.27,0.663,0.571","1.0,1.0,0.876",-0.457,103,13.0,22.0,RAD52_chr12_-_916343_916820_916343_916535_916638_916820_103
10106,ENSG00000136003,ISCU,chr12,+,108564059,108564392,108564059,108564155,108564278,108564392,10106,"59,46,34","73,57,63","74,74,66","39,25,24",272,149,4.42947345469e-10,3.8024773858143206e-09,"0.307,0.307,0.228","0.51,0.619,0.601",-0.296,123,110.66666666666666,100.66666666666666,ISCU_chr12_+_108564059_108564392_108564059_108564155_108564278_108564392_123
10120,ENSG00000135476,ESPL1,chr12,+,53289403,53290469,53289403,53289594,53290346,53290469,10120,"85,85,59","2,4,4","149,125,151","0,2,2",901,149,0.00243418497035,0.0077887618313571,"0.875,0.778,0.709","1.0,0.912,0.926",-0.159,752,79.66666666666666,143.0,ESPL1_chr12_+_53289403_53290469_53289403_53289594_53290346_53290469_752
10125,ENSG00000123349,PFDN5,chr12,+,53295838,53297924,53295838,53295941,53297849,53297924,10125,"368,395,394","13,11,12","534,540,591","4,8,6",2057,149,0.00018930485721,0.0007587713125773,"0.672,0.722,0.704","0.906,0.83,0.877",-0.172,1908,397.6666666666667,561.0,PFDN5_chr12_+_53295838_53297924_53295838_53295941_53297849_53297924_1908
10128,ENSG00000123349,PFDN5,chr12,+,53296429,53297924,53296429,53296551,53297849,53297924,10128,"102,129,142","27,15,11","249,260,272","12,7,16",1447,149,0.00053017565895,0.001946389294958,"0.28,0.47,0.571","0.681,0.793,0.636",-0.263,1298,142.0,272.0,PFDN5_chr12_+_53296429_53297924_53296429_53296551_53297849_53297924_1298
10160,ENSG00000139372,TDG,chr12,+,103982798,103983389,103982798,103982934,103983294,103983389,10160,"14,29,20","0,0,2","9,4,17","18,24,14",509,149,1.22124532709e-15,1.852346951130169e-14,"1.0,1.0,0.745","0.128,0.047,0.262",0.769,360,21.666666666666668,28.666666666666668,TDG_chr12_+_103982798_103983389_103982798_103982934_103983294_103983389_360
10170,ENSG00000135451,TROAP,chr12,+,49330144,49331407,49330144,49330943,49331213,49331407,10170,"84,76,93","53,37,56","122,114,120","40,28,31",419,149,2.15357864458e-05,0.0001007130694,"0.36,0.422,0.371","0.52,0.591,0.579",-0.179,270,133.0,151.66666666666669,TROAP_chr12_+_49330144_49331407_49330144_49330943_49331213_49331407_270
