ID,GeneID,geneSymbol,chr,strand,riExonStart_0base,riExonEnd,upstreamES,upstreamEE,downstreamES,downstreamEE,ID.1,IJC_SAMPLE_1,SJC_SAMPLE_1,IJC_SAMPLE_2,SJC_SAMPLE_2,IncFormLen,SkipFormLen,PValue,FDR,IncLevel1,IncLevel2,IncLevelDifference,Distance,MeanCounts_SAMPLE_1,MeanCounts_SAMPLE_2,event_id
42,ENSG00000241837,ATP5PO,chr21,-,33906448,33907453,33906448,33906500,33907340,33907453,42,"41,47,37","2,0,0","48,54,54","1,2,7",989,149,0.000730942976385,0.0044780912111289,"0.755,1.0,1.0","0.879,0.803,0.538",0.178,840,42.33333333333333,55.333333333333336,ATP5PO_chr21_-_33906448_33907453_33906448_33906500_33907340_33907453_840
48,ENSG00000185133,INPP5J,chr22,+,31126612,31127532,31126612,31126721,31127356,31127532,48,"21,17,7","0,2,0","35,47,40","6,16,19",784,149,2.11087795154e-05,0.0002090324666222,"1.0,0.618,1.0","0.526,0.358,0.286",0.483,635,15.666666666666666,54.33333333333333,INPP5J_chr22_+_31126612_31127532_31126612_31126721_31127356_31127532_635
155,ENSG00000161179,YDJC,chr22,-,21629009,21629761,21629009,21629407,21629601,21629761,155,"387,365,441","303,275,293","398,356,376","131,145,144",343,149,4.85321005605e-10,1.4494150349933453e-08,"0.357,0.366,0.395","0.569,0.516,0.531",-0.166,194,688.0,516.6666666666667,YDJC_chr22_-_21629009_21629761_21629009_21629407_21629601_21629761_194
161,ENSG00000128159,TUBGCP6,chr22,-,50217917,50218402,50217917,50218117,50218188,50218402,161,"22,36,25","44,48,37","46,63,50","25,32,51",220,149,0.000385197684019,0.0026070123830278,"0.253,0.337,0.314","0.555,0.571,0.399",-0.207,71,70.66666666666667,89.0,TUBGCP6_chr22_-_50217917_50218402_50217917_50218117_50218188_50218402_71
243,ENSG00000105677,TMEM147,chr19,+,35546671,35547240,35546671,35546808,35547118,35547240,243,"42,47,36","2,0,0","129,156,135","28,13,16",459,149,2.32256928689e-07,3.981698508686593e-06,"0.872,1.0,1.0","0.599,0.796,0.733",0.248,310,42.33333333333333,159.0,TMEM147_chr19_+_35546671_35547240_35546671_35546808_35547118_35547240_310
387,ENSG00000105696,TMEM59L,chr19,+,18618154,18618492,18618154,18618272,18618374,18618492,387,"23,23,15","65,92,69","28,28,35","27,28,18",251,149,1.63087088279e-09,4.4632488232281967e-08,"0.174,0.129,0.114","0.381,0.372,0.536",-0.291,102,95.66666666666666,54.666666666666664,TMEM59L_chr19_+_18618154_18618492_18618154_18618272_18618374_18618492_102
428,ENSG00000129353,SLC44A2,chr19,+,10634755,10635073,10634755,10634887,10634973,10635073,428,"2,1,4","89,108,91","27,39,23","53,77,41",235,149,0.0,0.0,"0.014,0.006,0.027","0.244,0.243,0.262",-0.234,86,98.33333333333333,86.66666666666667,SLC44A2_chr19_+_10634755_10635073_10634755_10634887_10634973_10635073_86
435,ENSG00000172009,THOP1,chr19,+,2807441,2808444,2807441,2807773,2808242,2808444,435,"177,162,160","1,2,1","149,187,182","12,14,4",618,149,7.29964998447e-07,1.1280732193659389e-05,"0.977,0.951,0.975","0.75,0.763,0.916",0.158,469,167.66666666666669,182.66666666666666,THOP1_chr19_+_2807441_2808444_2807441_2807773_2808242_2808444_469
449,ENSG00000142541,RPL13A,chr19,+,49489849,49490297,49489849,49489912,49490231,49490297,449,"252,225,227","1036,1094,1130","472,506,598","656,534,600",468,149,0.0,0.0,"0.072,0.061,0.06","0.186,0.232,0.241",-0.155,319,1321.3333333333335,1122.0,RPL13A_chr19_+_49489849_49490297_49489849_49489912_49490231_49490297_319
453,ENSG00000142541,RPL13A,chr19,+,49489849,49490576,49489849,49489922,49490474,49490576,453,"237,205,182","9,13,16","498,563,670","72,72,83",701,149,0.000152695084428,0.0011835048459373,"0.848,0.77,0.707","0.595,0.624,0.632",0.158,552,220.66666666666666,652.6666666666666,RPL13A_chr19_+_49489849_49490576_49489849_49489922_49490474_49490576_552
500,ENSG00000115268,RPS15,chr19,+,1438806,1440253,1438806,1438892,1439960,1440253,500,"184,175,224","8,13,15","298,386,398","13,8,4",1217,149,0.00133063393187,0.0073866526304589,"0.738,0.622,0.646","0.737,0.855,0.924",-0.17,1068,206.33333333333334,369.0,RPS15_chr19_+_1438806_1440253_1438806_1438892_1439960_1440253_1068
514,ENSG00000248098,BCKDHA,chr19,+,41410636,41411009,41410636,41410816,41410922,41411009,514,"5,5,3","226,223,217","60,46,53","188,121,113",255,149,0.0,0.0,"0.013,0.013,0.008","0.157,0.182,0.215",-0.173,106,226.33333333333334,193.66666666666666,BCKDHA_chr19_+_41410636_41411009_41410636_41410816_41410922_41411009_106
654,ENSG00000196756,SNHG17,chr20,-,38421005,38422241,38421005,38421098,38422091,38422241,654,"209,232,227","26,55,35","272,366,341","125,158,171",1142,149,8.9114203794e-09,2.0699799313384075e-07,"0.512,0.355,0.458","0.221,0.232,0.206",0.222,993,261.3333333333333,477.66666666666663,SNHG17_chr20_-_38421005_38422241_38421005_38421098_38422091_38422241_993
671,ENSG00000130589,HELZ2,chr20,-,63570684,63573221,63570684,63570868,63572107,63573221,671,"6,7,5","9,8,4","20,32,12","2,5,7",1388,149,0.00051464275003,0.0033476243186912,"0.067,0.086,0.118","0.518,0.407,0.155",-0.27,1239,13.0,26.0,HELZ2_chr20_-_63570684_63573221_63570684_63570868_63572107_63573221_1239
702,ENSG00000125835,SNRPB,chr20,-,2465707,2467758,2465707,2467315,2467606,2467758,702,"28,46,46","13,16,14","142,121,105","113,119,112",440,149,6.90202706988e-06,7.991485496602596e-05,"0.422,0.493,0.527","0.299,0.256,0.241",0.215,291,54.333333333333336,237.33333333333334,SNRPB_chr20_-_2465707_2467758_2465707_2467315_2467606_2467758_291
708,ENSG00000244687,UBE2V1,chr20,-,50115484,50115954,50115484,50115621,50115829,50115954,708,"74,52,52","2,0,0","23,29,30","4,0,4",357,149,0.000269659051841,0.0019200132678858,"0.939,1.0,1.0","0.706,1.0,0.758",0.158,208,60.0,30.0,UBE2V1_chr20_-_50115484_50115954_50115484_50115621_50115829_50115954_208
731,ENSG00000088970,KIZ,chr20,+,21244244,21246622,21244244,21244288,21246478,21246622,731,"269,351,316","18,14,19","128,146,141","20,15,15",2339,149,0.000916950626799,0.0054117203007413,"0.488,0.615,0.514","0.29,0.383,0.375",0.19,2190,329.0,155.0,KIZ_chr20_+_21244244_21246622_21244244_21244288_21246478_21246622_2190
819,ENSG00000163597,SNHG16,chr17,+,76557969,76558600,76557969,76558279,76558373,76558600,819,"19,11,6","10,9,6","16,21,28","2,3,2",243,149,7.7635852298e-06,8.879748091105593e-05,"0.538,0.428,0.38","0.831,0.811,0.896",-0.397,94,20.333333333333336,24.0,SNHG16_chr17_+_76557969_76558600_76557969_76558279_76558373_76558600_94
856,ENSG00000072310,SREBF1,chr17,-,17817547,17817916,17817547,17817591,17817695,17817916,856,"17,12,11","9,13,9","20,14,28","0,2,3",253,149,2.76286375334e-07,4.66217771471678e-06,"0.527,0.352,0.419","1.0,0.805,0.846",-0.451,104,23.666666666666668,22.333333333333336,SREBF1_chr17_-_17817547_17817916_17817547_17817591_17817695_17817916_104
986,ENSG00000273559,CWC25,chr17,-,38810275,38810595,38810275,38810400,38810467,38810595,986,"19,34,13","3,4,5","8,21,25","0,0,1",216,149,1.62370871589e-05,0.0001655830866637,"0.814,0.854,0.642","1.0,1.0,0.945",-0.212,67,26.0,18.333333333333332,CWC25_chr17_-_38810275_38810595_38810275_38810400_38810467_38810595_67
987,ENSG00000270647,TAF15,chr17,+,35820023,35820437,35820023,35820075,35820331,35820437,987,"26,26,23","1,1,2","54,42,51","37,39,51",405,149,5.1625370645099996e-14,2.856856907904578e-12,"0.905,0.905,0.809","0.349,0.284,0.269",0.572,256,26.333333333333332,91.33333333333334,TAF15_chr17_+_35820023_35820437_35820023_35820075_35820331_35820437_256
991,ENSG00000168259,DNAJC7,chr17,-,41987818,41988896,41987818,41987905,41988731,41988896,991,"88,54,61","0,0,1","63,88,65","6,4,1",975,149,1.54466430842e-05,0.0001592485422625,"1.0,1.0,0.903","0.616,0.771,0.909",0.202,826,68.0,75.66666666666667,DNAJC7_chr17_-_41987818_41988896_41987818_41987905_41988731_41988896_826
1013,ENSG00000169733,RFNG,chr17,-,82049676,82050006,82049676,82049842,82049917,82050006,1013,"66,58,46","115,115,117","71,127,118","46,55,84",224,149,2.7200464103300003e-13,1.3925897472206516e-11,"0.276,0.251,0.207","0.507,0.606,0.483",-0.287,75,172.33333333333334,167.0,RFNG_chr17_-_82049676_82050006_82049676_82049842_82049917_82050006_75
1014,ENSG00000169733,RFNG,chr17,-,82049676,82050555,82049676,82050006,82050401,82050555,1014,"160,191,152","106,96,100","217,292,284","50,64,55",544,149,3.0087043967299996e-14,1.7971039118880937e-12,"0.293,0.353,0.294","0.543,0.555,0.586",-0.248,395,268.3333333333333,320.66666666666663,RFNG_chr17_-_82049676_82050555_82049676_82050006_82050401_82050555_395
1023,ENSG00000198720,ANKRD13B,chr17,+,29607741,29608110,29607741,29607877,29607985,29608110,1023,"4,6,6","25,24,30","10,12,14","12,20,9",257,149,6.29566855427e-05,0.0005393720024582,"0.085,0.127,0.104","0.326,0.258,0.474",-0.247,108,31.666666666666664,25.666666666666664,ANKRD13B_chr17_+_29607741_29608110_29607741_29607877_29607985_29608110_108
1037,ENSG00000219200,RNASEK,chr17,+,7012645,7013742,7012645,7012777,7013665,7013742,1037,"61,72,88","2,5,4","81,113,117","1,1,1",1037,149,0.000629083845402,0.0039486947627151,"0.814,0.674,0.76","0.921,0.942,0.944",-0.186,888,77.33333333333334,104.66666666666667,RNASEK_chr17_+_7012645_7013742_7012645_7012777_7013665_7013742_888
1038,ENSG00000136492,BRIP1,chr17,-,61776400,61781005,61776400,61776562,61780839,61781005,1038,"23,34,25","0,0,0","28,22,40","2,1,1",4426,149,0.000655714143531,0.0040919607331793,"1.0,1.0,1.0","0.32,0.425,0.574",0.56,4277,27.333333333333332,31.333333333333332,BRIP1_chr17_-_61776400_61781005_61776400_61776562_61780839_61781005_4277
1041,ENSG00000161513,FDXR,chr17,-,74863895,74864347,74863895,74864067,74864147,74864347,1041,"7,8,4","49,40,44","45,61,37","90,94,92",229,149,1.18172118202e-07,2.153422183022402e-06,"0.085,0.115,0.056","0.245,0.297,0.207",-0.164,80,50.66666666666667,139.66666666666666,FDXR_chr17_-_74863895_74864347_74863895_74864067_74864147_74864347_80
1061,ENSG00000108479,GALK1,chr17,-,75762703,75763439,75762703,75762885,75763319,75763439,1061,"24,17,20","0,2,0","21,20,23","5,3,11",583,149,6.81533858427e-06,7.915468855743214e-05,"1.0,0.685,1.0","0.518,0.63,0.348",0.396,434,21.0,27.666666666666664,GALK1_chr17_-_75762703_75763439_75762703_75762885_75763319_75763439_434
1125,ENSG00000131470,PSMC3IP,chr17,-,42573477,42574210,42573477,42573623,42574195,42574210,1125,"158,217,192","35,44,43","267,326,291","236,185,190",721,149,0.0,0.0,"0.483,0.505,0.48","0.189,0.267,0.24",0.257,572,229.66666666666666,498.33333333333337,PSMC3IP_chr17_-_42573477_42574210_42573477_42573623_42574195_42574210_572
1139,ENSG00000213339,QTRT1,chr19,+,10712160,10712628,10712160,10712299,10712552,10712628,1139,"107,180,157","139,147,144","167,259,229","97,105,105",402,149,8.25718659003e-08,1.5382075811031134e-06,"0.222,0.312,0.288","0.39,0.478,0.447",-0.164,253,291.33333333333337,320.6666666666667,QTRT1_chr19_+_10712160_10712628_10712160_10712299_10712552_10712628_253
1207,ENSG00000215041,NEURL4,chr17,-,7318064,7318356,7318064,7318172,7318268,7318356,1207,"27,18,17","77,61,51","46,63,51","49,50,53",245,149,2.18839790733e-09,5.7992544544245e-08,"0.176,0.152,0.169","0.363,0.434,0.369",-0.223,96,83.66666666666667,104.0,NEURL4_chr17_-_7318064_7318356_7318064_7318172_7318268_7318356_96
1232,ENSG00000170037,CNTROB,chr17,+,7944122,7944638,7944122,7944248,7944475,7944638,1232,"36,56,54","57,50,50","84,115,96","51,50,52",376,149,6.92822910412e-05,0.0005865225223577,"0.2,0.307,0.3","0.395,0.477,0.422",-0.162,227,101.0,149.33333333333331,CNTROB_chr17_+_7944122_7944638_7944122_7944248_7944475_7944638_227
1237,ENSG00000187838,PLSCR3,chr17,-,7393143,7393509,7393143,7393364,7393466,7393509,1237,"3,5,2","27,33,33","8,10,15","6,13,8",251,149,2.20973528364e-09,5.814303641581261e-08,"0.062,0.083,0.035","0.442,0.313,0.527",-0.367,102,34.333333333333336,20.0,PLSCR3_chr17_-_7393143_7393509_7393143_7393364_7393466_7393509_102
1248,ENSG00000100360,IFT27,chr22,-,36758210,36764036,36758210,36758409,36763918,36764036,1248,"1044,1073,1056","1,2,0","883,960,988","6,2,10",5658,149,1.6106712354e-05,0.0001644764140789,"0.965,0.934,1.0","0.795,0.927,0.722",0.152,5509,1058.6666666666667,949.6666666666666,IFT27_chr22_-_36758210_36764036_36758210_36758409_36763918_36764036_5509
1260,ENSG00000126581,BECN1,chr17,-,42818786,42819609,42818786,42818877,42819547,42819609,1260,"35,39,54","108,105,83","149,119,128","73,73,81",819,149,0.0,0.0,"0.056,0.063,0.106","0.271,0.229,0.223",-0.166,670,141.33333333333334,207.66666666666669,BECN1_chr17_-_42818786_42819609_42818786_42818877_42819547_42819609_670
1297,ENSG00000103275,UBE2I,chr16,+,1315653,1320283,1315653,1315726,1319701,1320283,1297,"466,512,417","4,0,3","439,630,568","10,5,14",4124,149,0.001508984609,0.0081824718819868,"0.808,1.0,0.834","0.613,0.82,0.594",0.205,3975,467.3333333333333,555.3333333333333,UBE2I_chr16_+_1315653_1320283_1315653_1315726_1319701_1320283_3975
1300,ENSG00000103275,UBE2I,chr16,+,1319701,1320283,1319701,1319990,1320173,1320283,1300,"55,61,60","0,0,0","74,81,79","9,7,9",332,149,2.06449268791e-09,5.5293138680464985e-08,"1.0,1.0,1.0","0.787,0.839,0.798",0.192,183,58.666666666666664,86.33333333333333,UBE2I_chr16_+_1319701_1320283_1319701_1319990_1320173_1320283_183
1353,ENSG00000260565,ERVK13-1,chr16,-,2669410,2672570,2669410,2669561,2671023,2672570,1353,"68,50,66","5,4,1","58,73,48","0,0,1",1611,149,9.80743441625e-06,0.0001079066439884,"0.557,0.536,0.859","1.0,1.0,0.816",-0.288,1462,64.66666666666667,60.0,ERVK13-1_chr16_-_2669410_2672570_2669410_2669561_2671023_2672570_1462
1363,ENSG00000103249,CLCN7,chr16,-,1449275,1450666,1449275,1449327,1450496,1450666,1363,"95,114,112","56,63,62","173,236,205","53,47,47",1318,149,6.13192878696e-08,1.1863469421763745e-06,"0.161,0.17,0.17","0.27,0.362,0.33",-0.154,1169,167.33333333333334,253.66666666666666,CLCN7_chr16_-_1449275_1450666_1449275_1449327_1450496_1450666_1169
1372,ENSG00000102977,ACD,chr16,-,67658927,67659613,67658927,67659079,67659536,67659613,1372,"43,52,55","2,4,4","52,75,82","9,19,17",606,149,0.000289850285838,0.0020463538941996,"0.841,0.762,0.772","0.587,0.493,0.543",0.251,457,53.333333333333336,84.66666666666667,ACD_chr16_-_67658927_67659613_67658927_67659079_67659536_67659613_457
1376,ENSG00000102977,ACD,chr16,-,67658927,67659795,67658927,67659079,67659701,67659795,1376,"44,50,54","0,0,0","53,88,97","2,7,9",771,149,4.23335205779e-08,8.587657031516857e-07,"1.0,1.0,1.0","0.837,0.708,0.676",0.26,622,49.333333333333336,85.33333333333333,ACD_chr16_-_67658927_67659795_67658927_67659079_67659701_67659795_622
1391,ENSG00000140983,RHOT2,chr16,+,668352,668699,668352,668411,668655,668699,1391,"75,91,71","7,4,5","92,140,123","17,32,26",393,149,1.56727344168e-05,0.0001609181435482,"0.802,0.896,0.843","0.672,0.624,0.642",0.201,244,84.33333333333333,143.33333333333331,RHOT2_chr16_+_668352_668699_668352_668411_668655_668699_244
1405,ENSG00000127580,WDR24,chr16,-,685868,686186,685868,685990,686067,686186,1405,"8,14,18","17,31,38","35,28,45","29,24,30",226,149,2.27258890052e-05,0.0002212613721256,"0.237,0.229,0.238","0.443,0.435,0.497",-0.224,77,42.0,63.66666666666667,WDR24_chr16_-_685868_686186_685868_685990_686067_686186_77
1420,ENSG00000102879,CORO1A,chr16,+,30185208,30186720,30185208,30185407,30186597,30186720,1420,"0,4,2","19,10,13","24,29,29","21,18,8",1339,149,5.88402659929e-11,2.1392842602056293e-09,"0.0,0.043,0.017","0.113,0.152,0.287",-0.164,1190,16.0,43.0,CORO1A_chr16_+_30185208_30186720_30185208_30185407_30186597_30186720_1190
1458,ENSG00000123815,COQ8B,chr19,-,40705095,40705447,40705095,40705181,40705324,40705447,1458,"26,27,37","82,73,77","61,49,52","53,46,49",292,149,1.39745107708e-08,3.102423836608873e-07,"0.139,0.159,0.197","0.37,0.352,0.351",-0.193,143,107.33333333333333,103.33333333333334,COQ8B_chr19_-_40705095_40705447_40705095_40705181_40705324_40705447_143
1641,ENSG00000125170,DOK4,chr16,-,57471921,57473736,57471921,57473495,57473612,57473736,1641,"12,7,5","21,20,22","10,13,11","7,11,11",266,149,0.00141584185417,0.0077721559405422,"0.242,0.164,0.113","0.445,0.398,0.359",-0.228,117,29.0,21.0,DOK4_chr16_-_57471921_57473736_57471921_57473495_57473612_57473736_117
1647,ENSG00000214078,CPNE1,chr20,-,35630438,35631034,35630438,35630490,35630900,35631034,1647,"103,125,100","13,7,5","112,154,142","34,50,34",559,149,1.31120035385e-07,2.343965288141354e-06,"0.679,0.826,0.842","0.468,0.451,0.527",0.3,410,117.66666666666666,175.33333333333334,CPNE1_chr20_-_35630438_35631034_35630438_35630490_35630900_35631034_410
1671,ENSG00000089280,FUS,chr16,+,31184938,31188357,31184938,31185179,31188324,31188357,1671,"1576,1734,1636","49,47,48","1771,2443,2397","213,246,255",3294,149,0.0,0.0,"0.593,0.625,0.607","0.273,0.31,0.298",0.315,3145,1696.6666666666667,2441.6666666666665,FUS_chr16_+_31184938_31188357_31184938_31185179_31188324_31188357_3145
1700,ENSG00000131652,THOC6,chr16,+,3025923,3026288,3025923,3025988,3026250,3026288,1700,"24,36,38","2,0,2","28,32,38","5,9,5",411,149,0.000322379909462,0.0022423578545388,"0.813,1.0,0.873","0.67,0.563,0.734",0.24,262,34.0,39.0,THOC6_chr16_+_3025923_3026288_3025923_3025988_3026250_3026288_262
1703,ENSG00000123154,WDR83,chr19,+,12669754,12670080,12669754,12669893,12669976,12670080,1703,"8,8,26","79,88,90","86,143,158","83,98,122",232,149,0.0,0.0,"0.061,0.055,0.156","0.4,0.484,0.454",-0.355,83,99.66666666666667,230.0,WDR83_chr19_+_12669754_12670080_12669754_12669893_12669976_12670080_83
1721,ENSG00000156858,PRR14,chr16,+,30651595,30651964,30651595,30651668,30651795,30651964,1721,"16,27,27","176,174,157","97,153,150","113,189,170",276,149,0.0,0.0,"0.047,0.077,0.085","0.317,0.304,0.323",-0.245,127,192.33333333333334,290.6666666666667,PRR14_chr16_+_30651595_30651964_30651595_30651668_30651795_30651964_127
1753,ENSG00000182253,SYNM,chr15,+,99129366,99135593,99129366,99131813,99132749,99135593,1753,"68,43,62","0,2,0","43,43,64","2,1,5",1085,149,0.00086764256436,0.0051574871232639,"1.0,0.747,1.0","0.747,0.855,0.637",0.169,936,58.33333333333333,52.666666666666664,SYNM_chr15_+_99129366_99135593_99129366_99131813_99132749_99135593_936
1778,ENSG00000177082,WDR73,chr15,-,84645470,84646348,84645470,84645836,84645972,84646348,1778,"36,34,34","30,32,19","61,80,66","21,14,31",285,149,0.00112168367434,0.006414735055534,"0.386,0.357,0.483","0.603,0.749,0.527",-0.218,136,61.666666666666664,91.0,WDR73_chr15_-_84645470_84646348_84645470_84645836_84645972_84646348_136
1809,ENSG00000089195,TRMT6,chr20,-,5941052,5942036,5941052,5941139,5941950,5942036,1809,"24,19,15","0,0,0","75,63,80","4,1,2",960,149,0.000383040464015,0.0025947457535345,"1.0,1.0,1.0","0.744,0.907,0.861",0.163,811,19.333333333333332,75.0,TRMT6_chr20_-_5941052_5942036_5941052_5941139_5941950_5942036_811
1854,ENSG00000128951,DUT,chr15,+,48341288,48342395,48341288,48341363,48342021,48342395,1854,"15,15,10","0,0,0","24,20,16","2,9,4",807,149,4.43027614594e-10,1.3390465170419454e-08,"1.0,1.0,1.0","0.689,0.291,0.425",0.532,658,13.333333333333334,25.0,DUT_chr15_+_48341288_48342395_48341288_48341363_48342021_48342395_658
1910,ENSG00000102901,CENPT,chr16,-,67832227,67832545,67832227,67832315,67832454,67832545,1910,"27,27,24","122,120,112","60,89,84","95,112,113",288,149,5.88196158446e-13,2.766727680290372e-11,"0.103,0.104,0.1","0.246,0.291,0.278",-0.169,139,144.0,184.33333333333334,CENPT_chr16_-_67832227_67832545_67832227_67832315_67832454_67832545_139
1932,ENSG00000196547,MAN2A2,chr15,+,90912042,90912664,90912042,90912279,90912541,90912664,1932,"19,41,27","32,30,39","58,49,60","17,14,27",411,149,1.4428899483e-06,2.072364456279733e-05,"0.177,0.331,0.201","0.553,0.559,0.446",-0.283,262,62.666666666666664,75.0,MAN2A2_chr15_+_90912042_90912664_90912042_90912279_90912541_90912664_262
1944,ENSG00000140464,PML,chr15,+,74034477,74036394,74034477,74034530,74035171,74036394,1944,"69,82,51","31,34,28","100,170,130","17,16,19",790,149,1.80831547514e-08,3.922012180375689e-07,"0.296,0.313,0.256","0.526,0.667,0.563",-0.297,641,98.33333333333333,150.66666666666669,PML_chr15_+_74034477_74036394_74034477_74034530_74035171_74036394_641
1964,ENSG00000100749,VRK1,chr14,+,96945048,96945403,96945048,96945150,96945237,96945403,1964,"1,6,6","6,7,7","23,14,13","8,1,3",236,149,9.78850158795e-05,0.0007990050211595,"0.095,0.351,0.351","0.645,0.898,0.732",-0.493,87,11.0,20.666666666666668,VRK1_chr14_+_96945048_96945403_96945048_96945150_96945237_96945403_87
2022,ENSG00000029364,SLC39A9,chr14,+,69458362,69462381,69458362,69458729,69461696,69462381,2022,"1238,1285,1245","4,0,2","1024,990,944","16,13,13",3116,149,5.60733681709e-11,2.048583343952395e-09,"0.937,1.0,0.967","0.754,0.785,0.776",0.196,2967,1258.0,1000.0,SLC39A9_chr14_+_69458362_69462381_69458362_69458729_69461696_69462381_2967
2027,ENSG00000119723,COQ6,chr14,+,73958146,73959078,73958146,73958277,73958970,73959078,2027,"67,79,87","60,37,49","148,159,138","48,37,45",842,149,2.07282118888e-05,0.0002058054388853,"0.165,0.274,0.239","0.353,0.432,0.352",-0.153,693,126.33333333333334,191.66666666666669,COQ6_chr14_+_73958146_73959078_73958146_73958277_73958970_73959078_693
2062,ENSG00000100445,SDR39U1,chr14,-,24442345,24442776,24442345,24442452,24442753,24442776,2062,"84,163,140","94,98,109","127,159,172","58,44,43",450,149,2.26459973673e-06,3.04890476183005e-05,"0.228,0.355,0.298","0.42,0.545,0.57",-0.218,301,229.33333333333331,201.0,SDR39U1_chr14_-_24442345_24442776_24442345_24442452_24442753_24442776_301
2067,ENSG00000100473,COCH,chr14,+,30874558,30874972,30874558,30874591,30874915,30874972,2067,"194,206,185","28,24,31","136,160,127","43,38,50",473,149,2.5917744506e-05,0.0002465953794591,"0.686,0.73,0.653","0.499,0.57,0.444",0.185,324,222.66666666666666,184.66666666666666,COCH_chr14_+_30874558_30874972_30874558_30874591_30874915_30874972_324
2133,ENSG00000119638,NEK9,chr14,-,75105949,75106702,75105949,75105996,75106465,75106702,2133,"53,59,65","22,17,16","69,56,64","11,6,6",618,149,0.000896634583017,0.0053050879495172,"0.367,0.456,0.495","0.602,0.692,0.72",-0.232,469,77.33333333333333,70.66666666666667,NEK9_chr14_-_75105949_75106702_75105949_75105996_75106465_75106702_469
2138,ENSG00000100888,CHD8,chr14,-,21394911,21395892,21394911,21395119,21395816,21395892,2138,"24,13,26","0,3,0","21,26,28","13,8,9",846,149,0.000150601453174,0.0011696868282636,"1.0,0.433,1.0","0.221,0.364,0.354",0.498,697,22.0,35.0,CHD8_chr14_-_21394911_21395892_21394911_21395119_21395816_21395892_697
2153,ENSG00000100911,PSME2,chr14,-,24144399,24145273,24144399,24144468,24145242,24145273,2153,"31,62,49","0,0,0","91,85,54","1,4,2",923,149,0.000512416952871,0.0033389177379282,"1.0,1.0,1.0","0.936,0.774,0.813",0.159,774,47.333333333333336,79.0,PSME2_chr14_-_24144399_24145273_24144399_24144468_24145242_24145273_774
2206,ENSG00000213983,AP1G2,chr14,-,23565605,23566160,23565605,23565701,23566063,23566160,2206,"78,93,83","4,1,3","68,91,101","9,11,13",511,149,4.83798586137e-05,0.0004303863072419,"0.85,0.964,0.89","0.688,0.707,0.694",0.205,362,87.33333333333334,97.66666666666667,AP1G2_chr14_-_23565605_23566160_23565605_23565701_23566063_23566160_362
2221,ENSG00000129460,NGDN,chr14,+,23475170,23476152,23475170,23475308,23476028,23476152,2221,"18,33,31","0,0,0","46,49,45","10,11,3",869,149,2.41540687451e-09,6.275468667471338e-08,"1.0,1.0,1.0","0.441,0.433,0.72",0.469,720,27.333333333333332,54.666666666666664,NGDN_chr14_+_23475170_23476152_23475170_23475308_23476028_23476152_720
2230,ENSG00000070778,PTPN21,chr14,-,88469498,88470050,88469498,88469733,88469921,88470050,2230,"5,6,4","14,19,22","11,13,11","12,14,13",337,149,0.000689141585237,0.004254700221898,"0.136,0.123,0.074","0.288,0.291,0.272",-0.173,188,23.333333333333332,24.666666666666664,PTPN21_chr14_-_88469498_88470050_88469498_88469733_88469921_88470050_188
2274,ENSG00000173575,CHD2,chr15,+,92942842,92945865,92942842,92943068,92945820,92945865,2274,"13,21,9","0,1,0","14,23,16","2,5,8",2901,149,4.78130415926e-06,5.8415738802907085e-05,"1.0,0.519,1.0","0.264,0.191,0.093",0.657,2752,14.666666666666668,22.666666666666668,CHD2_chr15_+_92942842_92945865_92942842_92943068_92945820_92945865_2752
2322,ENSG00000120699,EXOSC8,chr13,+,37002933,37004561,37002933,37003007,37003494,37004561,2322,"153,183,176","3,12,6","126,114,140","18,12,17",636,149,5.84137595072e-05,0.0005053125908634,"0.923,0.781,0.873","0.621,0.69,0.659",0.202,487,177.66666666666666,142.33333333333334,EXOSC8_chr13_+_37002933_37004561_37002933_37003007_37003494_37004561_487
2326,ENSG00000120699,EXOSC8,chr13,+,37003494,37004561,37003494,37003517,37004515,37004561,2326,"296,361,324","1,4,7","221,280,223","18,5,14",1147,149,9.53060911097e-05,0.0007787987423361,"0.975,0.921,0.857","0.615,0.879,0.674",0.195,998,331.0,253.66666666666669,EXOSC8_chr13_+_37003494_37004561_37003494_37003517_37004515_37004561_998
2333,ENSG00000120697,ALG5,chr13,-,36993603,36995596,36993603,36993672,36995426,36995596,2333,"10,18,13","2,0,0","28,48,23","7,12,7",1903,149,0.0016371608262,0.0087643956212366,"0.281,1.0,1.0","0.238,0.238,0.205",0.533,1754,14.333333333333332,41.666666666666664,ALG5_chr13_-_36993603_36995596_36993603_36993672_36995426_36995596_1754
2354,ENSG00000134884,ARGLU1,chr13,-,106557047,106559657,106557047,106557131,106559431,106559657,2354,"2395,2913,2468","105,124,111","1683,1717,1736","201,190,215",2449,149,0.0,0.0,"0.581,0.588,0.575","0.337,0.355,0.329",0.241,2300,2705.3333333333335,1914.0,ARGLU1_chr13_-_106557047_106559657_106557047_106557131_106559431_106559657_2300
2375,ENSG00000111271,ACAD10,chr12,+,111755667,111757099,111755667,111755745,111756332,111757099,2375,"21,7,21","21,25,23","29,40,35","22,12,19",736,149,0.000459014348022,0.0030490220504974,"0.168,0.054,0.156","0.211,0.403,0.272",-0.169,587,39.33333333333333,52.33333333333333,ACAD10_chr12_+_111755667_111757099_111755667_111755745_111756332_111757099_587
2395,ENSG00000124067,SLC12A4,chr16,-,67950961,67951304,67950961,67951060,67951139,67951304,2395,"3,3,4","51,56,42","13,21,16","37,25,36",228,149,1.8670092139e-09,5.05435659849331e-08,"0.037,0.034,0.059","0.187,0.354,0.225",-0.212,79,53.0,49.33333333333333,SLC12A4_chr16_-_67950961_67951304_67950961_67951060_67951139_67951304_79
2405,ENSG00000172432,GTPBP2,chr6,-,43624887,43625560,43624887,43625062,43625362,43625560,2405,"137,176,155","92,72,77","168,209,187","49,47,61",449,149,0.000157679855613,0.0012146352030127,"0.331,0.448,0.4","0.532,0.596,0.504",-0.151,300,236.33333333333331,240.33333333333334,GTPBP2_chr6_-_43624887_43625560_43624887_43625062_43625362_43625560_300
2411,ENSG00000204427,ABHD16A,chr6,-,31688040,31688305,31688040,31688103,31688248,31688305,2411,"14,19,10","73,59,57","39,41,47","53,64,53",294,149,1.24031358517e-08,2.7823072034862144e-07,"0.089,0.14,0.082","0.272,0.245,0.31",-0.172,145,77.33333333333333,99.0,ABHD16A_chr6_-_31688040_31688305_31688040_31688103_31688248_31688305_145
2497,ENSG00000125459,MSTO1,chr1,+,155611215,155611603,155611215,155611355,155611548,155611603,2497,"42,33,36","41,38,31","57,83,83","36,24,31",342,149,0.000196141644119,0.0014659007086788,"0.309,0.274,0.336","0.408,0.601,0.538",-0.209,193,73.66666666666666,104.66666666666666,MSTO1_chr1_+_155611215_155611603_155611215_155611355_155611548_155611603_193
2511,ENSG00000141279,NPEPPS,chr17,+,47579389,47582849,47579389,47579455,47582741,47582849,2511,"44,45,42","0,0,0","30,58,51","1,3,2",3435,149,1.28202982264e-06,1.8662585000364877e-05,"1.0,1.0,1.0","0.565,0.456,0.525",0.485,3286,43.666666666666664,48.333333333333336,NPEPPS_chr17_+_47579389_47582849_47579389_47579455_47582741_47582849_3286
2530,ENSG00000137070,IL11RA,chr9,+,34656738,34657149,34656738,34656908,34657034,34657149,2530,"1,3,4","20,10,17","5,11,8","7,13,8",275,149,0.000121247571834,0.0009598716731753,"0.026,0.14,0.113","0.279,0.314,0.351",-0.222,126,18.333333333333332,17.333333333333336,IL11RA_chr9_+_34656738_34657149_34656738_34656908_34657034_34657149_126
2620,ENSG00000147050,KDM6A,chrX,+,45106541,45107536,45106541,45106649,45107409,45107536,2620,"24,27,40","0,1,0","39,39,52","3,2,1",909,149,0.00140515561626,0.0077191249401261,"1.0,0.816,1.0","0.681,0.762,0.895",0.159,760,30.666666666666664,45.333333333333336,KDM6A_chrX_+_45106541_45107536_45106541_45106649_45107409_45107536_760
2642,ENSG00000011243,AKAP8L,chr19,-,15397713,15399410,15397713,15398766,15399301,15399410,2642,"100,131,113","7,5,6","212,239,267","40,34,23",684,149,0.000536667768451,0.0034550569934664,"0.757,0.851,0.804","0.536,0.605,0.717",0.185,535,120.66666666666667,271.6666666666667,AKAP8L_chr19_-_15397713_15399410_15397713_15398766_15399301_15399410_535
2649,ENSG00000011243,AKAP8L,chr19,-,15397713,15400864,15397713,15399410,15400793,15400864,2649,"135,165,189","0,2,0","148,249,236","16,16,19",1532,149,5.06372721532e-13,2.4429237834934822e-11,"1.0,0.889,1.0","0.474,0.602,0.547",0.422,1383,163.66666666666666,228.0,AKAP8L_chr19_-_15397713_15400864_15397713_15399410_15400793_15400864_1383
2663,ENSG00000204628,RACK1,chr5,-,181241491,181242345,181241491,181241639,181242169,181242345,2663,"462,547,520","20,27,34","838,899,880","128,94,101",679,149,1.54871793168e-08,3.398149024438391e-07,"0.835,0.816,0.77","0.59,0.677,0.657",0.166,530,536.6666666666667,980.0,RACK1_chr5_-_181241491_181242345_181241491_181241639_181242169_181242345_530
2680,ENSG00000154134,ROBO3,chr11,+,124877518,124878131,124877518,124877658,124877936,124878131,2680,"45,43,48","20,9,14","43,57,57","6,5,3",427,149,0.000230637730118,0.0016811094570165,"0.44,0.625,0.545","0.714,0.799,0.869",-0.257,278,59.66666666666667,57.0,ROBO3_chr11_+_124877518_124878131_124877518_124877658_124877936_124878131_278
2704,ENSG00000065357,DGKA,chr12,+,55939414,55940170,55939414,55939529,55940081,55940170,2704,"4,9,1","19,13,12","8,14,20","8,9,7",701,149,2.22826022753e-05,0.0002179074582966,"0.043,0.128,0.017","0.175,0.248,0.378",-0.204,552,19.333333333333332,22.0,DGKA_chr12_+_55939414_55940170_55939414_55939529_55940081_55940170_552
2719,ENSG00000086189,DIMT1,chr5,-,62390875,62392990,62390875,62390982,62392925,62392990,2719,"26,28,25","0,0,0","36,30,36","9,8,12",2092,149,1.6143753001100002e-12,7.189223969602283e-11,"1.0,1.0,1.0","0.222,0.211,0.176",0.797,1943,26.333333333333332,43.666666666666664,DIMT1_chr5_-_62390875_62392990_62390875_62390982_62392925_62392990_1943
2788,ENSG00000124357,NAGK,chr2,+,71068649,71070586,71068649,71068712,71070501,71070586,2788,"57,53,81","34,37,34","118,134,115","22,38,18",1938,149,1.42723042207e-06,2.053792764148914e-05,"0.114,0.099,0.155","0.292,0.213,0.329",-0.155,1789,98.66666666666666,148.33333333333331,NAGK_chr2_+_71068649_71070586_71068649_71068712_71070501_71070586_1789
2849,ENSG00000105875,WDR91,chr7,-,135186971,135189452,135186971,135187169,135189343,135189452,2849,"59,83,57","0,0,0","109,155,132","3,2,1",2323,149,0.00114224873463,0.006517485956653,"1.0,1.0,1.0","0.7,0.833,0.894",0.191,2174,66.33333333333333,134.0,WDR91_chr7_-_135186971_135189452_135186971_135187169_135189343_135189452_2174
2904,ENSG00000184205,TSPYL2,chrX,+,53084531,53084866,53084531,53084622,53084754,53084866,2904,"37,45,50","80,86,94","96,123,94","74,78,89",281,149,6.91357981975e-09,1.6362138906741666e-07,"0.197,0.217,0.22","0.408,0.455,0.359",-0.196,132,130.66666666666669,184.66666666666666,TSPYL2_chrX_+_53084531_53084866_53084531_53084622_53084754_53084866_132
2927,ENSG00000099949,LZTR1,chr22,+,20994103,20994727,20994103,20994269,20994557,20994727,2927,"82,82,91","59,51,62","81,125,150","28,43,31",437,149,9.36433587884e-06,0.0001042544257753,"0.322,0.354,0.334","0.497,0.498,0.623",-0.203,288,142.33333333333334,152.66666666666669,LZTR1_chr22_+_20994103_20994727_20994103_20994269_20994557_20994727_288
2930,ENSG00000099949,LZTR1,chr22,+,20996695,20996966,20996695,20996801,20996885,20996966,2930,"3,5,19","56,60,96","20,50,17","59,62,58",233,149,2.59938428548e-06,3.408182253052697e-05,"0.033,0.051,0.112","0.178,0.34,0.158",-0.16,84,79.66666666666667,88.66666666666666,LZTR1_chr22_+_20996695_20996966_20996695_20996801_20996885_20996966_84
2967,ENSG00000185246,PRPF39,chr14,+,45096102,45097005,45096102,45096228,45096886,45097005,2967,"134,117,151","23,25,25","135,140,138","72,72,62",807,149,2.20983487065e-09,5.814303641581261e-08,"0.518,0.464,0.527","0.257,0.264,0.291",0.232,658,158.33333333333334,206.33333333333331,PRPF39_chr14_+_45096102_45097005_45096102_45096228_45096886_45097005_658
2994,ENSG00000115073,ACTR1B,chr2,-,97658426,97659003,97658426,97658643,97658878,97659003,2994,"138,139,142","92,102,100","131,161,193","73,50,56",384,149,0.000521583561504,0.0033869179325962,"0.368,0.346,0.355","0.41,0.555,0.572",-0.156,235,237.66666666666666,221.33333333333331,ACTR1B_chr2_-_97658426_97659003_97658426_97658643_97658878_97659003_235
2997,ENSG00000185000,DGAT1,chr8,-,144318094,144318362,144318094,144318169,144318260,144318362,2997,"6,16,19","65,72,67","32,31,32","67,44,54",240,149,1.92658517928e-06,2.655582428436132e-05,"0.054,0.121,0.15","0.229,0.304,0.269",-0.159,91,81.66666666666667,86.66666666666667,DGAT1_chr8_-_144318094_144318362_144318094_144318169_144318260_144318362_91
3064,ENSG00000077232,DNAJC10,chr2,+,182717015,182718290,182717015,182717072,182718156,182718290,3064,"124,116,119","0,0,0","115,90,149","1,6,1",1233,149,0.00013086425289,0.0010302137732742,"1.0,1.0,1.0","0.933,0.644,0.947",0.159,1084,119.66666666666667,120.66666666666667,DNAJC10_chr2_+_182717015_182718290_182717015_182717072_182718156_182718290_1084
3087,ENSG00000128609,NDUFA5,chr7,-,123557403,123557781,123557403,123557448,123557624,123557781,3087,"11,15,24","1,1,0","24,14,12","2,4,4",325,149,0.000222112774967,0.0016292599847969,"0.835,0.873,1.0","0.846,0.616,0.579",0.222,176,17.333333333333336,20.0,NDUFA5_chr7_-_123557403_123557781_123557403_123557448_123557624_123557781_176
3100,ENSG00000138796,HADH,chr4,+,108027687,108028069,108027687,108027760,108027938,108028069,3100,"15,11,17","5,2,3","15,15,7","7,14,16",327,149,0.0012926062631,0.0072113823099263,"0.578,0.715,0.721","0.494,0.328,0.166",0.342,178,17.666666666666668,24.666666666666668,HADH_chr4_+_108027687_108028069_108027687_108027760_108027938_108028069_178
3207,ENSG00000108591,DRG2,chr17,+,18099632,18100435,18099632,18099715,18100362,18100435,3207,"140,117,109","1,0,0","112,128,134","4,11,4",796,149,1.20029576722e-07,2.181986943018773e-06,"0.963,1.0,1.0","0.84,0.685,0.862",0.192,647,122.33333333333333,131.0,DRG2_chr17_+_18099632_18100435_18099632_18099715_18100362_18100435_647
3282,ENSG00000160796,NBEAL2,chr3,+,47007240,47007697,47007240,47007350,47007524,47007697,3282,"14,18,14","27,39,32","23,36,40","22,34,32",323,149,0.000207091263665,0.0015340244589988,"0.193,0.176,0.168","0.325,0.328,0.366",-0.161,174,48.0,62.33333333333333,NBEAL2_chr3_+_47007240_47007697_47007240_47007350_47007524_47007697_174
3289,ENSG00000211456,SACM1L,chr3,+,45732052,45737652,45732052,45732151,45737582,45737652,3289,"67,94,97","0,0,0","74,60,76","2,1,6",5580,149,7.01461111419e-11,2.538075156028555e-09,"1.0,1.0,1.0","0.497,0.616,0.253",0.545,5431,86.0,73.0,SACM1L_chr3_+_45732052_45737652_45732052_45732151_45737582_45737652_5431
3302,ENSG00000182481,KPNA2,chr17,+,68043837,68044503,68043837,68044071,68044324,68044503,3302,"58,57,42","0,0,0","42,57,54","6,5,6",402,149,1.24216744668e-08,2.7823072034862144e-07,"1.0,1.0,1.0","0.722,0.809,0.769",0.233,253,52.333333333333336,56.666666666666664,KPNA2_chr17_+_68043837_68044503_68043837_68044071_68044324_68044503_253
3304,ENSG00000105792,CFAP69,chr7,+,90299866,90304820,90299866,90300059,90304743,90304820,3304,"7,12,18","1,0,0","28,19,27","4,3,1",4833,149,0.000626830481987,0.0039378348976912,"0.178,1.0,1.0","0.178,0.163,0.454",0.461,4684,12.666666666666668,27.333333333333336,CFAP69_chr7_+_90299866_90304820_90299866_90300059_90304743_90304820_4684
3315,ENSG00000182504,CEP97,chr3,+,101757062,101758423,101757062,101757196,101757810,101758423,3315,"21,27,33","0,1,0","29,22,26","6,1,1",763,149,3.29684560181e-05,0.000302955555546,"1.0,0.841,1.0","0.486,0.811,0.835",0.236,614,27.333333333333332,28.333333333333336,CEP97_chr3_+_101757062_101758423_101757062_101757196_101757810_101758423_614
3355,ENSG00000178035,IMPDH2,chr3,-,49028430,49028806,49028430,49028532,49028721,49028806,3355,"29,48,25","7,6,6","60,75,60","3,0,1",338,149,6.17293409499e-07,9.75997941153251e-06,"0.646,0.779,0.647","0.898,1.0,0.964",-0.263,189,40.333333333333336,66.33333333333333,IMPDH2_chr3_-_49028430_49028806_49028430_49028532_49028721_49028806_189
3362,ENSG00000075826,SEC31B,chr10,-,100488857,100489398,100488857,100488977,100489251,100489398,3362,"34,49,47","7,4,11","56,67,86","2,1,2",423,149,5.79114608934e-06,6.885334197215299e-05,"0.631,0.812,0.601","0.908,0.959,0.938",-0.254,274,50.66666666666667,71.33333333333334,SEC31B_chr10_-_100488857_100489398_100488857_100488977_100489251_100489398_274
3384,ENSG00000162736,NCSTN,chr1,+,160354117,160356347,160354117,160354290,160356259,160356347,3384,"48,48,47","0,0,0","103,115,99","12,10,5",2118,149,1.19113141572e-09,3.357473795771056e-08,"1.0,1.0,1.0","0.376,0.447,0.582",0.532,1969,47.666666666666664,114.66666666666667,NCSTN_chr1_+_160354117_160356347_160354117_160354290_160356259_160356347_1969
3388,ENSG00000162736,NCSTN,chr1,+,160355862,160357253,160355862,160356754,160357040,160357253,3388,"54,48,42","159,186,186","105,124,130","115,97,111",435,149,0.0,0.0,"0.104,0.081,0.072","0.238,0.305,0.286",-0.191,286,225.0,227.33333333333334,NCSTN_chr1_+_160355862_160357253_160355862_160356754_160357040_160357253_286
3405,ENSG00000250337,PURPL,chr5,+,27475534,27477801,27475534,27475695,27477638,27477801,3405,"131,187,154","20,22,12","321,361,332","6,11,9",2092,149,2.22944922523e-08,4.7532110110711e-07,"0.318,0.377,0.478","0.792,0.7,0.724",-0.348,1943,175.33333333333334,346.6666666666667,PURPL_chr5_+_27475534_27477801_27475534_27475695_27477638_27477801_1943
3539,ENSG00000163703,CRELD1,chr3,+,9943076,9944095,9943076,9943515,9943901,9944095,3539,"66,63,89","15,7,7","73,39,54","2,2,1",535,149,0.000215265952273,0.0015867693994188,"0.551,0.715,0.78","0.91,0.844,0.938",-0.215,386,82.33333333333334,57.0,CRELD1_chr3_+_9943076_9944095_9943076_9943515_9943901_9944095_386
3569,ENSG00000168291,PDHB,chr3,-,58429707,58430238,58429707,58429941,58430127,58430238,3569,"16,9,11","0,1,2","9,6,3","7,1,9",335,149,0.000100390083877,0.0008159133598901,"1.0,0.8,0.71","0.364,0.727,0.129",0.43,186,13.0,11.666666666666668,PDHB_chr3_-_58429707_58430238_58429707_58429941_58430127_58430238_186
3585,ENSG00000240303,ACAD11,chr3,-,132578795,132579558,132578795,132579056,132579491,132579558,3585,"208,245,240","22,7,17","89,90,109","29,21,20",584,149,6.77562850271e-07,1.0579539442198228e-05,"0.707,0.899,0.783","0.439,0.522,0.582",0.282,435,246.33333333333334,119.33333333333333,ACAD11_chr3_-_132578795_132579558_132578795_132579056_132579491_132579558_435
3601,ENSG00000163930,BAP1,chr3,-,52402778,52403298,52402778,52402940,52403137,52403298,3601,"15,25,18","23,24,23","46,58,43","24,26,29",346,149,0.000678242905038,0.0042011984389432,"0.219,0.31,0.252","0.452,0.49,0.39",-0.184,197,42.666666666666664,75.33333333333333,BAP1_chr3_-_52402778_52403298_52402778_52402940_52403137_52403298_197
3614,ENSG00000243989,ACY1,chr3,+,51986604,51987453,51986604,51986661,51987308,51987453,3614,"10,11,18","0,0,0","20,35,22","1,1,4",796,149,0.000207050317563,0.0015340244589988,"1.0,1.0,1.0","0.789,0.868,0.507",0.279,647,13.0,27.666666666666668,ACY1_chr3_+_51986604_51987453_51986604_51986661_51987308_51987453_647
3631,ENSG00000164068,RNF123,chr3,+,49704649,49705186,49704649,49704756,49704983,49705186,3631,"5,9,8","78,79,61","26,47,30","52,37,71",376,149,3.51748630223e-11,1.3575693287478446e-09,"0.025,0.043,0.049","0.165,0.335,0.143",-0.175,227,80.0,87.66666666666667,RNF123_chr3_+_49704649_49705186_49704649_49704756_49704983_49705186_227
3664,ENSG00000114859,CLCN2,chr3,-,184354903,184355529,184354903,184354973,184355373,184355529,3664,"0,4,5","9,13,9","9,12,12","6,7,12",549,149,0.00019534634758,0.0014614081629096,"0.0,0.077,0.131","0.289,0.318,0.213",-0.204,400,13.333333333333334,19.333333333333336,CLCN2_chr3_-_184354903_184355529_184354903_184354973_184355373_184355529_400
3687,ENSG00000178149,DALRD3,chr3,-,49015972,49016340,49015972,49016086,49016157,49016340,3687,"13,23,26","45,45,50","43,43,50","37,32,32",220,149,2.74580490789e-07,4.64380398579329e-06,"0.164,0.257,0.26","0.44,0.476,0.514",-0.25,71,67.33333333333333,79.0,DALRD3_chr3_-_49015972_49016340_49015972_49016086_49016157_49016340_71
3744,ENSG00000164073,MFSD8,chr4,-,127920556,127921771,127920556,127920836,127921523,127921771,3744,"30,56,40","13,20,9","20,22,33","22,18,19",836,149,0.00177161663468,0.0093566223105976,"0.291,0.333,0.442","0.139,0.179,0.236",0.171,687,56.0,44.66666666666667,MFSD8_chr4_-_127920556_127921771_127920556_127920836_127921523_127921771_687
3747,ENSG00000111642,CHD4,chr12,-,6578028,6578546,6578028,6578117,6578408,6578546,3747,"109,84,78","4,4,2","82,94,89","12,13,12",440,149,2.96116613774e-05,0.0002768414453743,"0.902,0.877,0.93","0.698,0.71,0.715",0.195,291,93.66666666666666,100.66666666666666,CHD4_chr12_-_6578028_6578546_6578028_6578117_6578408_6578546_291
3754,ENSG00000168566,SNRNP48,chr6,+,7599672,7601524,7599672,7599680,7601335,7601524,3754,"21,21,29","2,1,0","37,39,27","19,6,13",1804,149,0.000600812924871,0.0037997630862009,"0.464,0.634,1.0","0.139,0.349,0.146",0.488,1655,24.666666666666668,47.0,SNRNP48_chr6_+_7599672_7601524_7599672_7599680_7601335_7601524_1655
3783,ENSG00000144395,CCDC150,chr2,+,196729192,196729861,196729192,196729387,196729792,196729861,3783,"48,67,48","2,2,3","57,65,62","8,13,7",554,149,0.000608660825171,0.0038332898495706,"0.866,0.9,0.811","0.657,0.574,0.704",0.214,405,56.66666666666667,70.66666666666667,CCDC150_chr2_+_196729192_196729861_196729192_196729387_196729792_196729861_405
3818,ENSG00000112473,SLC39A7,chr6,+,33200825,33201656,33200825,33200938,33201241,33201656,3818,"839,867,835","323,351,340","825,837,882","172,155,181",452,149,8.977152354820001e-12,3.5937259905518787e-10,"0.461,0.449,0.447","0.613,0.64,0.616",-0.171,303,1185.0,1017.3333333333334,SLC39A7_chr6_+_33200825_33201656_33200825_33200938_33201241_33201656_303
3850,ENSG00000131876,SNRPA1,chr15,-,101285725,101287010,101285725,101285801,101286907,101287010,3850,"537,617,551","31,24,24","335,421,382","139,133,151",1255,149,0.0,0.0,"0.673,0.753,0.732","0.222,0.273,0.231",0.477,1106,594.6666666666667,520.3333333333333,SNRPA1_chr15_-_101285725_101287010_101285725_101285801_101286907_101287010_1106
3864,ENSG00000038274,MAT2B,chr5,+,163512001,163513994,163512001,163512196,163513841,163513994,3864,"3,20,18","0,0,0","18,33,24","6,5,4",1794,149,1.3078427230100001e-12,5.893906786451054e-11,"1.0,1.0,1.0","0.199,0.354,0.333",0.705,1645,13.666666666666666,30.0,MAT2B_chr5_+_163512001_163513994_163512001_163512196_163513841_163513994_1645
3873,ENSG00000291129,PPIEL,chr1,-,39547578,39548951,39547578,39547634,39548861,39548951,3873,"103,121,79","4,3,1","56,97,121","9,11,10",1376,149,0.000119584034051,0.0009509094504434,"0.736,0.814,0.895","0.403,0.488,0.567",0.329,1227,103.66666666666667,101.33333333333333,PPIEL_chr1_-_39547578_39548951_39547578_39547634_39548861_39548951_1227
3891,ENSG00000132781,MUTYH,chr1,-,45332165,45332834,45332165,45332310,45332762,45332834,3891,"30,30,16","0,0,1","39,39,49","7,6,6",601,149,6.28114749546e-07,9.889522186366518e-06,"1.0,1.0,0.799","0.58,0.617,0.669",0.311,452,25.666666666666664,48.66666666666667,MUTYH_chr1_-_45332165_45332834_45332165_45332310_45332762_45332834_452
3894,ENSG00000132781,MUTYH,chr1,-,45332762,45333324,45332762,45332834,45333284,45333324,3894,"35,38,49","1,1,1","27,43,53","13,9,12",599,149,2.38830074606e-08,5.034832329088952e-07,"0.897,0.904,0.924","0.341,0.543,0.524",0.439,450,41.666666666666664,52.333333333333336,MUTYH_chr1_-_45332762_45333324_45332762_45332834_45333284_45333324_450
3896,ENSG00000132781,MUTYH,chr1,-,45332917,45333324,45332917,45332959,45333284,45333324,3896,"30,33,43","1,1,2","32,40,44","5,11,5",474,149,0.000278463607055,0.0019715118595446,"0.904,0.912,0.871","0.668,0.533,0.734",0.251,325,36.66666666666667,45.666666666666664,MUTYH_chr1_-_45332917_45333324_45332917_45332959_45333284_45333324_325
3903,ENSG00000168389,MFSD2A,chr1,+,39967627,39967916,39967627,39967711,39967803,39967916,3903,"1,3,1","20,10,17","17,15,11","17,8,15",241,149,7.17634544012e-08,1.3673209058821045e-06,"0.03,0.156,0.035","0.382,0.537,0.312",-0.337,92,17.333333333333332,27.666666666666668,MFSD2A_chr1_+_39967627_39967916_39967627_39967711_39967803_39967916_92
3935,ENSG00000143416,SELENBP1,chr1,-,151369003,151369769,151369003,151369189,151369712,151369769,3935,"46,48,30","0,0,1","51,52,47","4,5,3",672,149,6.97830266594e-06,8.06738953361973e-05,"1.0,1.0,0.869","0.739,0.698,0.776",0.219,523,41.66666666666667,54.0,SELENBP1_chr1_-_151369003_151369769_151369003_151369189_151369712_151369769_523
3960,ENSG00000197989,SNHG12,chr1,-,28579532,28579981,28579532,28579587,28579911,28579981,3960,"315,394,377","48,49,52","316,372,396","236,214,221",473,149,0.0,0.0,"0.674,0.717,0.695","0.297,0.354,0.361",0.358,324,411.6666666666667,585.0,SNHG12_chr1_-_28579532_28579981_28579532_28579587_28579911_28579981_324
4018,ENSG00000137274,BPHL,chr6,+,3138040,3140509,3138040,3138179,3140385,3140509,4018,"43,53,38","0,1,1","53,71,94","4,5,1",2355,149,0.00106909791106,0.0061608199683289,"1.0,0.77,0.706","0.456,0.473,0.856",0.23,2206,45.33333333333333,76.0,BPHL_chr6_+_3138040_3140509_3138040_3138179_3140385_3140509_2206
4028,ENSG00000123136,DDX39A,chr19,-,14409302,14409645,14409302,14409447,14409535,14409645,4028,"47,45,50","308,260,254","215,243,260","387,302,337",237,149,0.0,0.0,"0.088,0.098,0.11","0.259,0.336,0.327",-0.209,88,321.3333333333333,581.3333333333334,DDX39A_chr19_-_14409302_14409645_14409302_14409447_14409535_14409645_88
4040,ENSG00000110172,CHORDC1,chr11,-,90210535,90214175,90210535,90210594,90214017,90214175,4040,"12,30,32","0,0,0","44,47,48","1,2,2",3572,149,5.33887129457e-05,0.0004683023935073,"1.0,1.0,1.0","0.647,0.495,0.5",0.453,3423,24.666666666666668,48.0,CHORDC1_chr11_-_90210535_90214175_90210535_90210594_90214017_90214175_3423
4071,ENSG00000103507,BCKDK,chr16,+,31110400,31111219,31110400,31110499,31111090,31111219,4071,"27,30,27","6,4,4","18,29,33","17,21,24",740,149,2.542004641e-06,3.350460057472154e-05,"0.475,0.602,0.576","0.176,0.218,0.217",0.347,591,32.666666666666664,47.333333333333336,BCKDK_chr16_+_31110400_31111219_31110400_31110499_31111090_31111219_591
4118,ENSG00000134222,PSRC1,chr1,-,109282679,109283122,109282679,109282789,109283073,109283122,4118,"11,16,15","0,0,0","39,69,44","4,2,3",433,149,5.91544716246e-05,0.0005099616877969,"1.0,1.0,1.0","0.77,0.922,0.835",0.158,284,14.0,53.666666666666664,PSRC1_chr1_-_109282679_109283122_109282679_109282789_109283073_109283122_284
4154,ENSG00000159348,CYB5R1,chr1,-,202965886,202966600,202965886,202966109,202966527,202966600,4154,"22,35,17","0,0,3","77,72,71","13,11,9",567,149,0.00133998240415,0.007423746085165,"1.0,1.0,0.598","0.609,0.632,0.675",0.227,418,25.666666666666668,84.33333333333333,CYB5R1_chr1_-_202965886_202966600_202965886_202966109_202966527_202966600_418
4201,ENSG00000155363,MOV10,chr1,+,112698286,112699810,112698286,112698789,112699457,112699810,4201,"144,134,157","16,21,24","105,112,117","5,2,8",817,149,0.000123228254095,0.000974176302856,"0.621,0.538,0.544","0.793,0.911,0.727",-0.243,668,165.33333333333334,116.33333333333333,MOV10_chr1_+_112698286_112699810_112698286_112698789_112699457_112699810_668
4224,ENSG00000154222,CC2D1B,chr1,-,52357780,52358461,52357780,52357898,52358330,52358461,4224,"15,10,13","29,15,21","28,38,45","24,24,18",581,149,0.00012844882114,0.0010143817711433,"0.117,0.146,0.137","0.23,0.289,0.391",-0.17,432,34.333333333333336,59.0,CC2D1B_chr1_-_52357780_52358461_52357780_52357898_52358330_52358461_432
4283,ENSG00000111653,ING4,chr12,-,6652270,6652770,6652270,6652309,6652661,6652770,4283,"96,88,60","3,2,5","53,61,60","6,8,10",501,149,0.000972246265775,0.0056898331230347,"0.905,0.929,0.781","0.724,0.694,0.641",0.185,352,84.66666666666666,66.0,ING4_chr12_-_6652270_6652770_6652270_6652309_6652661_6652770_352
4291,ENSG00000145916,RMND5B,chr5,+,178142582,178142992,178142582,178142728,178142851,178142992,4291,"7,4,7","91,85,72","35,52,33","74,92,90",272,149,5.10702591328e-15,3.3422153933343724e-13,"0.04,0.025,0.051","0.206,0.236,0.167",-0.164,123,88.66666666666667,125.33333333333333,RMND5B_chr5_+_178142582_178142992_178142582_178142728_178142851_178142992_123
4324,ENSG00000158864,NDUFS2,chr1,+,161209482,161210710,161209482,161210188,161210590,161210710,4324,"48,45,61","0,0,0","63,70,87","6,4,3",551,149,1.76870302404e-06,2.457028246464365e-05,"1.0,1.0,1.0","0.74,0.826,0.887",0.182,402,51.333333333333336,77.66666666666666,NDUFS2_chr1_+_161209482_161210710_161209482_161210188_161210590_161210710_402
4360,ENSG00000143494,VASH2,chr1,+,212951338,212951818,212951338,212951392,212951588,212951818,4360,"17,18,23","8,3,4","9,18,17","0,1,2",345,149,0.00158531355459,0.0085282843544276,"0.479,0.722,0.713","1.0,0.886,0.786",-0.253,196,24.333333333333332,15.666666666666666,VASH2_chr1_+_212951338_212951818_212951338_212951392_212951588_212951818_196
4376,ENSG00000167110,GOLGA2,chr9,-,128265969,128267517,128265969,128266020,128267457,128267517,4376,"43,63,52","0,1,0","40,44,49","2,6,1",1586,149,1.01151121494e-05,0.0001100347953012,"1.0,0.855,1.0","0.653,0.408,0.822",0.324,1437,53.0,47.333333333333336,GOLGA2_chr9_-_128265969_128267517_128265969_128266020_128267457_128267517_1437
4388,ENSG00000197530,MIB2,chr1,+,1625545,1626754,1625545,1625653,1626649,1626754,4388,"70,103,101","46,36,30","165,143,161","21,24,25",1145,149,8.98829574214e-07,1.363828906357775e-05,"0.165,0.271,0.305","0.506,0.437,0.456",-0.219,996,128.66666666666666,179.66666666666669,MIB2_chr1_+_1625545_1626754_1625545_1625653_1626649_1626754_996
4402,ENSG00000291113,,chr5,+,177882651,177884272,177882651,177882752,177883666,177884272,4402,"27,39,29","18,16,14","52,38,41","6,6,12",1063,149,0.00169631562583,0.0090095069865889,"0.174,0.255,0.225","0.548,0.47,0.324",-0.229,914,47.66666666666667,51.666666666666664,nan_chr5_+_177882651_177884272_177882651_177882752_177883666_177884272_914
4406,ENSG00000091483,FH,chr1,-,241500436,241504245,241500436,241500590,241504041,241504245,4406,"38,26,20","0,0,0","43,44,51","4,3,4",3600,149,5.00162911088e-10,1.4878363908491257e-08,"1.0,1.0,1.0","0.308,0.378,0.345",0.656,3451,28.0,49.666666666666664,FH_chr1_-_241500436_241504245_241500436_241500590_241504041_241504245_3451
4407,ENSG00000182400,TRAPPC6B,chr14,-,39158284,39159550,39158284,39158402,39159449,39159550,4407,"9,15,17","2,3,1","12,12,7","18,21,12",1196,149,4.42854757399e-06,5.463811318335859e-05,"0.359,0.384,0.679","0.077,0.066,0.068",0.404,1047,15.666666666666666,27.333333333333336,TRAPPC6B_chr14_-_39158284_39159550_39158284_39158402_39159449_39159550_1047
4446,ENSG00000087085,ACHE,chr7,-,100892333,100894252,100892333,100892818,100893164,100894252,4446,"7,10,6","5,4,4","27,36,27","2,0,3",495,149,7.1814464041e-06,8.276809439089831e-05,"0.296,0.429,0.311","0.803,1.0,0.73",-0.499,346,12.0,31.666666666666668,ACHE_chr7_-_100892333_100894252_100892333_100892818_100893164_100894252_346
4451,ENSG00000175203,DCTN2,chr12,-,57532014,57532643,57532014,57532106,57532571,57532643,4451,"20,19,19","3,0,1","36,36,35","40,50,49",614,149,7.83368814261e-10,2.2763064463815774e-08,"0.618,1.0,0.822","0.179,0.149,0.148",0.655,465,20.666666666666664,82.0,DCTN2_chr12_-_57532014_57532643_57532014_57532106_57532571_57532643_465
4473,ENSG00000138750,NUP54,chr4,-,76130655,76132719,76130655,76130749,76132522,76132719,4473,"57,67,50","6,2,0","38,23,36","36,14,26",1922,149,4.76528021487e-08,9.589170828104712e-07,"0.424,0.722,1.0","0.076,0.113,0.097",0.62,1773,60.666666666666664,57.66666666666667,NUP54_chr4_-_76130655_76132719_76130655_76130749_76132522_76132719_1773
4491,ENSG00000171824,EXOSC10,chr1,-,11076841,11077651,11076841,11076948,11077600,11077651,4491,"338,377,373","8,4,3","168,273,275","22,30,22",801,149,7.43849426499e-15,4.826043779165063e-13,"0.887,0.946,0.959","0.587,0.629,0.699",0.292,652,367.6666666666667,263.3333333333333,EXOSC10_chr1_-_11076841_11077651_11076841_11076948_11077600_11077651_652
4499,ENSG00000111011,RSRC2,chr12,-,122518838,122521428,122518838,122519051,122521384,122521428,4499,"233,298,286","3,6,4","262,261,296","20,21,27",2482,149,9.07051211918e-10,2.6155047589635513e-08,"0.823,0.749,0.811","0.44,0.427,0.397",0.373,2333,276.66666666666663,295.6666666666667,RSRC2_chr12_-_122518838_122521428_122518838_122519051_122521384_122521428_2333
4529,ENSG00000197375,SLC22A5,chr5,+,132384146,132385499,132384146,132384320,132385327,132385499,4529,"36,38,24","1,0,2","23,23,20","4,3,3",1156,149,0.00104731766394,0.0060631636452403,"0.823,1.0,0.607","0.426,0.497,0.462",0.348,1007,33.666666666666664,25.333333333333332,SLC22A5_chr5_+_132384146_132385499_132384146_132384320_132385327_132385499_1007
4549,ENSG00000134574,DDB2,chr11,+,47234756,47235412,47234756,47234934,47235269,47235412,4549,"34,39,28","65,72,48","88,99,74","60,65,53",484,149,1.12763295368e-08,2.548518201019724e-07,"0.139,0.143,0.152","0.311,0.319,0.301",-0.166,335,95.33333333333333,146.33333333333334,DDB2_chr11_+_47234756_47235412_47234756_47234934_47235269_47235412_335
4572,ENSG00000143303,METTL25B,chr1,+,156731990,156732473,156731990,156732115,156732280,156732473,4572,"77,63,83","101,117,109","112,136,124","75,56,75",314,149,2.51438403431e-09,6.480566521307212e-08,"0.266,0.204,0.265","0.415,0.535,0.44",-0.218,165,183.33333333333331,192.66666666666669,METTL25B_chr1_+_156731990_156732473_156731990_156732115_156732280_156732473_165
4581,ENSG00000106462,EZH2,chr7,-,148816683,148818117,148816683,148816778,148817876,148818117,4581,"323,381,342","7,9,7","367,367,356","21,35,33",1247,149,4.90889530136e-08,9.851825610142762e-07,"0.846,0.835,0.854","0.676,0.556,0.563",0.247,1098,356.33333333333337,393.0,EZH2_chr7_-_148816683_148818117_148816683_148816778_148817876_148818117_1098
4641,ENSG00000005448,WDR54,chr2,+,74423318,74423982,74423318,74423385,74423854,74423982,4641,"25,49,41","8,6,15","44,73,59","5,2,2",618,149,0.000243284552911,0.0017571588725606,"0.43,0.663,0.397","0.68,0.898,0.877",-0.322,469,48.0,61.666666666666664,WDR54_chr2_+_74423318_74423982_74423318_74423385_74423854_74423982_469
4674,ENSG00000137409,MTCH1,chr6,-,36977198,36978155,36977198,36977250,36978077,36978155,4674,"35,35,49","0,0,0","71,87,91","3,1,3",976,149,0.000582716672879,0.0037008655528163,"1.0,1.0,1.0","0.783,0.93,0.822",0.155,827,39.666666666666664,85.33333333333333,MTCH1_chr6_-_36977198_36978155_36977198_36977250_36978077_36978155_827
4690,ENSG00000135506,OS9,chr12,+,57695961,57696373,57695961,57695976,57696274,57696373,4690,"94,87,102","4,3,1","87,86,74","24,14,16",447,149,2.60922838891e-10,8.537849067363766e-09,"0.887,0.906,0.971","0.547,0.672,0.607",0.313,298,97.0,100.33333333333333,OS9_chr12_+_57695961_57696373_57695961_57695976_57696274_57696373_298
4692,ENSG00000135506,OS9,chr12,+,57715759,57716193,57715759,57715970,57716088,57716193,4692,"6,3,5","56,48,49","22,37,39","36,37,30",267,149,1.99840144433e-15,1.4188650254743001e-13,"0.056,0.034,0.054","0.254,0.358,0.42",-0.296,118,55.666666666666664,67.0,OS9_chr12_+_57715759_57716193_57715759_57715970_57716088_57716193_118
4695,ENSG00000135506,OS9,chr12,+,57716091,57716512,57716091,57716193,57716381,57716512,4695,"10,18,16","2,3,2","50,44,51","0,1,0",337,149,3.7039990166e-05,0.0003362641326771,"0.689,0.726,0.78","1.0,0.951,1.0",-0.252,188,17.0,48.66666666666667,OS9_chr12_+_57716091_57716512_57716091_57716193_57716381_57716512_188
4730,ENSG00000291006,,chr6,+,52666388,52669155,52666388,52666518,52666748,52669155,4730,"22,27,18","20,28,21","37,29,26","11,13,11",379,149,0.000243746995385,0.0017588110136793,"0.302,0.275,0.252","0.569,0.467,0.482",-0.23,230,45.33333333333333,42.333333333333336,nan_chr6_+_52666388_52669155_52666388_52666518_52666748_52669155_230
4802,ENSG00000147274,RBMX,chrX,-,136872267,136875168,136872267,136872345,136875085,136875168,4802,"5800,5380,5460","87,109,97","3945,3987,4122","171,179,210",2889,149,0.0,0.0,"0.775,0.718,0.744","0.543,0.535,0.503",0.219,2740,5644.333333333334,4204.666666666667,RBMX_chrX_-_136872267_136875168_136872267_136872345_136875085_136875168_2740
4837,ENSG00000104872,PIH1D1,chr19,-,49447826,49448010,49447826,49447908,49448000,49448010,4837,"38,33,35","180,180,168","114,113,92","193,155,181",241,149,6.13953332618e-14,3.372710059330706e-12,"0.115,0.102,0.114","0.268,0.311,0.239",-0.162,92,211.33333333333334,282.6666666666667,PIH1D1_chr19_-_49447826_49448010_49447826_49447908_49448000_49448010_92
4855,ENSG00000179632,MAF1,chr8,+,144106342,144106674,144106342,144106464,144106554,144106674,4855,"95,67,63","464,415,459","163,182,191","329,309,349",239,149,0.0,0.0,"0.113,0.091,0.079","0.236,0.269,0.254",-0.159,90,521.0,507.66666666666663,MAF1_chr8_+_144106342_144106674_144106342_144106464_144106554_144106674_90
4877,ENSG00000082068,WDR70,chr5,+,37721114,37725050,37721114,37721215,37724933,37725050,4877,"27,19,19","1,0,1","51,44,48","13,7,7",3867,149,0.00125783921227,0.0070540222887809,"0.51,1.0,0.423","0.131,0.195,0.209",0.466,3718,22.333333333333336,56.666666666666664,WDR70_chr5_+_37721114_37725050_37721114_37721215_37724933_37725050_3718
4915,ENSG00000170581,STAT2,chr12,-,56346441,56346955,56346441,56346624,56346818,56346955,4915,"3,5,3","42,43,41","15,18,13","23,38,27",343,149,2.30754254593e-08,4.891990197371599e-07,"0.03,0.048,0.031","0.221,0.171,0.173",-0.152,194,45.666666666666664,44.666666666666664,STAT2_chr12_-_56346441_56346955_56346441_56346624_56346818_56346955_194
4924,ENSG00000170581,STAT2,chr12,-,56349425,56349636,56349425,56349509,56349588,56349636,4924,"5,5,3","41,38,29","9,10,18","21,25,25",228,149,1.49222014315e-05,0.0001549027420323,"0.074,0.079,0.063","0.219,0.207,0.32",-0.177,79,40.333333333333336,36.0,STAT2_chr12_-_56349425_56349636_56349425_56349509_56349588_56349636_79
4935,ENSG00000170581,STAT2,chr12,-,56355442,56355803,56355442,56355532,56355707,56355803,4935,"2,0,5","23,17,30","2,6,15","13,12,6",324,149,0.000469178533454,0.0031083077841327,"0.038,0.0,0.071","0.066,0.187,0.535",-0.226,175,25.666666666666664,18.0,STAT2_chr12_-_56355442_56355803_56355442_56355532_56355707_56355803_175
4964,ENSG00000227057,WDR46,chr6,-,33279107,33279610,33279107,33279374,33279496,33279610,4964,"15,22,26","153,136,158","105,101,84","181,160,164",271,149,0.0,0.0,"0.051,0.082,0.083","0.242,0.258,0.22",-0.168,122,170.0,265.0,WDR46_chr6_-_33279107_33279610_33279107_33279374_33279496_33279610_122
5081,ENSG00000141504,SAT2,chr17,-,7627142,7627414,7627142,7627226,7627362,7627414,5081,"42,72,54","193,207,215","90,105,133","153,128,165",285,149,5.78315173527e-13,2.7546835417494947e-11,"0.102,0.154,0.116","0.235,0.3,0.296",-0.153,136,261.0,258.0,SAT2_chr17_-_7627142_7627414_7627142_7627226_7627362_7627414_136
5083,ENSG00000141504,SAT2,chr17,-,7627362,7627805,7627362,7627414,7627569,7627805,5083,"48,76,54","70,79,75","78,99,129","39,51,49",304,149,5.18364795532e-10,1.5359108075487527e-08,"0.252,0.32,0.261","0.495,0.488,0.563",-0.238,155,134.0,148.33333333333334,SAT2_chr17_-_7627362_7627805_7627362_7627414_7627569_7627805_155
5120,ENSG00000011009,LYPLA2,chr1,+,23794223,23794600,23794223,23794325,23794426,23794600,5120,"25,25,34","137,127,130","72,78,78","112,85,97",250,149,2.6645352591e-15,1.8397515926593211e-13,"0.098,0.105,0.135","0.277,0.354,0.324",-0.206,101,159.33333333333334,174.0,LYPLA2_chr1_+_23794223_23794600_23794223_23794325_23794426_23794600_101
5170,ENSG00000116337,AMPD2,chr1,+,109628082,109629235,109628082,109628495,109629108,109629235,5170,"67,45,63","6,2,3","48,72,62","14,25,23",762,149,7.26262707751e-08,1.3767892036609635e-06,"0.686,0.815,0.804","0.401,0.36,0.345",0.4,613,62.0,81.33333333333333,AMPD2_chr1_+_109628082_109629235_109628082_109628495_109629108_109629235_613
5230,ENSG00000132604,TERF2,chr16,-,69368375,69368595,69368375,69368482,69368586,69368595,5230,"5,5,6","7,9,11","2,18,8","1,3,4",253,149,0.000422144353293,0.0028391942831841,"0.296,0.247,0.243","0.541,0.779,0.541",-0.358,104,14.333333333333332,12.0,TERF2_chr16_-_69368375_69368595_69368375_69368482_69368586_69368595_104
5265,ENSG00000162298,SYVN1,chr11,-,65130001,65130379,65130001,65130172,65130250,65130379,5265,"5,6,13","14,25,19","7,21,15","7,7,11",227,149,0.000511215569409,0.0033339760618476,"0.19,0.136,0.31","0.396,0.663,0.472",-0.298,78,27.333333333333332,22.666666666666668,SYVN1_chr11_-_65130001_65130379_65130001_65130172_65130250_65130379_78
5266,ENSG00000162298,SYVN1,chr11,-,65130001,65130379,65130001,65130175,65130250,65130379,5266,"2,6,6","25,28,24","5,20,15","11,18,14",224,149,1.72758287794e-05,0.0001752262633339,"0.051,0.125,0.143","0.232,0.425,0.416",-0.251,75,30.333333333333336,27.666666666666668,SYVN1_chr11_-_65130001_65130379_65130001_65130175_65130250_65130379_75
5299,ENSG00000291066,,chr16,-,21818655,21819481,21818655,21818761,21819108,21819481,5299,"19,19,27","5,3,4","24,29,36","20,14,17",496,149,0.00165263138414,0.0088148148809621,"0.533,0.655,0.67","0.265,0.384,0.389",0.273,347,25.666666666666668,46.66666666666667,nan_chr16_-_21818655_21819481_21818655_21818761_21819108_21819481_347
5301,ENSG00000291066,,chr16,-,21818655,21820433,21818655,21818761,21820294,21820433,5301,"95,92,112","3,5,0","118,156,165","12,15,20",1682,149,0.000755231261503,0.0045948831641645,"0.737,0.62,1.0","0.466,0.48,0.422",0.33,1533,102.33333333333334,162.0,nan_chr16_-_21818655_21820433_21818655_21818761_21820294_21820433_1533
5332,ENSG00000232956,SNHG15,chr7,-,44983022,44984426,44983022,44984046,44984356,44984426,5332,"208,209,256","239,185,222","297,300,230","919,744,820",459,149,0.0,0.0,"0.22,0.268,0.272","0.095,0.116,0.083",0.155,310,439.6666666666667,1103.3333333333333,SNHG15_chr7_-_44983022_44984426_44983022_44984046_44984356_44984426_310
5346,ENSG00000147813,NAPRT,chr8,-,143576077,143576572,143576077,143576162,143576431,143576572,5346,"21,19,24","27,25,27","37,56,60","21,22,29",418,149,2.79514128981e-05,0.0002629529168388,"0.217,0.213,0.241","0.386,0.476,0.424",-0.205,269,47.666666666666664,75.0,NAPRT_chr8_-_143576077_143576572_143576077_143576162_143576431_143576572_269
5382,ENSG00000130717,UCK1,chr9,-,131528943,131529270,131528943,131529038,131529127,131529270,5382,"17,21,18","153,120,149","86,80,93","183,138,160",238,149,1.11022302463e-16,9.283931648183756e-15,"0.065,0.099,0.07","0.227,0.266,0.267",-0.175,89,159.33333333333331,246.66666666666669,UCK1_chr9_-_131528943_131529270_131528943_131529038_131529127_131529270_89
5383,ENSG00000183258,DDX41,chr5,-,177512495,177512876,177512495,177512645,177512779,177512876,5383,"24,20,24","372,483,764","104,97,128","287,232,211",283,149,0.0,0.0,"0.033,0.021,0.016","0.16,0.18,0.242",-0.171,134,562.3333333333333,353.0,DDX41_chr5_-_177512495_177512876_177512495_177512645_177512779_177512876_134
5386,ENSG00000183258,DDX41,chr5,-,177515928,177516193,177515928,177515989,177516118,177516193,5386,"38,39,40","366,400,725","136,111,111","256,221,223",278,149,0.0,0.0,"0.053,0.05,0.029","0.222,0.212,0.211",-0.171,129,536.0,352.6666666666667,DDX41_chr5_-_177515928_177516193_177515928_177515989_177516118_177516193_129
5392,ENSG00000164076,CAMKV,chr3,-,49860942,49861300,49860942,49861018,49861179,49861300,5392,"20,16,25","34,29,33","32,32,33","13,22,17",310,149,2.12371975234e-05,0.0002100277904876,"0.22,0.21,0.267","0.542,0.411,0.483",-0.246,161,52.33333333333333,49.66666666666667,CAMKV_chr3_-_49860942_49861300_49860942_49861018_49861179_49861300_161
5422,ENSG00000249673,NOP14-AS1,chr4,+,2934939,2937844,2934939,2935735,2937751,2937844,5422,"132,111,132","1,0,0","160,173,174","2,9,1",2165,149,3.73034967144e-05,0.0003378412951535,"0.901,1.0,1.0","0.846,0.57,0.923",0.187,2016,125.33333333333333,173.0,NOP14-AS1_chr4_+_2934939_2937844_2934939_2935735_2937751_2937844_2016
5490,ENSG00000128191,DGCR8,chr22,+,20089668,20090258,20089668,20089811,20089975,20090258,5490,"98,109,98","32,40,23","64,75,89","34,66,43",313,149,0.000997844485635,0.0058170237016955,"0.593,0.565,0.67","0.473,0.351,0.496",0.169,164,133.33333333333334,123.66666666666666,DGCR8_chr22_+_20089668_20090258_20089668_20089811_20089975_20090258_164
5503,ENSG00000214941,ZSWIM7,chr17,-,15976559,15978163,15976559,15977092,15978043,15978163,5503,"115,120,130","8,9,4","101,104,131","17,18,23",1100,149,0.000115985537783,0.0009246897853335,"0.661,0.644,0.815","0.446,0.439,0.436",0.266,951,128.66666666666669,131.33333333333334,ZSWIM7_chr17_-_15976559_15978163_15976559_15977092_15978043_15978163_951
5504,ENSG00000214941,ZSWIM7,chr17,-,15977726,15978163,15977726,15977913,15978043,15978163,5504,"48,45,59","37,52,53","64,55,58","30,27,25",279,149,0.000346094896827,0.002372231505938,"0.409,0.316,0.373","0.533,0.521,0.553",-0.17,130,98.0,86.33333333333333,ZSWIM7_chr17_-_15977726_15978163_15977726_15977913_15978043_15978163_130
5523,ENSG00000100038,TOP3B,chr22,-,21957026,21958693,21957026,21957595,21958491,21958693,5523,"620,617,627","47,52,31","349,355,416","85,73,75",1045,149,1.2370104940400002e-12,5.6082776976777346e-11,"0.653,0.629,0.743","0.369,0.409,0.442",0.268,896,664.6666666666667,451.0,TOP3B_chr22_-_21957026_21958693_21957026_21957595_21958491_21958693_896
5629,ENSG00000189077,TMEM120A,chr7,-,75988082,75988341,75988082,75988148,75988251,75988341,5629,"12,10,23","67,56,66","29,31,28","57,34,28",252,149,2.3414175816e-06,3.12438097856766e-05,"0.096,0.096,0.171","0.231,0.35,0.372",-0.197,103,78.0,69.0,TMEM120A_chr7_-_75988082_75988341_75988082_75988148_75988251_75988341_103
5695,ENSG00000156873,PHKG2,chr16,+,30751105,30751603,30751105,30751281,30751548,30751603,5695,"126,125,137","142,91,101","210,308,268","119,96,104",416,149,9.88476643382e-06,0.0001084442451617,"0.241,0.33,0.327","0.387,0.535,0.48",-0.168,267,240.66666666666669,368.3333333333333,PHKG2_chr16_+_30751105_30751603_30751105_30751281_30751548_30751603_267
5717,ENSG00000121940,CLCC1,chr1,-,108941404,108943615,108941404,108941494,108943474,108943615,5717,"31,56,26","1,1,0","29,31,20","0,4,4",2129,149,0.000986696838824,0.0057609623033277,"0.684,0.797,1.0","1.0,0.352,0.259",0.29,1980,38.33333333333333,29.333333333333336,CLCC1_chr1_-_108941404_108943615_108941404_108941494_108943474_108943615_1980
5725,ENSG00000121940,CLCC1,chr1,-,108962308,108963484,108962308,108962469,108963400,108963484,5725,"12,19,8","1,5,1","19,14,18","0,0,1",1080,149,8.02037977143e-06,9.118032954649876e-05,"0.623,0.344,0.525","1.0,1.0,0.713",-0.407,931,15.333333333333334,17.333333333333332,CLCC1_chr1_-_108962308_108963484_108962308_108962469_108963400_108963484_931
5787,ENSG00000236810,ELOA-AS1,chr1,-,23772110,23772426,23772110,23772166,23772267,23772426,5787,"2,5,2","26,17,20","4,12,11","20,13,15",250,149,0.00113394558825,0.0064799350775774,"0.044,0.149,0.056","0.107,0.355,0.304",-0.172,101,24.0,25.0,ELOA-AS1_chr1_-_23772110_23772426_23772110_23772166_23772267_23772426_101
5816,ENSG00000010322,NISCH,chr3,+,52477573,52478282,52477573,52477642,52478096,52478282,5816,"12,14,30","69,90,91","79,85,96","76,90,80",603,149,0.0,0.0,"0.041,0.037,0.075","0.204,0.189,0.229",-0.156,454,102.0,168.66666666666669,NISCH_chr3_+_52477573_52478282_52477573_52477642_52478096_52478282_454
5824,ENSG00000269893,SNHG8,chr4,+,118278757,118279137,118278757,118278792,118278943,118279137,5824,"418,406,416","170,185,176","540,566,495","90,118,85",300,149,1.0247358517300001e-13,5.548318000086316e-12,"0.55,0.522,0.54","0.749,0.704,0.743",-0.195,151,590.3333333333333,631.3333333333333,SNHG8_chr4_+_118278757_118279137_118278757_118278792_118278943_118279137_151
5836,ENSG00000089685,BIRC5,chr17,+,78215965,78216781,78215965,78216066,78216663,78216781,5836,"20,41,30","0,1,0","39,41,46","7,5,6",746,149,1.46558849501e-07,2.5952985913988844e-06,"1.0,0.891,1.0","0.527,0.621,0.605",0.379,597,30.666666666666664,48.0,BIRC5_chr17_+_78215965_78216781_78215965_78216066_78216663_78216781_597
5837,ENSG00000076706,MCAM,chr11,-,119310755,119311185,119310755,119310903,119311089,119311185,5837,"15,14,9","43,49,43","28,19,27","29,23,31",335,149,3.14258401735e-06,4.001876026155008e-05,"0.134,0.113,0.085","0.3,0.269,0.279",-0.172,186,57.666666666666664,52.333333333333336,MCAM_chr11_-_119310755_119311185_119310755_119310903_119311089_119311185_186
5946,ENSG00000167257,RNF214,chr11,+,117238600,117239860,117238600,117238646,117239800,117239860,5946,"166,171,153","1,1,0","107,102,116","1,5,5",1303,149,2.60891247044e-05,0.0002475999401328,"0.95,0.951,1.0","0.924,0.7,0.726",0.184,1154,164.0,112.0,RNF214_chr11_+_117238600_117239860_117238600_117238646_117239800_117239860_1154
6000,ENSG00000256269,HMBS,chr11,+,119088634,119089131,119088634,119088848,119089081,119089131,6000,"21,26,24","6,3,1","13,14,26","0,0,2",382,149,0.000702912951944,0.0043219958139955,"0.577,0.772,0.903","1.0,1.0,0.835",-0.194,233,27.0,18.333333333333336,HMBS_chr11_+_119088634_119089131_119088634_119088848_119089081_119089131_233
6008,ENSG00000151503,NCAPD3,chr11,-,134153288,134157095,134153288,134153363,134156751,134157095,6008,"496,648,587","3,0,0","583,731,744","7,6,10",3537,149,3.87398920443e-06,4.819114504552096e-05,"0.874,1.0,1.0","0.778,0.837,0.758",0.167,3388,578.0,693.6666666666666,NCAPD3_chr11_-_134153288_134157095_134153288_134153363_134156751_134157095_3388
6072,ENSG00000169242,EFNA1,chr1,+,155133502,155133780,155133502,155133568,155133729,155133780,6072,"2,7,2","25,15,14","14,8,10","11,14,17",310,149,0.000771831038194,0.0046732102923958,"0.037,0.183,0.064","0.38,0.215,0.22",-0.177,161,21.666666666666668,24.666666666666664,EFNA1_chr1_+_155133502_155133780_155133502_155133568_155133729_155133780_161
6097,ENSG00000013573,DDX11,chr12,+,31089043,31090094,31089043,31089151,31089885,31090094,6097,"117,145,138","5,7,5","148,210,220","41,45,36",883,149,1.400528582e-10,4.747918066726126e-09,"0.798,0.778,0.823","0.379,0.441,0.508",0.357,734,139.0,233.33333333333331,DDX11_chr12_+_31089043_31090094_31089043_31089151_31089885_31090094_734
6099,ENSG00000013573,DDX11,chr12,+,31089402,31090094,31089402,31089490,31089890,31090094,6099,"105,131,126","34,41,49","126,169,175","22,33,28",549,149,0.000156515231315,0.0012090715751616,"0.456,0.464,0.411","0.609,0.582,0.629",-0.163,400,162.0,184.33333333333331,DDX11_chr12_+_31089402_31090094_31089402_31089490_31089890_31090094_400
6135,ENSG00000112531,QKI,chr6,+,163563419,163570145,163563419,163563719,163564666,163570145,6135,"63,44,54","0,1,0","15,34,25","3,1,5",1096,149,1.12195837776e-06,1.6459763647215906e-05,"1.0,0.857,1.0","0.405,0.822,0.405",0.408,947,54.0,27.666666666666668,QKI_chr6_+_163563419_163570145_163563419_163563719_163564666_163570145_947
6222,ENSG00000135974,C2orf49,chr2,+,105342847,105343223,105342847,105342974,105343100,105343223,6222,"133,83,95","42,49,42","151,128,176","20,18,27",275,149,6.67796195009e-08,1.2788382095770316e-06,"0.632,0.479,0.551","0.804,0.794,0.779",-0.238,126,148.0,173.33333333333331,C2orf49_chr2_+_105342847_105343223_105342847_105342974_105343100_105343223_126
6252,ENSG00000162923,WDR26,chr1,-,224411426,224413335,224411426,224411565,224413252,224413335,6252,"25,38,32","0,0,0","34,38,51","1,3,1",1836,149,0.00120183261673,0.0068058632607298,"1.0,1.0,1.0","0.734,0.507,0.805",0.318,1687,31.666666666666668,42.666666666666664,WDR26_chr1_-_224411426_224413335_224411426_224411565_224413252_224413335_1687
6264,ENSG00000133706,LARS1,chr5,-,146140203,146143084,146140203,146140261,146142855,146143084,6264,"149,174,129","0,0,0","172,178,195","1,4,4",2743,149,3.33425213028e-06,4.208565340407518e-05,"1.0,1.0,1.0","0.903,0.707,0.726",0.221,2594,150.66666666666666,184.66666666666666,LARS1_chr5_-_146140203_146143084_146140203_146140261_146142855_146143084_2594
6285,ENSG00000197858,GPAA1,chr8,+,144083388,144083861,144083388,144083500,144083713,144083861,6285,"46,49,55","151,114,125","121,137,140","132,128,131",362,149,7.6237904878e-12,3.0682699043413256e-10,"0.111,0.15,0.153","0.274,0.306,0.305",-0.157,213,180.0,263.0,GPAA1_chr8_+_144083388_144083861_144083388_144083500_144083713_144083861_213
6292,ENSG00000197858,GPAA1,chr8,+,144084133,144084609,144084133,144084330,144084412,144084609,6292,"10,25,25","165,161,140","76,84,100","192,172,165",231,149,5.55111512313e-16,4.3976518333343564e-14,"0.038,0.091,0.103","0.203,0.24,0.281",-0.164,82,175.33333333333334,263.0,GPAA1_chr8_+_144084133_144084609_144084133_144084330_144084412_144084609_82
6296,ENSG00000197858,GPAA1,chr8,+,144084721,144085138,144084721,144084875,144085042,144085138,6296,"54,72,64","156,111,114","141,158,149","138,130,123",316,149,8.97991214721e-09,2.079471348304691e-07,"0.14,0.234,0.209","0.325,0.364,0.364",-0.157,167,190.33333333333334,279.6666666666667,GPAA1_chr8_+_144084721_144085138_144084721_144084875_144085042_144085138_167
6332,ENSG00000160753,RUSC1,chr1,+,155325863,155327132,155325863,155325910,155326897,155327132,6332,"386,314,338","28,19,26","284,373,341","10,8,13",1136,149,0.00024136081866,0.0017466168473415,"0.644,0.684,0.63","0.788,0.859,0.775",-0.155,987,370.3333333333333,343.0,RUSC1_chr1_+_155325863_155327132_155325863_155325910_155326897_155327132_987
6345,ENSG00000114023,FAM162A,chr3,+,122404257,122407389,122404257,122404504,122407280,122407389,6345,"10,18,30","0,0,0","11,16,9","1,2,1",2925,149,5.63376415963e-07,9.02121469476072e-06,"1.0,1.0,1.0","0.359,0.29,0.314",0.679,2776,19.333333333333332,13.333333333333334,FAM162A_chr3_+_122404257_122407389_122404257_122404504_122407280_122407389_2776
6374,ENSG00000173540,GMPPB,chr3,-,49722595,49723302,49722595,49722754,49723253,49723302,6374,"21,11,13","0,1,1","51,50,52","9,15,8",648,149,7.63446798676e-05,0.0006391213133298,"1.0,0.717,0.749","0.566,0.434,0.599",0.289,499,15.666666666666666,61.666666666666664,GMPPB_chr3_-_49722595_49723302_49722595_49722754_49723253_49723302_499
6381,ENSG00000173559,NABP1,chr2,+,191685598,191696662,191685598,191693416,191695964,191696662,6381,"28,21,27","0,1,0","18,29,18","2,1,2",2697,149,3.70022561682e-05,0.0003362641326771,"1.0,0.537,1.0","0.332,0.616,0.332",0.419,2548,25.666666666666664,23.333333333333336,NABP1_chr2_+_191685598_191696662_191685598_191693416_191695964_191696662_2548
6421,ENSG00000176978,DPP7,chr9,-,137112111,137112805,137112111,137112230,137112744,137112805,6421,"59,63,64","24,18,19","66,71,62","7,12,10",663,149,0.00180396632032,0.0094764479801432,"0.356,0.44,0.431","0.679,0.571,0.582",-0.202,514,82.33333333333333,76.0,DPP7_chr9_-_137112111_137112805_137112111_137112230_137112744_137112805_514
6423,ENSG00000176978,DPP7,chr9,-,137112111,137113119,137112111,137112230,137112952,137113119,6423,"59,61,63","4,7,1","62,75,60","14,11,20",871,149,0.00143256691057,0.0078410898683271,"0.716,0.599,0.915","0.431,0.538,0.339",0.307,722,65.0,80.66666666666667,DPP7_chr9_-_137112111_137113119_137112111_137112230_137112952_137113119_722
6431,ENSG00000160695,VPS11,chr11,+,119078172,119078997,119078172,119078334,119078794,119078997,6431,"9,15,15","0,0,0","26,35,46","5,2,5",609,149,1.57578716298e-07,2.7708818197634298e-06,"1.0,1.0,1.0","0.56,0.811,0.692",0.312,460,13.0,39.666666666666664,VPS11_chr11_+_119078172_119078997_119078172_119078334_119078794_119078997_460
6448,ENSG00000164548,TRA2A,chr7,-,23521706,23522432,23521706,23521840,23522120,23522432,6448,"214,304,259","30,36,23","139,191,186","66,73,66",429,149,3.2196467714099997e-15,2.1829785226695192e-13,"0.712,0.746,0.796","0.422,0.476,0.495",0.287,280,288.6666666666667,240.33333333333331,TRA2A_chr7_-_23521706_23522432_23521706_23521840_23522120_23522432_280
6486,ENSG00000163516,ANKZF1,chr2,+,219233078,219233433,219233078,219233191,219233285,219233433,6486,"24,26,18","65,82,77","42,45,24","56,37,64",243,149,0.001172951968,0.0066673991776193,"0.185,0.163,0.125","0.315,0.427,0.187",-0.152,94,97.33333333333334,89.33333333333334,ANKZF1_chr2_+_219233078_219233433_219233078_219233191_219233285_219233433_94
6506,ENSG00000039650,PNKP,chr19,-,49864178,49864403,49864178,49864236,49864323,49864403,6506,"17,25,20","128,128,112","34,55,43","78,89,74",236,149,2.84233636627e-10,9.220441160581045e-09,"0.077,0.11,0.101","0.216,0.281,0.268",-0.159,87,143.33333333333334,124.33333333333333,PNKP_chr19_-_49864178_49864403_49864178_49864236_49864323_49864403_87
6555,ENSG00000160710,ADAR,chr1,-,154589756,154590409,154589756,154589928,154590261,154590409,6555,"85,78,89","21,17,18","41,53,63","35,28,24",482,149,0.000146044346539,0.0011385475584892,"0.556,0.586,0.605","0.266,0.369,0.448",0.221,333,102.66666666666667,81.33333333333334,ADAR_chr1_-_154589756_154590409_154589756_154589928_154590261_154590409_333
6563,ENSG00000079785,DDX1,chr2,+,15627053,15628710,15627053,15627145,15628637,15628710,6563,"34,46,51","0,0,0","57,66,57","2,3,1",1641,149,0.000206018671869,0.0015305987408549,"1.0,1.0,1.0","0.721,0.666,0.838",0.258,1492,43.666666666666664,62.0,DDX1_chr2_+_15627053_15628710_15627053_15627145_15628637_15628710_1492
6569,ENSG00000079785,DDX1,chr2,+,15628444,15629697,15628444,15628517,15629601,15629697,6569,"19,32,27","0,0,0","34,29,39","14,8,17",1233,149,3.5749181392899994e-14,2.0856460400229875e-12,"1.0,1.0,1.0","0.227,0.305,0.217",0.75,1084,26.0,47.0,DDX1_chr2_+_15628444_15629697_15628444_15628517_15629601_15629697_1084
6580,ENSG00000180228,PRKRA,chr2,-,178444421,178445883,178444421,178444500,178445425,178445883,6580,"29,25,32","3,4,6","23,36,37","16,15,19",1074,149,0.000381193334164,0.0025845594891155,"0.573,0.464,0.425","0.166,0.25,0.213",0.278,925,33.0,48.66666666666667,PRKRA_chr2_-_178444421_178445883_178444421_178444500_178445425_178445883_925
6615,ENSG00000132323,ILKAP,chr2,-,238194274,238194870,238194274,238194331,238194781,238194870,6615,"27,29,41","15,16,13","8,20,14","41,33,33",599,149,3.71631614371e-10,1.1462702990803877e-08,"0.309,0.311,0.44","0.046,0.131,0.095",0.263,450,47.0,49.666666666666664,ILKAP_chr2_-_238194274_238194870_238194274_238194331_238194781_238194870_450
6666,ENSG00000054148,PHPT1,chr9,+,136850012,136850560,136850012,136850137,136850505,136850560,6666,"90,100,102","13,18,11","136,134,136","3,1,10",517,149,6.86907161018e-06,7.965582887244172e-05,"0.666,0.616,0.728","0.929,0.975,0.797",-0.23,368,111.33333333333333,140.0,PHPT1_chr9_+_136850012_136850560_136850012_136850137_136850505_136850560_368
6672,ENSG00000124356,STAMBP,chr2,+,73828966,73829510,73828966,73829070,73829404,73829510,6672,"17,23,32","20,14,28","66,59,57","15,11,31",483,149,0.000766524411026,0.0046485598044977,"0.208,0.336,0.261","0.576,0.623,0.362",-0.252,334,44.66666666666667,79.66666666666666,STAMBP_chr2_+_73828966_73829510_73828966_73829070_73829404_73829510_334
6809,ENSG00000068912,ERLEC1,chr2,+,53812948,53814935,53812948,53813073,53814859,53814935,6809,"17,30,22","0,0,0","8,9,16","4,4,8",1935,149,1.4654943925099998e-14,9.040418686910048e-13,"1.0,1.0,1.0","0.133,0.148,0.133",0.862,1786,23.0,16.333333333333332,ERLEC1_chr2_+_53812948_53814935_53812948_53813073_53814859_53814935_1786
6818,ENSG00000115486,GGCX,chr2,-,85550554,85551072,85550554,85550744,85550924,85551072,6818,"14,11,3","10,2,3","8,8,14","1,0,2",329,149,0.00107517204959,0.0061910825135534,"0.388,0.714,0.312","0.784,1.0,0.76",-0.377,180,14.333333333333334,11.0,GGCX_chr2_-_85550554_85551072_85550554_85550744_85550924_85551072_180
6851,ENSG00000108387,SEPTIN4,chr17,-,58526219,58526978,58526219,58526313,58526931,58526978,6851,"14,9,14","4,3,3","9,14,18","1,1,0",767,149,0.000107740496917,0.0008690835796327,"0.405,0.368,0.475","0.636,0.731,1.0",-0.373,618,15.666666666666668,14.333333333333332,SEPTIN4_chr17_-_58526219_58526978_58526219_58526313_58526931_58526978_618
6853,ENSG00000267796,LIN37,chr19,+,35752433,35752999,35752433,35752484,35752913,35752999,6853,"12,9,8","1,0,0","23,26,29","3,1,3",578,149,0.000644738731284,0.0040435864097028,"0.756,1.0,1.0","0.664,0.87,0.714",0.169,429,10.0,28.333333333333332,LIN37_chr19_+_35752433_35752999_35752433_35752484_35752913_35752999_429
6870,ENSG00000144635,DYNC1LI1,chr3,-,32530283,32533097,32530283,32530328,32532985,32533097,6870,"28,21,34","0,0,0","29,22,28","7,2,2",2806,149,3.9523939676699995e-14,2.2706654198995743e-12,"1.0,1.0,1.0","0.18,0.369,0.426",0.675,2657,27.666666666666668,30.0,DYNC1LI1_chr3_-_32530283_32533097_32530283_32530328_32532985_32533097_2657
6873,ENSG00000082269,FAM135A,chr6,+,70524930,70526698,70524930,70525191,70525863,70526698,6873,"52,82,69","1,0,3","41,40,36","2,6,3",821,149,0.00165167526711,0.0088148148809621,"0.904,1.0,0.807","0.788,0.547,0.685",0.23,672,69.0,42.666666666666664,FAM135A_chr6_+_70524930_70526698_70524930_70525191_70525863_70526698_672
6907,ENSG00000115392,FANCL,chr2,-,58226727,58229874,58226727,58226782,58229813,58229874,6907,"35,27,25","0,1,0","20,18,19","2,1,2",3180,149,1.16247509404e-05,0.0001240962774148,"1.0,0.559,1.0","0.319,0.458,0.308",0.491,3031,29.333333333333332,20.666666666666668,FANCL_chr2_-_58226727_58229874_58226727_58226782_58229813_58229874_3031
6914,ENSG00000293434,AHSA2P,chr2,+,61185501,61186497,61185501,61185618,61186445,61186497,6914,"269,327,334","20,33,27","196,216,223","65,78,69",976,149,0.0,0.0,"0.672,0.602,0.654","0.315,0.297,0.33",0.329,827,336.6666666666667,282.3333333333333,AHSA2P_chr2_+_61185501_61186497_61185501_61185618_61186445_61186497_827
6954,ENSG00000064703,DDX20,chr1,+,111761225,111762782,111761225,111761284,111762676,111762782,6954,"35,42,56","0,0,0","78,56,61","4,3,4",1541,149,1.26505421472e-07,2.2777028755939524e-06,"1.0,1.0,1.0","0.653,0.643,0.596",0.369,1392,44.333333333333336,68.66666666666667,DDX20_chr1_+_111761225_111762782_111761225_111761284_111762676_111762782_1392
6965,ENSG00000084623,EIF3I,chr1,+,32228726,32231019,32228726,32228816,32230926,32231019,6965,"105,125,96","2,2,0","135,166,168","32,15,20",2259,149,8.38319103025e-09,1.9593756426602946e-07,"0.776,0.805,1.0","0.218,0.422,0.357",0.528,2110,110.0,178.66666666666669,EIF3I_chr1_+_32228726_32231019_32228726_32228816_32230926_32231019_2110
7102,ENSG00000204344,STK19,chr6,+,31979413,31980548,31979413,31979553,31980450,31980548,7102,"72,51,69","56,52,69","184,171,160","57,35,40",1046,149,1.23234755733e-14,7.72887309705465e-13,"0.155,0.123,0.125","0.315,0.41,0.363",-0.228,897,123.0,215.66666666666666,STK19_chr6_+_31979413_31980548_31979413_31979553_31980450_31980548_897
7142,ENSG00000114388,NPRL2,chr3,-,50347758,50348563,50347758,50347901,50348526,50348563,7142,"73,82,59","1,0,0","94,129,92","14,3,11",774,149,5.66503627342e-08,1.1219753419410242e-06,"0.934,1.0,1.0","0.564,0.892,0.617",0.287,625,71.66666666666666,114.33333333333333,NPRL2_chr3_-_50347758_50348563_50347758_50347901_50348526_50348563_625
7151,ENSG00000114388,NPRL2,chr3,-,50349664,50350022,50349664,50349828,50349930,50350022,7151,"12,6,9","16,15,15","18,14,25","11,9,10",251,149,0.000440016275572,0.0029383873025331,"0.308,0.192,0.263","0.493,0.48,0.597",-0.269,102,24.333333333333336,29.0,NPRL2_chr3_-_50349664_50350022_50349664_50349828_50349930_50350022_102
7202,ENSG00000100316,RPL3,chr22,-,39313190,39314208,39313190,39313310,39314106,39314208,7202,"517,521,625","27,31,32","744,846,910","129,133,126",945,149,3.5194069880599994e-14,2.075829091953208e-12,"0.751,0.726,0.755","0.476,0.501,0.532",0.241,796,584.3333333333334,962.6666666666667,RPL3_chr22_-_39313190_39314208_39313190_39313310_39314106_39314208_796
7223,ENSG00000132424,PNISR,chr6,-,99403828,99404702,99403828,99403882,99404602,99404702,7223,"407,578,594","60,42,55","409,355,355","75,70,102",869,149,2.59807946558e-05,0.0002468831572974,"0.538,0.702,0.649","0.483,0.465,0.374",0.189,720,578.6666666666667,455.3333333333333,PNISR_chr6_-_99403828_99404702_99403828_99403882_99404602_99404702_720
7239,ENSG00000073050,XRCC1,chr19,-,43552796,43553091,43552796,43552908,43552981,43553091,7239,"3,13,10","127,152,141","33,52,46","122,122,105",222,149,0.0,0.0,"0.016,0.054,0.045","0.154,0.222,0.227",-0.163,73,148.66666666666666,160.0,XRCC1_chr19_-_43552796_43553091_43552796_43552908_43552981_43553091_73
7268,ENSG00000237441,RGL2,chr6,-,33293412,33293699,33293412,33293524,33293603,33293699,7268,"14,16,11","39,50,28","31,31,17","20,15,33",228,149,0.000473354377166,0.0031304613730679,"0.19,0.173,0.204","0.503,0.575,0.252",-0.254,79,52.666666666666664,49.0,RGL2_chr6_-_33293412_33293699_33293412_33293524_33293603_33293699_79
7269,ENSG00000237441,RGL2,chr6,-,33293794,33294066,33293794,33293916,33294033,33294066,7269,"13,12,6","49,46,53","38,32,29","27,27,30",266,149,1.54942725317e-12,6.941065182950846e-11,"0.129,0.127,0.06","0.441,0.399,0.351",-0.292,117,59.66666666666667,61.0,RGL2_chr6_-_33293794_33294066_33293794_33293916_33294033_33294066_117
7273,ENSG00000112511,PHF1,chr6,+,33414724,33415144,33414724,33414829,33414954,33415144,7273,"12,21,12","29,21,26","27,43,43","7,18,10",274,149,2.13809318028e-08,4.5713889985191133e-07,"0.184,0.352,0.201","0.677,0.565,0.7",-0.402,125,40.33333333333333,49.33333333333333,PHF1_chr6_+_33414724_33415144_33414724_33414829_33414954_33415144_125
7274,ENSG00000112511,PHF1,chr6,+,33414724,33415144,33414724,33414829,33414965,33415144,7274,"18,24,14","13,19,17","32,53,47","16,10,6",285,149,0.000276358277864,0.0019602944384584,"0.42,0.398,0.301","0.511,0.735,0.804",-0.31,136,35.0,54.666666666666664,PHF1_chr6_+_33414724_33415144_33414724_33414829_33414965_33415144_136
7278,ENSG00000168036,CTNNB1,chr3,+,41239133,41239900,41239133,41239354,41239659,41239900,7278,"296,341,334","118,137,147","543,601,546","130,124,112",454,149,2.33919937864e-08,4.945172619001303e-07,"0.452,0.45,0.427","0.578,0.614,0.615",-0.159,305,457.6666666666667,685.3333333333334,CTNNB1_chr3_+_41239133_41239900_41239133_41239354_41239659_41239900_305
7346,ENSG00000204351,SKIC2,chr6,+,31961040,31961675,31961040,31961094,31961546,31961675,7346,"22,15,24","0,1,0","23,24,32","6,9,15",601,149,1.43711786915e-09,4.00583299378626e-08,"1.0,0.788,1.0","0.487,0.398,0.346",0.519,452,20.666666666666664,36.33333333333333,SKIC2_chr6_+_31961040_31961675_31961040_31961094_31961546_31961675_452
7379,ENSG00000231925,TAPBP,chr6,-,33304296,33305387,33304296,33304638,33304988,33305387,7379,"3,3,7","27,41,29","7,3,10","9,16,6",499,149,0.0007000710368,0.0043080413924421,"0.032,0.021,0.067","0.188,0.053,0.332",-0.151,350,36.66666666666667,17.0,TAPBP_chr6_-_33304296_33305387_33304296_33304638_33304988_33305387_350
7429,ENSG00000196295,GARS1-DT,chr7,-,30576563,30578091,30576563,30576710,30577648,30578091,7429,"25,7,18","1,1,4","18,14,19","0,1,0",1087,149,9.82142587458e-06,0.0001079066439884,"0.774,0.49,0.382","1.0,0.657,1.0",-0.337,938,18.666666666666668,17.333333333333332,GARS1-DT_chr7_-_30576563_30578091_30576563_30576710_30577648_30578091_938
7499,ENSG00000137221,TJAP1,chr6,+,43502587,43503508,43502587,43502617,43503400,43503508,7499,"14,18,3","1,0,0","1,12,18","0,2,4",932,149,2.82894519513e-05,0.0002654693458671,"0.691,1.0,1.0","1.0,0.49,0.418",0.261,783,12.0,12.333333333333334,TJAP1_chr6_+_43502587_43503508_43502587_43502617_43503400_43503508_783
7549,ENSG00000167380,ZNF226,chr19,+,44165587,44165807,44165587,44165613,44165756,44165807,7549,"25,29,22","9,11,7","20,25,30","2,2,3",292,149,0.000432819361782,0.0029006220095915,"0.586,0.574,0.616","0.836,0.864,0.836",-0.253,143,34.33333333333333,27.333333333333332,ZNF226_chr19_+_44165587_44165807_44165587_44165613_44165756_44165807_143
7565,ENSG00000221829,FANCG,chr9,-,35074926,35075325,35074926,35075082,35075278,35075325,7565,"61,70,54","101,132,108","137,166,141","93,125,123",345,149,3.74227870914e-10,1.1495669210199036e-08,"0.207,0.186,0.178","0.389,0.364,0.331",-0.171,196,175.33333333333334,261.6666666666667,FANCG_chr9_-_35074926_35075325_35074926_35075082_35075278_35075325_196
7567,ENSG00000221829,FANCG,chr9,-,35075464,35076028,35075464,35075754,35075961,35076028,7567,"20,26,26","53,55,51","50,40,36","38,36,36",356,149,5.77201295204e-06,6.873444537508392e-05,"0.136,0.165,0.176","0.355,0.317,0.295",-0.163,207,77.0,78.66666666666666,FANCG_chr9_-_35075464_35076028_35075464_35075754_35075961_35076028_207
7568,ENSG00000221829,FANCG,chr9,-,35075464,35076583,35075464,35075729,35076431,35076583,7568,"60,123,80","1,4,0","149,167,151","11,19,20",851,149,2.27762671445e-06,3.060967616598339e-05,"0.913,0.843,1.0","0.703,0.606,0.569",0.293,702,89.33333333333334,172.33333333333331,FANCG_chr9_-_35075464_35076583_35075464_35075729_35076431_35076583_702
7576,ENSG00000221829,FANCG,chr9,-,35077263,35078736,35077263,35077399,35078604,35078736,7576,"150,176,151","2,2,2","194,254,254","13,10,6",1354,149,0.00127347891412,0.0071205069150572,"0.892,0.906,0.893","0.622,0.737,0.823",0.17,1205,161.0,243.66666666666666,FANCG_chr9_-_35077263_35078736_35077263_35077399_35078604_35078736_1205
7579,ENSG00000120314,WDR55,chr5,+,140668233,140668502,140668233,140668334,140668414,140668502,7579,"21,12,20","65,53,47","42,62,46","42,47,58",229,149,9.87161669075e-08,1.812043590599622e-06,"0.174,0.128,0.217","0.394,0.462,0.34",-0.226,80,72.66666666666667,99.0,WDR55_chr5_+_140668233_140668502_140668233_140668334_140668414_140668502_80
7599,ENSG00000197363,ZNF517,chr8,+,144802869,144804238,144802869,144802947,144804124,144804238,7599,"12,7,11","2,0,0","10,16,6","6,4,4",1326,149,0.000331556963592,0.0022917477771108,"0.403,1.0,1.0","0.158,0.31,0.144",0.597,1177,10.666666666666666,15.333333333333332,ZNF517_chr8_+_144802869_144804238_144802869_144802947_144804124_144804238_1177
7616,ENSG00000001631,KRIT1,chr7,-,92242033,92245908,92242033,92242137,92245789,92245908,7616,"75,88,94","1,2,2","84,84,70","0,0,0",3801,149,0.00105793299813,0.0061199106409887,"0.746,0.633,0.648","1.0,1.0,1.0",-0.324,3652,87.33333333333334,79.33333333333333,KRIT1_chr7_-_92242033_92245908_92242033_92242137_92245789_92245908_3652
7625,ENSG00000146918,NCAPG2,chr7,-,158655117,158655455,158655117,158655258,158655338,158655455,7625,"22,24,23","237,180,211","64,55,72","142,173,129",229,149,1.4432899320099999e-15,1.0444423104141596e-13,"0.057,0.08,0.066","0.227,0.171,0.266",-0.154,80,232.33333333333334,211.66666666666666,NCAPG2_chr7_-_158655117_158655455_158655117_158655258_158655338_158655455_80
7673,ENSG00000168090,COPS6,chr7,+,100090591,100091152,100090591,100090654,100091037,100091152,7673,"30,33,49","4,3,4","48,48,45","22,19,22",532,149,1.5546931057e-06,2.203506650376309e-05,"0.677,0.755,0.774","0.379,0.414,0.364",0.35,383,41.0,68.0,COPS6_chr7_+_100090591_100091152_100090591_100090654_100091037_100091152_383
7783,ENSG00000181513,ACBD4,chr17,+,45135686,45136232,45135686,45135953,45136107,45136232,7783,"22,18,18","45,30,30","18,24,16","16,8,12",303,149,0.00110884623706,0.0063461420381091,"0.194,0.228,0.228","0.356,0.596,0.396",-0.233,154,54.33333333333333,31.333333333333332,ACBD4_chr17_+_45135686_45136232_45135686_45135953_45136107_45136232_154
7786,ENSG00000181513,ACBD4,chr17,+,45136499,45136776,45136499,45136620,45136691,45136776,7786,"6,12,9","40,52,58","7,18,21","18,19,18",220,149,8.8472209151e-06,9.937938001051137e-05,"0.092,0.135,0.095","0.208,0.391,0.441",-0.239,71,59.0,33.666666666666664,ACBD4_chr17_+_45136499_45136776_45136499_45136620_45136691_45136776_71
7804,ENSG00000196305,IARS1,chr9,-,92285721,92287910,92285721,92285839,92287790,92287910,7804,"47,85,66","4,8,5","74,64,59","22,24,24",2100,149,3.23705905969e-07,5.437970197148871e-06,"0.455,0.43,0.484","0.193,0.159,0.149",0.289,1951,71.66666666666667,89.0,IARS1_chr9_-_92285721_92287910_92285721_92285839_92287790_92287910_1951
7813,ENSG00000234741,GAS5,chr1,-,173864256,173864704,173864256,173864304,173864674,173864704,7813,"1085,1216,1213","42,46,59","1406,1419,1455","178,187,170",519,149,0.0,0.0,"0.881,0.884,0.855","0.694,0.685,0.711",0.177,370,1220.3333333333333,1605.0,GAS5_chr1_-_173864256_173864704_173864256_173864304_173864674_173864704_370
7843,ENSG00000188878,FBF1,chr17,-,75920006,75920429,75920006,75920107,75920273,75920429,7843,"14,6,22","19,25,24","28,39,47","20,21,17",315,149,0.00014359013724,0.0011245154764497,"0.258,0.102,0.302","0.398,0.468,0.567",-0.257,166,36.66666666666667,57.33333333333333,FBF1_chr17_-_75920006_75920429_75920006_75920107_75920273_75920429_166
7849,ENSG00000106077,ABHD11,chr7,-,73737220,73737735,73737220,73737391,73737561,73737735,7849,"20,11,17","29,29,46","35,36,30","26,26,34",319,149,0.000154881759376,0.001199218231547,"0.244,0.151,0.147","0.386,0.393,0.292",-0.176,170,50.666666666666664,62.33333333333333,ABHD11_chr7_-_73737220_73737735_73737220_73737391_73737561_73737735_170
7864,ENSG00000161203,AP2M1,chr3,+,184180848,184182047,184180848,184180984,184181911,184182047,7864,"21,24,13","0,0,0","72,79,86","3,1,4",1076,149,3.20804843997e-05,0.0002962426080885,"1.0,1.0,1.0","0.769,0.916,0.749",0.189,927,19.333333333333332,81.66666666666667,AP2M1_chr3_+_184180848_184182047_184180848_184180984_184181911_184182047_927
7882,ENSG00000164896,FASTK,chr7,-,151077100,151077401,151077100,151077236,151077309,151077401,7882,"104,141,116","140,138,144","229,215,220","91,108,130",222,149,1.03703379217e-10,3.630100613893683e-09,"0.333,0.407,0.351","0.628,0.572,0.532",-0.214,73,261.0,331.0,FASTK_chr7_-_151077100_151077401_151077100_151077236_151077309_151077401_73
7914,ENSG00000136247,ZDHHC4,chr7,+,6577433,6577720,6577433,6577498,6577589,6577720,7914,"23,31,48","47,30,56","63,69,66","31,37,31",240,149,1.26494248044e-05,0.000134273019856,"0.233,0.391,0.347","0.558,0.537,0.569",-0.231,91,78.33333333333334,99.0,ZDHHC4_chr7_+_6577433_6577720_6577433_6577498_6577589_6577720_91
7937,ENSG00000106628,POLD2,chr7,-,44115294,44116510,44115294,44115893,44116429,44116510,7937,"114,153,138","2,1,2","142,114,139","9,7,13",685,149,1.89233855041e-06,2.6179668989679525e-05,"0.925,0.971,0.938","0.774,0.78,0.699",0.194,536,136.66666666666666,141.33333333333331,POLD2_chr7_-_44115294_44116510_44115294_44115893_44116429_44116510_536
7945,ENSG00000122566,HNRNPA2B1,chr7,-,26189926,26192338,26189926,26190460,26190992,26192338,7945,"457,524,503","152,148,146","522,500,462","305,274,318",681,149,5.30528954101e-11,1.966877294859176e-09,"0.397,0.437,0.43","0.272,0.285,0.241",0.155,532,643.3333333333334,793.6666666666667,HNRNPA2B1_chr7_-_26189926_26192338_26189926_26190460_26190992_26192338_532
8000,ENSG00000110497,AMBRA1,chr11,-,46541944,46543398,46541944,46542981,46543251,46543398,8000,"19,21,25","26,26,35","52,57,58","29,30,34",419,149,5.07532796407e-05,0.0004477950557748,"0.206,0.223,0.203","0.389,0.403,0.378",-0.179,270,50.66666666666667,86.66666666666666,AMBRA1_chr11_-_46541944_46543398_46541944_46542981_46543251_46543398_270
8007,ENSG00000288558,DUS4L-BCAP29,chr7,+,107563970,107564676,107563970,107564247,107564587,107564676,8007,"38,31,25","2,1,1","24,39,26","6,4,7",489,149,0.000804990414506,0.0048350820906401,"0.853,0.904,0.884","0.549,0.748,0.531",0.271,340,32.666666666666664,35.333333333333336,DUS4L-BCAP29_chr7_+_107563970_107564676_107563970_107564247_107564587_107564676_340
8055,ENSG00000077454,LRCH4,chr7,-,100576693,100577005,100576693,100576777,100576901,100577005,8055,"20,27,28","44,33,37","41,59,56","21,48,49",273,149,0.00190932407311,0.009937464020903,"0.199,0.309,0.292","0.516,0.402,0.384",-0.167,124,63.0,91.33333333333334,LRCH4_chr7_-_100576693_100577005_100576693_100576777_100576901_100577005_124
8056,ENSG00000077454,LRCH4,chr7,-,100577085,100577389,100577085,100577154,100577272,100577389,8056,"14,16,20","39,46,41","42,68,70","29,34,28",267,149,3.7465586189e-12,1.557823213582398e-10,"0.167,0.163,0.214","0.447,0.527,0.582",-0.337,118,58.66666666666667,90.33333333333333,LRCH4_chr7_-_100577085_100577389_100577085_100577154_100577272_100577389_118
8096,ENSG00000141258,SGSM2,chr17,+,2362837,2363134,2362837,2362905,2362988,2363134,8096,"18,16,28","45,34,37","35,38,34","16,26,21",232,149,2.53464550648e-06,3.34662141785412e-05,"0.204,0.232,0.327","0.584,0.484,0.51",-0.272,83,59.33333333333333,56.666666666666664,SGSM2_chr17_+_2362837_2363134_2362837_2362905_2362988_2363134_83
8144,ENSG00000198198,SZT2,chr1,+,43432988,43434485,43432988,43433190,43434385,43434485,8144,"7,6,14","9,12,12","19,25,22","4,13,9",1344,149,0.00108753045991,0.0062574573710112,"0.079,0.053,0.115","0.345,0.176,0.213",-0.162,1195,20.0,30.666666666666664,SZT2_chr1_+_43432988_43434485_43432988_43433190_43434385_43434485_1195
8150,ENSG00000107897,ACBD5,chr10,-,27240318,27240797,27240318,27240484,27240673,27240797,8150,"17,7,13","37,28,36","10,10,32","11,12,19",338,149,0.000166629301421,0.0012718581364041,"0.168,0.099,0.137","0.286,0.269,0.426",-0.192,189,46.0,31.333333333333332,ACBD5_chr10_-_27240318_27240797_27240318_27240484_27240673_27240797_189
8191,ENSG00000109736,MFSD10,chr4,-,2932599,2933209,2932599,2932758,2933105,2933209,8191,"74,69,75","182,151,185","147,155,138","90,100,100",496,149,0.0,0.0,"0.109,0.121,0.109","0.329,0.318,0.293",-0.2,347,245.33333333333331,243.33333333333331,MFSD10_chr4_-_2932599_2933209_2932599_2932758_2933105_2933209_347
8197,ENSG00000188917,TRMT2B,chrX,-,101051250,101051733,101051250,101051366,101051643,101051733,8197,"15,16,9","2,3,1","5,17,15","0,1,0",426,149,0.000341661829052,0.0023439807889201,"0.724,0.651,0.759","1.0,0.856,1.0",-0.241,277,15.333333333333334,12.666666666666668,TRMT2B_chrX_-_101051250_101051733_101051250_101051366_101051643_101051733_277
8250,ENSG00000167716,WDR81,chr17,+,1735571,1736218,1735571,1735717,1736038,1736218,8250,"2,2,6","19,12,12","9,15,8","4,12,12",470,149,0.000158841622201,0.0012210848301171,"0.032,0.05,0.137","0.416,0.284,0.174",-0.218,321,17.666666666666668,20.0,WDR81_chr17_+_1735571_1736218_1735571_1735717_1736038_1736218_321
8273,ENSG00000072778,ACADVL,chr17,+,7222666,7223237,7222666,7222865,7223132,7223237,8273,"214,251,235","297,285,232","356,378,414","180,157,178",416,149,0.0,0.0,"0.205,0.24,0.266","0.415,0.463,0.454",-0.207,267,504.66666666666663,554.3333333333334,ACADVL_chr17_+_7222666_7223237_7222666_7222865_7223132_7223237_267
8310,ENSG00000102032,RENBP,chrX,-,153944079,153944418,153944079,153944155,153944308,153944418,8310,"3,0,1","31,27,43","27,31,12","50,40,40",302,149,2.8467228574400003e-12,1.203620012645699e-10,"0.046,0.0,0.011","0.21,0.277,0.129",-0.186,153,35.0,66.66666666666667,RENBP_chrX_-_153944079_153944418_153944079_153944155_153944308_153944418_153
8359,ENSG00000197114,ZGPAT,chr20,+,63733586,63734824,63733586,63733712,63734704,63734824,8359,"100,86,96","10,13,6","182,208,226","7,1,11",1141,149,0.000920193918539,0.0054189197425074,"0.566,0.463,0.676","0.772,0.964,0.728",-0.253,992,103.66666666666667,211.66666666666669,ZGPAT_chr20_+_63733586_63734824_63733586_63733712_63734704_63734824_992
8426,ENSG00000184634,MED12,chrX,+,71129113,71129429,71129113,71129215,71129315,71129429,8426,"4,5,2","55,48,60","15,18,11","28,36,33",249,149,2.80378420481e-09,7.128810785608128e-08,"0.042,0.059,0.02","0.243,0.23,0.166",-0.173,100,58.0,47.0,MED12_chrX_+_71129113_71129429_71129113_71129215_71129315_71129429_100
8432,ENSG00000184634,MED12,chrX,+,71137186,71137635,71137186,71137383,71137560,71137635,8432,"6,11,12","4,0,4","11,11,9","0,0,0",326,149,6.33336633038e-06,7.436024181347875e-05,"0.407,1.0,0.578","1.0,1.0,1.0",-0.338,177,12.333333333333332,10.333333333333334,MED12_chrX_+_71137186_71137635_71137186_71137383_71137560_71137635_177
8519,ENSG00000102312,PORCN,chrX,+,48512834,48514365,48512834,48512852,48514239,48514365,8519,"9,8,7","4,9,5","13,23,27","0,3,3",1536,149,0.000868261518094,0.0051574871232639,"0.179,0.079,0.12","1.0,0.427,0.466",-0.505,1387,14.0,23.0,PORCN_chrX_+_48512834_48514365_48512834_48512852_48514239_48514365_1387
8533,ENSG00000094631,HDAC6,chrX,+,48814674,48814893,48814674,48814740,48814833,48814893,8533,"13,26,28","57,51,50","21,33,23","31,29,18",242,149,0.00127194294094,0.0071172063743601,"0.123,0.239,0.256","0.294,0.412,0.44",-0.176,93,75.0,51.66666666666667,HDAC6_chrX_+_48814674_48814893_48814674_48814740_48814833_48814893_93
8643,ENSG00000110697,PITPNM1,chr11,-,67493687,67494070,67493687,67493837,67493921,67494070,8643,"10,12,15","39,28,31","19,19,30","19,18,23",233,149,4.10395337049e-05,0.0003685722322948,"0.141,0.215,0.236","0.39,0.403,0.455",-0.219,84,45.0,42.66666666666667,PITPNM1_chr11_-_67493687_67494070_67493687_67493837_67493921_67494070_84
8680,ENSG00000182307,C8orf33,chr8,+,145052466,145052897,145052466,145052497,145052585,145052897,8680,"57,47,40","149,130,155","86,83,101","113,127,111",237,149,1.16014702289e-08,2.61415164499106e-07,"0.194,0.185,0.14","0.324,0.291,0.364",-0.153,88,192.66666666666666,207.0,C8orf33_chr8_+_145052466_145052897_145052466_145052497_145052585_145052897_88
8683,ENSG00000160299,PCNT,chr21,+,46442496,46444821,46442496,46442573,46443809,46444821,8683,"132,154,151","73,51,76","239,248,286","53,51,45",1385,149,1.48821521773e-08,3.284547721007619e-07,"0.163,0.245,0.176","0.327,0.343,0.406",-0.164,1236,212.33333333333331,307.33333333333337,PCNT_chr21_+_46442496_46444821_46442496_46442573_46443809_46444821_1236
8733,ENSG00000160948,VPS28,chr8,-,144424945,144426208,144424945,144425772,144426179,144426208,8733,"67,72,98","2,0,1","84,97,57","18,8,8",556,149,7.96300492212e-09,1.8669649546378541e-07,"0.9,1.0,0.963","0.556,0.765,0.656",0.295,407,80.0,90.66666666666666,VPS28_chr8_-_144424945_144426208_144424945_144425772_144426179_144426208_407
8779,ENSG00000104365,IKBKB,chr8,+,42319269,42320844,42319269,42319421,42320734,42320844,8779,"126,130,166","0,0,2","83,115,119","10,7,3",1462,149,1.21219936422e-07,2.198316244607161e-06,"1.0,1.0,0.894","0.458,0.626,0.802",0.336,1313,141.33333333333331,112.33333333333334,IKBKB_chr8_+_42319269_42320844_42319269_42319421_42320734_42320844_1313
8789,ENSG00000104522,GFUS,chr8,-,143614319,143614697,143614319,143614453,143614623,143614697,8789,"53,58,65","137,102,120","167,216,190","155,119,128",319,149,5.8161253591e-12,2.353341906053042e-10,"0.153,0.21,0.202","0.335,0.459,0.409",-0.213,170,178.33333333333334,325.0,GFUS_chr8_-_143614319_143614697_143614319_143614453_143614623_143614697_170
8800,ENSG00000172269,DPAGT1,chr11,-,119097141,119098043,119097141,119097297,119097854,119098043,8800,"41,66,63","1,0,0","29,58,61","7,4,6",706,149,5.69006884943e-08,1.1239752798112909e-06,"0.896,1.0,1.0","0.466,0.754,0.682",0.331,557,57.0,55.0,DPAGT1_chr11_-_119097141_119098043_119097141_119097297_119097854_119098043_557
8821,ENSG00000092094,OSGEP,chr14,-,20447614,20448171,20447614,20447690,20448105,20448171,8821,"36,17,33","0,0,0","103,103,109","9,7,15",564,149,5.92802457122e-08,1.1588133226753693e-06,"1.0,1.0,1.0","0.751,0.795,0.658",0.265,415,28.666666666666668,115.33333333333333,OSGEP_chr14_-_20447614_20448171_20447614_20447690_20448105_20448171_415
9001,ENSG00000148362,PAXX,chr9,+,136992639,136993243,136992639,136992974,136993052,136993243,9001,"174,152,147","118,121,99","163,238,218","75,74,79",227,149,1.70209052142e-06,2.381028487770803e-05,"0.492,0.452,0.494","0.588,0.679,0.644",-0.158,78,270.3333333333333,282.33333333333337,PAXX_chr9_+_136992639_136993243_136992639_136992974_136993052_136993243_78
9019,ENSG00000096746,HNRNPH3,chr10,+,68337198,68338687,68337198,68337333,68338502,68338687,9019,"171,223,209","38,41,52","227,219,224","307,287,267",1318,149,0.0,0.0,"0.337,0.381,0.312","0.077,0.079,0.087",0.262,1169,244.66666666666666,510.33333333333337,HNRNPH3_chr10_+_68337198_68338687_68337198_68337333_68338502_68338687_1169
9077,ENSG00000213930,GALT,chr9,+,34647088,34648171,34647088,34647258,34648114,34648171,9077,"98,98,96","1,0,0","68,101,104","2,3,5",1005,149,2.71295486043e-05,0.000256826393454,"0.936,1.0,1.0","0.834,0.833,0.755",0.171,856,97.66666666666666,94.33333333333333,GALT_chr9_+_34647088_34648171_34647088_34647258_34648114_34648171_856
9103,ENSG00000130714,POMT1,chr9,+,131507367,131509022,131507367,131507514,131508910,131509022,9103,"165,199,158","30,27,41","77,88,112","39,34,41",1545,149,5.93202928099e-05,0.0005103887309126,"0.347,0.415,0.271","0.16,0.2,0.209",0.155,1396,206.66666666666666,130.33333333333331,POMT1_chr9_+_131507367_131509022_131507367_131507514_131508910_131509022_1396
9132,ENSG00000137207,YIPF3,chr6,-,43513068,43513451,43513068,43513200,43513358,43513451,9132,"12,10,20","221,197,224","62,79,81","172,141,177",307,149,0.0,0.0,"0.026,0.024,0.042","0.149,0.214,0.182",-0.151,158,228.0,237.33333333333334,YIPF3_chr6_-_43513068_43513451_43513068_43513200_43513358_43513451_158
9161,ENSG00000107331,ABCA2,chr9,-,137010192,137010737,137010192,137010371,137010619,137010737,9161,"25,28,32","74,80,74","34,32,36","30,42,31",397,149,2.37922885504e-06,3.163617731984282e-05,"0.113,0.116,0.14","0.298,0.222,0.304",-0.152,248,104.33333333333333,68.33333333333334,ABCA2_chr9_-_137010192_137010737_137010192_137010371_137010619_137010737_248
9166,ENSG00000107331,ABCA2,chr9,-,137022940,137023840,137022940,137023052,137023837,137023840,9166,"38,29,29","5,5,2","21,28,21","1,0,0",934,149,4.59670693376e-06,5.652747775078066e-05,"0.548,0.481,0.698","0.77,1.0,1.0",-0.348,785,36.0,23.666666666666664,ABCA2_chr9_-_137022940_137023840_137022940_137023052_137023837_137023840_785
9196,ENSG00000158850,B4GALT3,chr1,-,161176433,161177106,161176433,161176579,161176911,161177106,9196,"22,16,13","23,12,12","11,26,16","4,7,5",481,149,0.00115746449606,0.0065943056755091,"0.229,0.292,0.251","0.46,0.535,0.498",-0.24,332,32.666666666666664,23.0,B4GALT3_chr1_-_161176433_161177106_161176433_161176579_161176911_161177106_332
9262,ENSG00000122952,ZWINT,chr10,-,56359686,56360383,56359686,56359853,56360017,56360383,9262,"165,215,168","602,588,562","600,485,590","763,595,649",313,149,0.0,0.0,"0.115,0.148,0.125","0.272,0.28,0.302",-0.155,164,766.6666666666666,1227.3333333333335,ZWINT_chr10_-_56359686_56360383_56359686_56359853_56360017_56360383_164
9335,ENSG00000077458,FAM76B,chr11,-,95788498,95789782,95788498,95788563,95789391,95789782,9335,"45,65,48","15,14,12","32,23,37","32,22,30",977,149,2.18499359161e-07,3.754397664487868e-06,"0.314,0.415,0.379","0.132,0.138,0.158",0.227,828,66.33333333333333,58.66666666666667,FAM76B_chr11_-_95788498_95789782_95788498_95788563_95789391_95789782_828
9343,ENSG00000101158,NELFCD,chr20,+,58993623,58994239,58993623,58993675,58994109,58994239,9343,"273,311,273","13,20,16","185,221,198","33,32,20",583,149,2.19705389355e-05,0.0002161441516713,"0.843,0.799,0.813","0.589,0.638,0.717",0.17,434,302.0,229.66666666666669,NELFCD_chr20_+_58993623_58994239_58993623_58993675_58994109_58994239_434
9379,ENSG00000162032,SPSB3,chr16,-,1777746,1778612,1777746,1777872,1777945,1778612,9379,"17,13,17","123,106,129","44,56,56","74,108,93",222,149,9.769962616699999e-15,6.231249038413915e-13,"0.085,0.076,0.081","0.285,0.258,0.288",-0.196,73,135.0,143.66666666666669,SPSB3_chr16_-_1777746_1778612_1777746_1777872_1777945_1778612_73
9399,ENSG00000115414,FN1,chr2,-,215379129,215382325,215379129,215379317,215382211,215382325,9399,"46,44,47","6,4,2","8,17,15","0,0,0",3043,149,1.9293455721900003e-12,8.393210853353721e-11,"0.273,0.35,0.535","1.0,1.0,1.0",-0.614,2894,49.666666666666664,13.333333333333334,FN1_chr2_-_215379129_215382325_215379129_215379317_215382211_215382325_2894
9413,ENSG00000166333,ILK,chr11,+,6608883,6609408,6608883,6608967,6609298,6609408,9413,"43,41,64","0,3,1","71,62,84","14,23,12",480,149,3.35605075397e-07,5.612808438750715e-06,"1.0,0.809,0.952","0.612,0.456,0.685",0.336,331,50.66666666666667,88.66666666666666,ILK_chr11_+_6608883_6609408_6608883_6608967_6609298_6609408_331
9435,ENSG00000185189,NRBP2,chr8,-,143835819,143836030,143835819,143835875,143835966,143836030,9435,"4,3,5","26,38,20","18,11,15","28,33,26",240,149,0.000114628505361,0.0009167844116332,"0.087,0.047,0.134","0.285,0.171,0.264",-0.151,91,32.0,43.666666666666664,NRBP2_chr8_-_143835819_143836030_143835819_143835875_143835966_143836030_91
9456,ENSG00000173992,CCS,chr11,+,66599115,66599636,66599115,66599253,66599458,66599636,9456,"76,77,69","48,31,51","132,123,140","28,22,36",354,149,1.49214656919e-06,2.126874068129534e-05,"0.4,0.511,0.363","0.665,0.702,0.621",-0.238,205,117.33333333333334,160.33333333333331,CCS_chr11_+_66599115_66599636_66599115_66599253_66599458_66599636_205
9463,ENSG00000122218,COPA,chr1,-,160332447,160335322,160332447,160332557,160335241,160335322,9463,"52,90,52","0,1,0","31,24,34","7,7,2",2833,149,3.00206193238e-10,9.655349616705932e-09,"1.0,0.826,1.0","0.189,0.153,0.472",0.671,2684,65.0,35.0,COPA_chr1_-_160332447_160335322_160332447_160332557_160335241_160335322_2684
9644,ENSG00000182173,TSEN54,chr17,+,75521704,75523335,75521704,75522521,75523274,75523335,9644,"175,212,204","13,24,10","155,176,184","1,4,8",902,149,0.000426021596185,0.0028601592621661,"0.69,0.593,0.771","0.962,0.879,0.792",-0.193,753,212.66666666666666,176.0,TSEN54_chr17_+_75521704_75523335_75521704_75522521_75523274_75523335_753
9711,ENSG00000166452,AKIP1,chr11,+,8911188,8911671,8911188,8911223,8911443,8911671,9711,"71,65,73","62,54,72","117,113,104","41,47,45",369,149,5.88169870364e-07,9.39823024280141e-06,"0.316,0.327,0.29","0.535,0.493,0.483",-0.193,220,132.33333333333334,155.66666666666666,AKIP1_chr11_+_8911188_8911671_8911188_8911223_8911443_8911671_220
9751,ENSG00000174775,HRAS,chr11,-,532241,532755,532241,532522,532630,532755,9751,"63,45,63","94,69,95","146,166,168","134,121,104",257,149,2.70866878604e-06,3.526892955663847e-05,"0.28,0.274,0.278","0.387,0.443,0.484",-0.161,108,143.0,279.6666666666667,HRAS_chr11_-_532241_532755_532241_532522_532630_532755_108
9780,ENSG00000156650,KAT6B,chr10,+,74975398,74977437,74975398,74975781,74977315,74977437,9780,"10,21,34","2,0,0","6,8,11","2,2,4",1683,149,0.000152063612064,0.0011798255096841,"0.307,1.0,1.0","0.21,0.262,0.196",0.546,1534,22.333333333333336,11.0,KAT6B_chr10_+_74975398_74977437_74975398_74975781_74977315_74977437_1534
9856,ENSG00000171877,FRMD5,chr15,-,43873274,43874462,43873274,43873939,43874118,43874462,9856,"15,24,21","3,3,4","32,30,29","0,2,1",328,149,0.00071601995403,0.004395404709649,"0.694,0.784,0.705","1.0,0.872,0.929",-0.206,179,23.333333333333332,31.333333333333332,FRMD5_chr15_-_43873274_43874462_43873274_43873939_43874118_43874462_179
9868,ENSG00000175197,DDIT3,chr12,-,57517268,57517753,57517268,57517424,57517705,57517753,9868,"56,52,63","13,20,19","102,113,109","16,14,13",430,149,0.00080838639633,0.0048516076704781,"0.599,0.474,0.535","0.688,0.737,0.744",-0.187,281,74.33333333333333,122.33333333333333,DDIT3_chr12_-_57517268_57517753_57517268_57517424_57517705_57517753_281
9880,ENSG00000107862,GBF1,chr10,+,102358505,102359435,102358505,102358729,102359266,102359435,9880,"6,12,16","7,4,6","18,29,20","4,0,1",686,149,0.000592882540681,0.0037559208764016,"0.157,0.395,0.367","0.494,1.0,0.813",-0.463,537,17.0,24.0,GBF1_chr10_+_102358505_102359435_102358505_102358729_102359266_102359435_537
9884,ENSG00000107862,GBF1,chr10,+,102362474,102363396,102362474,102362628,102363255,102363396,9884,"26,23,30","2,0,0","21,32,39","2,3,4",776,149,0.000546282848903,0.0034950304114571,"0.714,1.0,1.0","0.668,0.672,0.652",0.241,627,27.0,33.66666666666667,GBF1_chr10_+_102362474_102363396_102362474_102362628_102363255_102363396_627
9894,ENSG00000107862,GBF1,chr10,+,102379852,102380362,102379852,102379954,102380248,102380362,9894,"24,32,29","120,96,148","77,109,83","74,111,103",443,149,0.0,0.0,"0.063,0.101,0.062","0.259,0.248,0.213",-0.165,294,149.66666666666666,185.66666666666669,GBF1_chr10_+_102379852_102380362_102379852_102379954_102380248_102380362_294
9899,ENSG00000107862,GBF1,chr10,+,102379852,102380686,102379852,102380362,102380505,102380686,9899,"9,11,5","124,103,117","22,72,70","100,100,132",292,149,1.36557432029e-14,8.493646557440115e-13,"0.036,0.052,0.021","0.101,0.269,0.213",-0.158,143,123.0,165.33333333333334,GBF1_chr10_+_102379852_102380686_102379852_102380362_102380505_102380686_143
9937,ENSG00000026103,FAS,chr10,+,89010538,89012081,89010538,89010815,89011998,89012081,9937,"4,3,4","11,10,11","72,53,47","28,18,27",1332,149,2.21725371397e-09,5.814303641581261e-08,"0.039,0.032,0.039","0.223,0.248,0.163",-0.175,1183,14.333333333333332,81.66666666666667,FAS_chr10_+_89010538_89012081_89010538_89010815_89011998_89012081_1183
9967,ENSG00000110811,P3H3,chr12,+,6833591,6834049,6833591,6833644,6833924,6834049,9967,"9,13,7","1,0,1","16,26,21","5,8,3",429,149,0.000341570032527,0.0023439807889201,"0.758,1.0,0.709","0.526,0.53,0.709",0.234,280,10.333333333333332,26.333333333333332,P3H3_chr12_+_6833591_6834049_6833591_6833644_6833924_6834049_280
9977,ENSG00000224934,GOT1-DT,chr10,+,99433545,99433940,99433545,99433631,99433739,99433940,9977,"22,23,25","5,3,2","18,18,14","0,1,0",257,149,7.78000425572e-05,0.0006505812447616,"0.718,0.816,0.879","1.0,0.913,1.0",-0.167,108,26.666666666666664,17.0,GOT1-DT_chr10_+_99433545_99433940_99433545_99433631_99433739_99433940_108
10029,ENSG00000182199,SHMT2,chr12,+,57230802,57231913,57230802,57231000,57231712,57231913,10029,"105,90,85","25,21,23","97,119,111","176,164,188",861,149,0.0,0.0,"0.421,0.426,0.39","0.087,0.112,0.093",0.315,712,116.33333333333333,285.0,SHMT2_chr12_+_57230802_57231913_57230802_57231000_57231712_57231913_712
10061,ENSG00000102225,CDK16,chrX,+,47225964,47226703,47225964,47226027,47226582,47226703,10061,"268,332,302","15,13,8","310,481,470","45,41,47",704,149,2.83006736579e-06,3.665935799472554e-05,"0.791,0.844,0.889","0.593,0.713,0.679",0.18,555,312.6666666666667,464.66666666666663,CDK16_chrX_+_47225964_47226703_47225964_47226027_47226582_47226703_555
10062,ENSG00000102225,CDK16,chrX,+,47226993,47227223,47226993,47227099,47227159,47227223,10062,"17,20,18","15,12,8","28,18,26","7,2,6",209,149,0.00180638779396,0.0094803867066547,"0.447,0.543,0.616","0.74,0.865,0.755",-0.251,60,30.0,29.0,CDK16_chrX_+_47226993_47227223_47226993_47227099_47227159_47227223_60
10119,ENSG00000125967,NECAB3,chr20,-,33659884,33660395,33659884,33660003,33660258,33660395,10119,"27,36,27","40,73,36","65,58,66","36,48,42",404,149,2.99740285747e-06,3.836471752605309e-05,"0.199,0.154,0.217","0.4,0.308,0.367",-0.168,255,79.66666666666666,105.0,NECAB3_chr20_-_33659884_33660395_33659884_33660003_33660258_33660395_255
10123,ENSG00000002016,RAD52,chr12,-,916343,916820,916343,916483,916638,916820,10123,"6,17,13","10,19,23","53,50,31","20,18,11",304,149,5.52638234508e-07,8.887084087408565e-06,"0.227,0.305,0.217","0.565,0.577,0.58",-0.324,155,29.333333333333332,61.0,RAD52_chr12_-_916343_916820_916343_916483_916638_916820_155
10124,ENSG00000002016,RAD52,chr12,-,916343,916820,916343,916532,916638,916820,10124,"5,11,9","5,5,5","45,41,26","5,3,6",255,149,0.000745153617057,0.0045445916709651,"0.369,0.562,0.513","0.84,0.889,0.717",-0.334,106,13.333333333333334,42.0,RAD52_chr12_-_916343_916820_916343_916532_916638_916820_106
10126,ENSG00000002016,RAD52,chr12,-,926795,927263,926795,926946,927144,927263,10126,"24,23,19","27,18,20","8,11,11","33,31,37",347,149,5.28388960686e-06,6.393336524313241e-05,"0.276,0.354,0.29","0.094,0.132,0.113",0.194,198,43.66666666666667,43.666666666666664,RAD52_chr12_-_926795_927263_926795_926946_927144_927263_198
10141,ENSG00000136003,ISCU,chr12,+,108564059,108564392,108564059,108564155,108564278,108564392,10141,"59,46,34","73,57,63","65,65,64","29,32,28",272,149,2.76994993609e-09,7.090694972453519e-08,"0.307,0.307,0.228","0.551,0.527,0.556",-0.264,123,110.66666666666666,94.33333333333334,ISCU_chr12_+_108564059_108564392_108564059_108564155_108564278_108564392_123
10168,ENSG00000288663,,chr12,+,53303033,53306861,53303033,53303193,53306679,53306861,10168,"96,116,81","0,1,0","143,184,212","3,3,4",3635,149,3.77806234998e-05,0.0003407385479556,"1.0,0.826,1.0","0.661,0.715,0.685",0.255,3486,98.0,183.0,nan_chr12_+_53303033_53306861_53303033_53303193_53306679_53306861_3486
10195,ENSG00000139372,TDG,chr12,+,103982798,103983389,103982798,103982934,103983294,103983389,10195,"14,29,20","0,0,2","14,16,13","12,21,13",509,149,4.56301663121e-13,2.229952153667952e-11,"1.0,1.0,0.745","0.255,0.182,0.226",0.694,360,21.666666666666668,29.666666666666668,TDG_chr12_+_103982798_103983389_103982798_103982934_103983294_103983389_360
10232,ENSG00000284770,TBCE,chr1,+,235435744,235436608,235435744,235435840,235436543,235436608,10232,"27,25,21","0,0,0","46,48,40","5,2,3",852,149,3.76382860878e-07,6.225620683445776e-06,"1.0,1.0,1.0","0.617,0.808,0.7",0.292,703,24.333333333333332,48.0,TBCE_chr1_+_235435744_235436608_235435744_235435840_235436543_235436608_703
10239,ENSG00000007392,LUC7L,chr16,-,227241,228402,227241,227336,228332,228402,10239,"212,270,292","27,19,20","213,185,246","42,42,49",1145,149,2.17222025729e-05,0.0002139807546644,"0.505,0.649,0.655","0.398,0.364,0.395",0.217,996,280.0,259.0,LUC7L_chr16_-_227241_228402_227241_227336_228332_228402_996
10294,ENSG00000116198,CEP104,chr1,-,3837291,3839119,3837291,3837345,3838963,3839119,10294,"40,38,32","10,7,11","59,49,57","1,2,2",1767,149,4.70934366392e-07,7.605691076107709e-06,"0.252,0.314,0.197","0.833,0.674,0.706",-0.483,1618,46.0,56.666666666666664,CEP104_chr1_-_3837291_3839119_3837291_3837345_3838963_3839119_1618
