ID,GeneID,geneSymbol,chr,strand,riExonStart_0base,riExonEnd,upstreamES,upstreamEE,downstreamES,downstreamEE,ID.1,IJC_SAMPLE_1,SJC_SAMPLE_1,IJC_SAMPLE_2,SJC_SAMPLE_2,IncFormLen,SkipFormLen,PValue,FDR,IncLevel1,IncLevel2,IncLevelDifference,Distance,MeanCounts_SAMPLE_1,MeanCounts_SAMPLE_2,event_id
43,ENSG00000241837,ATP5PO,chr21,-,33906448,33907453,33906448,33906500,33907340,33907453,43,"41,47,37","2,0,0","76,69,69","5,4,4",989,149,0.000307743311388,0.001767702030807,"0.755,1.0,1.0","0.696,0.722,0.722",0.205,840,42.33333333333333,75.66666666666666,ATP5PO_chr21_-_33906448_33907453_33906448_33906500_33907340_33907453_840
141,ENSG00000187860,CCDC157,chr22,+,30370325,30371727,30370325,30370950,30371649,30371727,141,"6,3,8","1,7,5","36,24,53","3,6,5",848,149,0.00125803003814,0.0060069505781309,"0.513,0.07,0.219","0.678,0.413,0.651",-0.313,699,10.0,42.33333333333333,CCDC157_chr22_+_30370325_30371727_30370325_30370950_30371649_30371727_699
157,ENSG00000161179,YDJC,chr22,-,21629009,21629407,21629009,21629187,21629307,21629407,157,"93,96,93","442,417,389","146,126,156","234,167,263",269,149,0.0,0.0,"0.104,0.113,0.117","0.257,0.295,0.247",-0.155,120,510.0,364.0,YDJC_chr22_-_21629009_21629407_21629009_21629187_21629307_21629407_120
159,ENSG00000161179,YDJC,chr22,-,21629009,21629761,21629009,21629407,21629601,21629761,159,"387,365,441","303,275,293","452,377,485","154,148,146",343,149,1.52144963295e-12,4.39991530390425e-11,"0.357,0.366,0.395","0.56,0.525,0.591",-0.186,194,688.0,587.3333333333334,YDJC_chr22_-_21629009_21629761_21629009_21629407_21629601_21629761_194
165,ENSG00000128159,TUBGCP6,chr22,-,50217917,50218402,50217917,50218117,50218188,50218402,165,"22,36,25","44,48,37","70,44,70","33,39,43",220,149,4.794849009e-05,0.0003486699197163,"0.253,0.337,0.314","0.59,0.433,0.524",-0.214,71,70.66666666666667,99.66666666666667,TUBGCP6_chr22_-_50217917_50218402_50217917_50218117_50218188_50218402_71
188,ENSG00000100359,SGSM3,chr22,+,40408932,40409372,40408932,40409018,40409249,40409372,188,"123,164,157","66,76,78","212,171,213","38,63,55",380,149,0.000452703740131,0.0025028525162095,"0.422,0.458,0.441","0.686,0.516,0.603",-0.161,231,221.33333333333331,250.66666666666666,SGSM3_chr22_+_40408932_40409372_40408932_40409018_40409249_40409372_231
300,ENSG00000105397,TYK2,chr19,-,10353527,10354234,10353527,10353646,10354041,10354234,300,"101,101,87","57,60,76","177,90,174","38,27,33",544,149,2.18708695598e-09,3.9721514062834843e-08,"0.327,0.316,0.239","0.561,0.477,0.591",-0.249,395,160.66666666666666,179.66666666666666,TYK2_chr19_-_10353527_10354234_10353527_10353646_10354041_10354234_395
369,ENSG00000141994,DUS3L,chr19,-,5786748,5787171,5786748,5786919,5787060,5787171,369,"1,8,18","12,15,18","44,32,61","18,7,12",290,149,3.52883676169e-07,4.145831814241735e-06,"0.041,0.215,0.339","0.557,0.701,0.723",-0.462,141,24.0,58.0,DUS3L_chr19_-_5786748_5787171_5786748_5786919_5787060_5787171_141
391,ENSG00000105696,TMEM59L,chr19,+,18618154,18618492,18618154,18618272,18618374,18618492,391,"23,23,15","65,92,69","31,27,43","37,25,26",251,149,1.91820503925e-09,3.5264018802251225e-08,"0.174,0.129,0.114","0.332,0.391,0.495",-0.267,102,95.66666666666666,63.0,TMEM59L_chr19_+_18618154_18618492_18618154_18618272_18618374_18618492_102
402,ENSG00000170889,RPS9,chr19,+,54206275,54206724,54206275,54206462,54206552,54206724,402,"106,103,123","263,258,246","178,213,202","188,221,171",239,149,4.52970994047e-13,1.4431732645082174e-11,"0.201,0.199,0.238","0.371,0.375,0.424",-0.177,90,366.3333333333333,391.0,RPS9_chr19_+_54206275_54206724_54206275_54206462_54206552_54206724_90
403,ENSG00000170889,RPS9,chr19,+,54206552,54207647,54206552,54206724,54207397,54207647,403,"232,265,311","230,246,205","497,479,532","169,178,168",822,149,1.11022302463e-16,5.6025281356999794e-15,"0.155,0.163,0.216","0.348,0.328,0.365",-0.169,673,496.3333333333333,674.3333333333334,RPS9_chr19_+_54206552_54207647_54206552_54206724_54207397_54207647_673
453,ENSG00000142541,RPL13A,chr19,+,49489849,49490297,49489849,49489912,49490231,49490297,453,"252,225,227","1036,1094,1130","1016,963,868","757,885,788",468,149,0.0,0.0,"0.072,0.061,0.06","0.299,0.257,0.26",-0.208,319,1321.3333333333335,1759.0,RPL13A_chr19_+_49489849_49490297_49489849_49489912_49490231_49490297_319
503,ENSG00000115268,RPS15,chr19,+,1438806,1440253,1438806,1438892,1439960,1440253,503,"184,175,224","8,13,15","553,403,481","15,13,6",1217,149,0.000540042854677,0.0028839849368447,"0.738,0.622,0.646","0.819,0.791,0.908",-0.171,1068,206.33333333333334,490.3333333333333,RPS15_chr19_+_1438806_1440253_1438806_1438892_1439960_1440253_1068
521,ENSG00000130811,EIF3G,chr19,-,10118867,10119171,10118867,10118956,10119066,10119171,521,"34,57,41","24,36,25","109,75,91","28,26,32",259,149,0.000349109551027,0.0019766225257319,"0.449,0.477,0.485","0.691,0.624,0.621",-0.175,110,72.33333333333333,120.33333333333334,EIF3G_chr19_-_10118867_10119171_10118867_10118956_10119066_10119171_110
572,ENSG00000064545,TMEM161A,chr19,-,19132351,19132754,19132351,19132433,19132656,19132754,572,"151,149,149","5,7,9","142,143,142","18,26,22",372,149,1.19316834224e-06,1.2425807154158671e-05,"0.924,0.895,0.869","0.76,0.688,0.721",0.173,223,156.66666666666666,164.33333333333334,TMEM161A_chr19_-_19132351_19132754_19132351_19132433_19132656_19132754_223
738,ENSG00000088970,KIZ,chr20,+,21244244,21246622,21244244,21244288,21246478,21246622,738,"269,351,316","18,14,19","130,125,129","24,12,16",2339,149,0.00028914677567,0.001680134935288,"0.488,0.615,0.514","0.257,0.399,0.339",0.207,2190,329.0,145.33333333333334,KIZ_chr20_+_21244244_21246622_21244244_21244288_21246478_21246622_2190
825,ENSG00000163597,SNHG16,chr17,+,76557969,76558600,76557969,76558279,76558373,76558600,825,"19,11,6","10,9,6","19,17,23","4,2,6",243,149,0.0018153280817,0.0082573816372064,"0.538,0.428,0.38","0.744,0.839,0.702",-0.313,94,20.333333333333336,23.666666666666668,SNHG16_chr17_+_76557969_76558600_76557969_76558279_76558373_76558600_94
839,ENSG00000220205,VAMP2,chr17,-,8160405,8161524,8160405,8160871,8161472,8161524,839,"110,171,146","143,95,102","187,135,175","73,48,49",750,149,1.85570173228e-07,2.3223431101507173e-06,"0.133,0.263,0.221","0.337,0.358,0.415",-0.164,601,255.66666666666669,222.33333333333331,VAMP2_chr17_-_8160405_8161524_8160405_8160871_8161472_8161524_601
942,ENSG00000178971,CTC1,chr17,-,8228502,8229446,8228502,8228629,8228726,8229446,942,"7,8,5","27,27,29","13,9,14","26,11,18",246,149,0.00200107838928,0.0089881173291495,"0.136,0.152,0.095","0.232,0.331,0.32",-0.167,97,34.333333333333336,30.333333333333332,CTC1_chr17_-_8228502_8229446_8228502_8228629_8228726_8229446_97
965,ENSG00000108604,SMARCD2,chr17,-,63833068,63833722,63833068,63833170,63833586,63833722,965,"10,12,10","1,0,0","35,20,14","0,5,2",565,149,0.000149114824489,0.0009437663007851,"0.725,1.0,1.0","1.0,0.513,0.649",0.188,416,11.0,25.333333333333332,SMARCD2_chr17_-_63833068_63833722_63833068_63833170_63833586_63833722_416
993,ENSG00000270647,TAF15,chr17,+,35820023,35820437,35820023,35820075,35820331,35820437,993,"26,26,23","1,1,2","39,28,27","19,19,14",405,149,2.87700685497e-09,5.054255734233512e-08,"0.905,0.905,0.809","0.43,0.352,0.415",0.474,256,26.333333333333332,48.666666666666664,TAF15_chr17_+_35820023_35820437_35820023_35820075_35820331_35820437_256
995,ENSG00000076604,TRAF4,chr17,+,28747842,28748178,28747842,28747947,28748016,28748178,995,"8,10,8","97,63,78","68,56,64","80,74,76",218,149,0.0,0.0,"0.053,0.098,0.066","0.367,0.341,0.365",-0.285,69,88.0,139.33333333333334,TRAF4_chr17_+_28747842_28748178_28747842_28747947_28748016_28748178_69
1018,ENSG00000169733,RFNG,chr17,-,82049676,82050006,82049676,82049842,82049917,82050006,1018,"66,58,46","115,115,117","105,77,130","81,49,70",224,149,7.449596495229999e-14,2.6929575022901138e-12,"0.276,0.251,0.207","0.463,0.511,0.553",-0.264,75,172.33333333333334,170.66666666666669,RFNG_chr17_-_82049676_82050006_82049676_82049842_82049917_82050006_75
1019,ENSG00000169733,RFNG,chr17,-,82049676,82050555,82049676,82050006,82050401,82050555,1019,"160,191,152","106,96,100","286,210,278","66,41,62",544,149,1.00919272938e-13,3.613390539146772e-12,"0.293,0.353,0.294","0.543,0.584,0.551",-0.246,395,268.3333333333333,314.3333333333333,RFNG_chr17_-_82049676_82050555_82049676_82050006_82050401_82050555_395
1044,ENSG00000167861,HID1,chr17,-,74958326,74958763,74958326,74958478,74958672,74958763,1044,"2,0,9","24,22,9","11,14,8","10,7,12",343,149,0.000176672998835,0.0010969482066394,"0.035,0.0,0.303","0.323,0.465,0.225",-0.225,194,22.0,20.666666666666664,HID1_chr17_-_74958326_74958763_74958326_74958478_74958672_74958763_194
1045,ENSG00000167861,HID1,chr17,-,74962964,74964632,74962964,74963081,74964482,74964632,1045,"15,8,16","0,0,2","23,18,33","5,8,6",1550,149,0.000571241279881,0.0030290290433182,"1.0,1.0,0.435","0.307,0.178,0.346",0.535,1401,13.666666666666666,31.0,HID1_chr17_-_74962964_74964632_74962964_74963081_74964482_74964632_1401
1046,ENSG00000161513,FDXR,chr17,-,74863895,74864347,74863895,74864067,74864147,74864347,1046,"7,8,4","49,40,44","46,33,36","74,67,54",229,149,1.05858088961e-08,1.697115076541064e-07,"0.085,0.115,0.056","0.288,0.243,0.303",-0.193,80,50.66666666666667,103.33333333333334,FDXR_chr17_-_74863895_74864347_74863895_74864067_74864147_74864347_80
1066,ENSG00000108479,GALK1,chr17,-,75762703,75763439,75762703,75762885,75763319,75763439,1066,"24,17,20","0,2,0","24,22,25","7,3,6",583,149,2.29407129378e-05,0.0001785623401442,"1.0,0.685,1.0","0.467,0.652,0.516",0.35,434,21.0,29.0,GALK1_chr17_-_75762703_75763439_75762703_75762885_75763319_75763439_434
1071,ENSG00000177303,CASKIN2,chr17,-,75503388,75503760,75503388,75503527,75503658,75503760,1071,"1,5,5","21,19,26","23,8,23","26,14,31",280,149,3.79958315133e-06,3.5489522627143194e-05,"0.025,0.123,0.093","0.32,0.233,0.283",-0.198,131,25.666666666666668,41.66666666666667,CASKIN2_chr17_-_75503388_75503760_75503388_75503527_75503658_75503760_131
1109,ENSG00000185813,PCYT2,chr17,-,81905669,81906177,81905669,81905735,81906099,81906177,1109,"8,3,1","47,50,49","42,38,45","53,58,58",513,149,1.11022302463e-16,5.6025281356999794e-15,"0.047,0.017,0.006","0.187,0.16,0.184",-0.154,364,52.666666666666664,98.0,PCYT2_chr17_-_81905669_81906177_81905669_81905735_81906099_81906177_364
1129,ENSG00000131470,PSMC3IP,chr17,-,42573477,42574210,42573477,42573623,42574098,42574210,1129,"67,99,73","133,137,120","225,203,150","96,142,95",624,149,7.11763981087e-13,2.184729857342617e-11,"0.107,0.147,0.127","0.359,0.254,0.274",-0.169,475,209.66666666666669,303.66666666666663,PSMC3IP_chr17_-_42573477_42574210_42573477_42573623_42574098_42574210_475
1134,ENSG00000141503,MINK1,chr17,+,4890221,4890735,4890221,4890308,4890516,4890735,1134,"13,11,11","3,1,3","20,11,20","0,0,1",357,149,5.83280554554e-05,0.0004129648295378,"0.644,0.821,0.605","1.0,1.0,0.893",-0.274,208,14.0,17.333333333333332,MINK1_chr17_+_4890221_4890735_4890221_4890308_4890516_4890735_208
1136,ENSG00000129219,PLD2,chr17,+,4818001,4818385,4818001,4818106,4818296,4818385,1136,"7,12,12","37,35,34","25,15,21","27,18,21",339,149,2.1498582043e-05,0.0001689110118927,"0.077,0.131,0.134","0.289,0.268,0.305",-0.173,190,45.66666666666667,42.33333333333333,PLD2_chr17_+_4818001_4818385_4818001_4818106_4818296_4818385_190
1152,ENSG00000125447,GGA3,chr17,-,75240341,75241057,75240341,75240412,75240811,75241057,1152,"69,55,71","63,60,70","118,74,132","65,33,53",548,149,2.97768863977e-06,2.8340811243583075e-05,"0.229,0.2,0.216","0.33,0.379,0.404",-0.156,399,129.33333333333331,158.33333333333334,GGA3_chr17_-_75240341_75241057_75240341_75240412_75240811_75241057_399
1153,ENSG00000125447,GGA3,chr17,-,75241399,75241696,75241399,75241516,75241614,75241696,1153,"8,17,10","133,131,138","54,36,55","109,72,91",247,149,0.0,0.0,"0.035,0.073,0.042","0.23,0.232,0.267",-0.193,98,145.66666666666666,139.0,GGA3_chr17_-_75241399_75241696_75241399_75241516_75241614_75241696_98
1166,ENSG00000185359,HGS,chr17,+,81696606,81696998,81696606,81696747,81696823,81696998,1166,"15,12,13","157,147,158","61,48,64","130,123,125",225,149,0.0,0.0,"0.06,0.051,0.052","0.237,0.205,0.253",-0.177,76,167.33333333333334,183.66666666666666,HGS_chr17_+_81696606_81696998_81696606_81696747_81696823_81696998_76
1213,ENSG00000215041,NEURL4,chr17,-,7318064,7318356,7318064,7318172,7318268,7318356,1213,"27,18,17","77,61,51","68,43,62","66,71,52",245,149,2.06984111373e-06,2.051075391468477e-05,"0.176,0.152,0.169","0.385,0.269,0.42",-0.192,96,83.66666666666667,120.66666666666666,NEURL4_chr17_-_7318064_7318356_7318064_7318172_7318268_7318356_96
1238,ENSG00000170037,CNTROB,chr17,+,7944122,7944638,7944122,7944248,7944475,7944638,1238,"36,56,54","57,50,50","123,72,108","57,34,55",376,149,1.04191013668e-05,8.862129318661675e-05,"0.2,0.307,0.3","0.461,0.456,0.438",-0.183,227,101.0,149.66666666666666,CNTROB_chr17_+_7944122_7944638_7944122_7944248_7944475_7944638_227
1243,ENSG00000187838,PLSCR3,chr17,-,7393143,7393509,7393143,7393364,7393466,7393509,1243,"3,5,2","27,33,33","13,8,17","17,17,25",251,149,3.19457365117e-07,3.781685669822561e-06,"0.062,0.083,0.035","0.312,0.218,0.288",-0.213,102,34.333333333333336,32.333333333333336,PLSCR3_chr17_-_7393143_7393509_7393143_7393364_7393466_7393509_102
1256,ENSG00000182087,TMEM259,chr19,-,1011095,1011499,1011095,1011195,1011366,1011499,1256,"87,76,102","279,257,264","229,188,235","243,175,191",320,149,0.0,0.0,"0.127,0.121,0.152","0.305,0.333,0.364",-0.201,171,355.0,420.33333333333337,TMEM259_chr19_-_1011095_1011499_1011095_1011195_1011366_1011499_171
1260,ENSG00000182087,TMEM259,chr19,-,1012065,1012573,1012065,1012188,1012462,1012573,1260,"238,255,237","270,292,296","400,267,419","220,181,205",423,149,1.10009779064e-11,2.8621575390388093e-10,"0.237,0.235,0.22","0.39,0.342,0.419",-0.153,274,529.3333333333334,564.0,TMEM259_chr19_-_1012065_1012573_1012065_1012188_1012462_1012573_274
1296,ENSG00000103275,UBE2I,chr16,+,1314292,1315726,1314292,1314376,1315430,1315726,1296,"25,39,52","0,1,0","71,40,56","3,1,2",1203,149,0.00104742540278,0.0051575583519992,"1.0,0.828,1.0","0.746,0.832,0.776",0.158,1054,39.0,57.666666666666664,UBE2I_chr16_+_1314292_1315726_1314292_1314376_1315430_1315726_1054
1306,ENSG00000103275,UBE2I,chr16,+,1319701,1320283,1319701,1319990,1320173,1320283,1306,"55,61,60","0,0,0","67,65,90","16,1,10",332,149,1.78860685152e-08,2.7728937972327586e-07,"1.0,1.0,1.0","0.653,0.967,0.802",0.193,183,58.666666666666664,83.0,UBE2I_chr16_+_1319701_1320283_1319701_1319990_1320173_1320283_183
1337,ENSG00000063177,RPL18,chr19,-,48616078,48617423,48616078,48616202,48617315,48617423,1337,"318,379,355","13,4,13","881,751,798","63,57,49",1262,149,0.000127185261532,0.000818054731787,"0.743,0.918,0.763","0.623,0.609,0.658",0.178,1113,360.6666666666667,866.3333333333334,RPL18_chr19_-_48616078_48617423_48616078_48616202_48617315_48617423_1113
1391,ENSG00000160014,CALM3,chr19,+,46605826,46608340,46605826,46605857,46608198,46608340,1391,"174,213,170","0,0,0","321,247,374","1,6,6",2490,149,2.28395547597e-06,2.2227779497322662e-05,"1.0,1.0,1.0","0.951,0.711,0.789",0.183,2341,185.66666666666666,318.3333333333333,CALM3_chr19_+_46605826_46608340_46605826_46605857_46608198_46608340_2341
1396,ENSG00000140983,RHOT2,chr16,+,668352,668699,668352,668411,668655,668699,1396,"75,91,71","7,4,5","98,75,113","21,22,12",393,149,0.000743688869209,0.0038091257544839,"0.802,0.896,0.843","0.639,0.564,0.781",0.186,244,84.33333333333333,113.66666666666666,RHOT2_chr16_+_668352_668699_668352_668411_668655_668699_244
1409,ENSG00000140983,RHOT2,chr16,+,672253,672825,672253,672566,672702,672825,1409,"56,56,74","270,249,223","175,144,182","243,171,200",285,149,0.0,0.0,"0.098,0.105,0.148","0.274,0.306,0.322",-0.184,136,309.33333333333337,371.66666666666663,RHOT2_chr16_+_672253_672825_672253_672566_672702_672825_136
1410,ENSG00000127580,WDR24,chr16,-,685868,686186,685868,685990,686067,686186,1410,"8,14,18","17,31,38","31,19,35","34,19,22",226,149,0.000828064745053,0.0041927399448171,"0.237,0.229,0.238","0.375,0.397,0.512",-0.193,77,42.0,53.33333333333333,WDR24_chr16_-_685868_686186_685868_685990_686067_686186_77
1413,ENSG00000161996,WDR90,chr16,+,655772,656537,655772,655885,656301,656537,1413,"34,21,42","1,0,0","50,23,48","2,4,1",565,149,0.000884219804317,0.004453080179946,"0.9,1.0,1.0","0.868,0.603,0.927",0.167,416,32.66666666666667,42.66666666666667,WDR90_chr16_+_655772_656537_655772_655885_656301_656537_416
1428,ENSG00000167508,MVD,chr16,-,88657435,88658029,88657435,88657582,88657734,88658029,1428,"39,27,26","0,0,0","28,18,33","0,3,5",301,149,0.000104741855698,0.000687820098684,"1.0,1.0,1.0","1.0,0.748,0.766",0.162,152,30.666666666666668,29.0,MVD_chr16_-_88657435_88658029_88657435_88657582_88657734_88658029_152
1484,ENSG00000168488,ATXN2L,chr16,+,28835277,28835758,28835277,28835399,28835545,28835758,1484,"18,21,6","81,83,89","62,32,86","128,59,74",295,149,8.71600869257e-09,1.4215980338271984e-07,"0.101,0.113,0.033","0.197,0.215,0.37",-0.178,146,99.33333333333333,147.0,ATXN2L_chr16_+_28835277_28835758_28835277_28835399_28835545_28835758_146
1591,ENSG00000168676,KCTD19,chr16,-,67301790,67303337,67301790,67301922,67303145,67303337,1591,"17,28,34","7,5,6","15,21,33","2,0,0",1372,149,7.70888524058e-05,0.0005250281532963,"0.209,0.378,0.381","0.449,1.0,1.0",-0.494,1223,32.33333333333333,23.666666666666668,KCTD19_chr16_-_67301790_67303337_67301790_67301922_67303145_67303337_1223
1604,ENSG00000140854,KATNB1,chr16,+,57751939,57753267,57751939,57752055,57753076,57753267,1604,"28,30,21","0,0,0","67,55,55","1,3,2",1170,149,0.000771544062115,0.0039383841161185,"1.0,1.0,1.0","0.895,0.7,0.778",0.209,1021,26.333333333333332,61.0,KATNB1_chr16_+_57751939_57753267_57751939_57752055_57753076_57753267_1021
1605,ENSG00000140854,KATNB1,chr16,+,57755789,57756066,57755789,57755917,57755991,57756066,1605,"6,5,7","197,177,170","51,37,50","145,137,134",223,149,0.0,0.0,"0.02,0.019,0.027","0.19,0.153,0.2",-0.159,74,187.33333333333334,184.66666666666666,KATNB1_chr16_+_57755789_57756066_57755789_57755917_57755991_57756066_74
1627,ENSG00000197912,SPG7,chr16,+,89545871,89546760,89545871,89546181,89546657,89546760,1627,"26,23,23","0,6,4","37,8,33","1,0,0",625,149,3.31011841075e-05,0.0002514018215194,"1.0,0.477,0.578","0.898,1.0,1.0",-0.281,476,27.333333333333332,26.333333333333332,SPG7_chr16_+_89545871_89546760_89545871_89546181_89546657_89546760_476
1634,ENSG00000103245,CIAO3,chr16,-,730842,732900,730842,731000,732300,732900,1634,"26,27,30","0,0,0","123,63,105","1,4,2",1449,149,0.000194373935796,0.0011901446443404,"1.0,1.0,1.0","0.927,0.618,0.844",0.204,1300,27.666666666666668,99.33333333333333,CIAO3_chr16_-_730842_732900_730842_731000_732300_732900_1300
1636,ENSG00000162062,TEDC2,chr16,+,2460144,2460693,2460144,2460381,2460622,2460693,1636,"60,37,44","60,63,57","85,70,82","51,38,38",390,149,9.62039165331e-07,1.0173800962199422e-05,"0.276,0.183,0.228","0.389,0.413,0.452",-0.189,241,107.0,121.33333333333334,TEDC2_chr16_+_2460144_2460693_2460144_2460381_2460622_2460693_241
1653,ENSG00000007384,RHBDF1,chr16,-,58973,59349,58973,59127,59248,59349,1653,"7,3,9","20,35,31","26,20,24","12,10,21",270,149,7.35830063547e-10,1.471464427609014e-08,"0.162,0.045,0.138","0.545,0.525,0.387",-0.371,121,35.0,37.666666666666664,RHBDF1_chr16_-_58973_59349_58973_59127_59248_59349_121
1672,ENSG00000089280,FUS,chr16,+,31184938,31188357,31184938,31185179,31188324,31188357,1672,"1576,1734,1636","49,47,48","2404,1720,2371","135,160,161",3294,149,3.58370777498e-10,7.505821381636384e-09,"0.593,0.625,0.607","0.446,0.327,0.4",0.217,3145,1696.6666666666667,2317.0,FUS_chr16_+_31184938_31188357_31184938_31185179_31188324_31188357_3145
1704,ENSG00000123154,WDR83,chr19,+,12669754,12670080,12669754,12669893,12669976,12670080,1704,"8,8,26","79,88,90","87,97,88","72,83,84",232,149,0.0,0.0,"0.061,0.055,0.156","0.437,0.429,0.402",-0.332,83,99.66666666666667,170.33333333333334,WDR83_chr19_+_12669754_12670080_12669754_12669893_12669976_12670080_83
1709,ENSG00000099999,RNF215,chr22,-,30379481,30379780,30379481,30379622,30379710,30379780,1709,"27,38,30","106,110,108","53,39,61","55,53,63",237,149,3.38834182934e-10,7.1363983794978874e-09,"0.138,0.178,0.149","0.377,0.316,0.378",-0.202,88,139.66666666666666,108.0,RNF215_chr22_-_30379481_30379780_30379481_30379622_30379710_30379780_88
1722,ENSG00000156858,PRR14,chr16,+,30651595,30651964,30651595,30651668,30651795,30651964,1722,"16,27,27","176,174,157","85,40,82","139,74,171",276,149,3.33066907388e-16,1.5652062979064827e-14,"0.047,0.077,0.085","0.248,0.226,0.206",-0.157,127,192.33333333333334,197.0,PRR14_chr16_+_30651595_30651964_30651595_30651668_30651795_30651964_127
1723,ENSG00000156858,PRR14,chr16,+,30652720,30653103,30652720,30652842,30652913,30653103,1723,"24,20,28","209,208,214","137,66,92","180,126,194",220,149,0.0,0.0,"0.072,0.061,0.081","0.34,0.262,0.243",-0.21,71,234.33333333333334,265.0,PRR14_chr16_+_30652720_30653103_30652720_30652842_30652913_30653103_71
1784,ENSG00000184056,VPS33B,chr15,-,91006371,91007046,91006371,91006445,91006949,91007046,1784,"12,9,23","1,0,1","23,18,34","3,6,2",653,149,0.000731855190841,0.0037638982078888,"0.732,1.0,0.84","0.636,0.406,0.795",0.245,504,15.333333333333332,28.666666666666668,VPS33B_chr15_-_91006371_91007046_91006371_91006445_91006949_91007046_504
1811,ENSG00000089195,TRMT6,chr20,-,5941052,5942036,5941052,5941139,5941950,5942036,1811,"24,19,15","0,0,0","78,67,56","3,0,4",960,149,0.000322705311661,0.0018437851355463,"1.0,1.0,1.0","0.801,1.0,0.685",0.171,811,19.333333333333332,69.33333333333333,TRMT6_chr20_-_5941052_5942036_5941052_5941139_5941950_5942036_811
1856,ENSG00000128951,DUT,chr15,+,48341288,48342395,48341288,48341363,48342021,48342395,1856,"15,15,10","0,0,0","29,19,34","6,4,7",807,149,3.88825016628e-09,6.720862758680304e-08,"1.0,1.0,1.0","0.472,0.467,0.473",0.529,658,13.333333333333334,33.0,DUT_chr15_+_48341288_48342395_48341288_48341363_48342021_48342395_658
1912,ENSG00000102901,CENPT,chr16,-,67832011,67832545,67832011,67832108,67832454,67832545,1912,"21,22,25","9,7,3","49,56,42","4,2,4",495,149,0.00179302939068,0.0081608886129073,"0.413,0.486,0.715","0.787,0.894,0.76",-0.276,346,29.0,52.333333333333336,CENPT_chr16_-_67832011_67832545_67832011_67832108_67832454_67832545_346
1934,ENSG00000196547,MAN2A2,chr15,+,90912042,90912664,90912042,90912279,90912541,90912664,1934,"19,41,27","32,30,39","76,49,72","29,26,22",411,149,1.04593217718e-05,8.886287051092001e-05,"0.177,0.331,0.201","0.487,0.406,0.543",-0.242,262,62.666666666666664,91.33333333333334,MAN2A2_chr15_+_90912042_90912664_90912042_90912279_90912541_90912664_262
1937,ENSG00000140474,ULK3,chr15,-,74840233,74840641,74840233,74840316,74840497,74840641,1937,"80,81,81","84,71,75","143,119,123","62,48,67",330,149,1.60456265474e-06,1.6281655331970393e-05,"0.301,0.34,0.328","0.51,0.528,0.453",-0.174,181,157.33333333333334,187.33333333333334,ULK3_chr15_-_74840233_74840641_74840233_74840316_74840497_74840641_181
1945,ENSG00000140464,PML,chr15,+,74034477,74036394,74034477,74034530,74035171,74036394,1945,"69,82,51","31,34,28","183,68,164","22,4,19",790,149,6.10721362371e-10,1.234412345071922e-08,"0.296,0.313,0.256","0.611,0.762,0.619",-0.376,641,98.33333333333333,153.33333333333334,PML_chr15_+_74034477_74036394_74034477_74034530_74035171_74036394_641
1965,ENSG00000100749,VRK1,chr14,+,96945048,96945403,96945048,96945150,96945237,96945403,1965,"1,6,6","6,7,7","11,9,15","2,1,2",236,149,3.16337037687e-06,2.9731727329606912e-05,"0.095,0.351,0.351","0.776,0.85,0.826",-0.552,87,11.0,13.333333333333332,VRK1_chr14_+_96945048_96945403_96945048_96945150_96945237_96945403_87
2058,ENSG00000100429,HDAC10,chr22,-,50245674,50246092,50245674,50245827,50245909,50246092,2058,"10,12,16","40,36,38","46,23,41","26,11,37",231,149,8.01372113113e-09,1.3127487839861976e-07,"0.139,0.177,0.214","0.533,0.574,0.417",-0.331,82,50.666666666666664,61.33333333333333,HDAC10_chr22_-_50245674_50246092_50245674_50245827_50245909_50246092_82
2063,ENSG00000100445,SDR39U1,chr14,-,24442345,24442776,24442345,24442452,24442753,24442776,2063,"84,163,140","94,98,109","193,175,184","50,59,61",450,149,2.80025003185e-09,4.965820752235884e-08,"0.228,0.355,0.298","0.561,0.495,0.5",-0.225,301,229.33333333333331,240.66666666666666,SDR39U1_chr14_-_24442345_24442776_24442345_24442452_24442753_24442776_301
2089,ENSG00000139998,RAB15,chr14,-,64950324,64951151,64950324,64950414,64950942,64951151,2089,"14,14,15","3,5,4","23,14,20","1,1,0",677,149,7.58493888642e-06,6.62382758269361e-05,"0.507,0.381,0.452","0.835,0.755,1.0",-0.417,528,18.333333333333336,19.666666666666668,RAB15_chr14_-_64950324_64951151_64950324_64950414_64950942_64951151_528
2115,ENSG00000119682,AREL1,chr14,-,74669946,74670871,74669946,74670142,74670761,74670871,2115,"13,14,17","1,2,2","15,16,29","0,0,0",768,149,0.000774681373911,0.0039517159093872,"0.716,0.576,0.623","1.0,1.0,1.0",-0.362,619,16.333333333333332,20.0,AREL1_chr14_-_74669946_74670871_74669946_74670142_74670761_74670871_619
2139,ENSG00000100888,CHD8,chr14,-,21394911,21395892,21394911,21395119,21395816,21395892,2139,"24,13,26","0,3,0","14,30,33","2,6,13",846,149,0.00136879318119,0.0064364952653956,"1.0,0.433,1.0","0.552,0.468,0.309",0.368,697,22.0,32.66666666666667,CHD8_chr14_-_21394911_21395892_21394911_21395119_21395816_21395892_697
2224,ENSG00000129460,NGDN,chr14,+,23475170,23476152,23475170,23475308,23476028,23476152,2224,"18,33,31","0,0,0","57,55,53","3,9,4",869,149,3.88252821004e-08,5.613986463709762e-07,"1.0,1.0,1.0","0.765,0.512,0.694",0.343,720,27.333333333333332,60.333333333333336,NGDN_chr14_+_23475170_23476152_23475170_23475308_23476028_23476152_720
2276,ENSG00000173575,CHD2,chr15,+,92942842,92945865,92942842,92943068,92945820,92945865,2276,"13,21,9","0,1,0","36,20,16","7,4,3",2901,149,1.52167477543e-05,0.0001238254614335,"1.0,0.519,1.0","0.209,0.204,0.215",0.63,2752,14.666666666666668,28.666666666666668,CHD2_chr15_+_92942842_92945865_92942842_92943068_92945820_92945865_2752
2323,ENSG00000120699,EXOSC8,chr13,+,37002933,37004561,37002933,37003007,37003494,37004561,2323,"153,183,176","3,12,6","109,103,152","20,16,9",636,149,0.000670225486268,0.003485079827973,"0.923,0.781,0.873","0.561,0.601,0.798",0.206,487,177.66666666666666,136.33333333333331,EXOSC8_chr13_+_37002933_37004561_37002933_37003007_37003494_37004561_487
2336,ENSG00000134899,ERCC5,chr13,+,102853756,102854374,102853756,102853872,102854287,102854374,2336,"4,6,5","20,33,29","25,20,17","14,26,21",564,149,1.14072284618e-07,1.507398080918703e-06,"0.05,0.046,0.044","0.321,0.169,0.176",-0.175,415,32.33333333333333,41.0,ERCC5_chr13_+_102853756_102854374_102853756_102853872_102854287_102854374_415
2346,ENSG00000032742,IFT88,chr13,+,20601704,20601933,20601704,20601748,20601850,20601933,2346,"8,7,9","4,2,0","22,11,12","0,0,0",251,149,0.000538126581328,0.0028777907290222,"0.543,0.675,1.0","1.0,1.0,1.0",-0.261,102,10.0,15.0,IFT88_chr13_+_20601704_20601933_20601704_20601748_20601850_20601933_102
2355,ENSG00000134884,ARGLU1,chr13,-,106557047,106559657,106557047,106557131,106559431,106559657,2355,"2395,2913,2468","105,124,111","2252,2262,2267","178,204,182",2449,149,2.31805930007e-09,4.189780739717868e-08,"0.581,0.588,0.575","0.435,0.403,0.431",0.158,2300,2705.3333333333335,2448.3333333333335,ARGLU1_chr13_-_106557047_106559657_106557047_106557131_106559431_106559657_2300
2380,ENSG00000122966,CIT,chr12,-,119710539,119712347,119710539,119710620,119712177,119712347,2380,"56,42,42","22,22,25","50,54,70","12,9,11",1706,149,0.000102828262698,0.0006773241809227,"0.182,0.143,0.128","0.267,0.344,0.357",-0.172,1557,69.66666666666666,68.66666666666667,CIT_chr12_-_119710539_119712347_119710539_119710620_119712177_119712347_1557
2396,ENSG00000124067,SLC12A4,chr16,-,67950961,67951304,67950961,67951060,67951139,67951304,2396,"3,3,4","51,56,42","10,11,11","26,32,26",228,149,6.95386200067e-07,7.599722148697344e-06,"0.037,0.034,0.059","0.201,0.183,0.217",-0.157,79,53.0,38.666666666666664,SLC12A4_chr16_-_67950961_67951304_67950961_67951060_67951139_67951304_79
2430,ENSG00000146555,SDK1,chr7,+,4265123,4269000,4265123,4265248,4268677,4269000,2430,"203,191,170","2,2,5","120,58,120","0,0,1",3578,149,7.31673791182e-05,0.000502875250082,"0.809,0.799,0.586","1.0,1.0,0.833",-0.213,3429,191.0,99.66666666666666,SDK1_chr7_+_4265123_4269000_4265123_4265248_4268677_4269000_3429
2496,ENSG00000125459,MSTO1,chr1,+,155611215,155611603,155611215,155611355,155611548,155611603,2496,"42,33,36","41,38,31","78,41,94","23,20,40",342,149,1.38561205285e-05,0.0001147402756099,"0.309,0.274,0.336","0.596,0.472,0.506",-0.218,193,73.66666666666666,98.66666666666667,MSTO1_chr1_+_155611215_155611603_155611215_155611355_155611548_155611603_193
2528,ENSG00000137070,IL11RA,chr9,+,34656738,34657149,34656738,34656908,34657034,34657149,2528,"1,3,4","20,10,17","16,6,16","16,12,14",275,149,2.80197073174e-05,0.0002147606313145,"0.026,0.14,0.113","0.351,0.213,0.382",-0.222,126,18.333333333333332,26.666666666666664,IL11RA_chr9_+_34656738_34657149_34656738_34656908_34657034_34657149_126
2550,ENSG00000183621,ZNF438,chr10,-,30848530,30850367,30848530,30849443,30850221,30850367,2550,"19,19,32","0,2,0","24,12,24","3,3,1",927,149,0.000927759077549,0.0046474487035915,"1.0,0.604,1.0","0.563,0.391,0.794",0.285,778,24.0,22.333333333333332,ZNF438_chr10_-_30848530_30850367_30848530_30849443_30850221_30850367_778
2642,ENSG00000011243,AKAP8L,chr19,-,15397713,15399410,15397713,15398766,15399301,15399410,2642,"100,131,113","7,5,6","187,131,159","20,14,24",684,149,0.00152046607327,0.0070744953000724,"0.757,0.851,0.804","0.671,0.671,0.591",0.16,535,120.66666666666667,178.33333333333334,AKAP8L_chr19_-_15397713_15399410_15397713_15398766_15399301_15399410_535
2649,ENSG00000011243,AKAP8L,chr19,-,15397713,15400864,15397713,15399410,15400793,15400864,2649,"135,165,189","0,2,0","153,129,196","16,14,8",1532,149,5.11832798367e-11,1.2026471284129603e-09,"1.0,0.889,1.0","0.482,0.473,0.704",0.41,1383,163.66666666666666,172.0,AKAP8L_chr19_-_15397713_15400864_15397713_15399410_15400793_15400864_1383
2673,ENSG00000177595,PIDD1,chr11,-,800761,801120,800761,800912,800984,801120,2673,"43,29,36","19,19,26","95,54,94","17,4,23",221,149,6.58306517298e-06,5.795477473104175e-05,"0.604,0.507,0.483","0.79,0.901,0.734",-0.277,72,57.33333333333333,95.66666666666667,PIDD1_chr11_-_800761_801120_800761_800912_800984_801120_72
2676,ENSG00000177595,PIDD1,chr11,-,801444,802090,801444,801624,801964,802090,2676,"7,7,4","62,64,59","61,38,52","63,41,65",489,149,0.0,0.0,"0.033,0.032,0.02","0.228,0.22,0.196",-0.186,340,67.66666666666666,106.66666666666667,PIDD1_chr11_-_801444_802090_801444_801624_801964_802090_340
2678,ENSG00000177595,PIDD1,chr11,-,802681,803647,802681,802891,803173,803647,2678,"65,67,93","19,13,15","131,81,153","4,9,7",431,149,1.31960905039e-05,0.0001098797392013,"0.542,0.641,0.682","0.919,0.757,0.883",-0.231,282,90.66666666666667,128.33333333333334,PIDD1_chr11_-_802681_803647_802681_802891_803173_803647_282
2681,ENSG00000154134,ROBO3,chr11,+,124877518,124878131,124877518,124877752,124877936,124878131,2681,"23,29,24","6,4,4","31,20,39","1,1,2",333,149,0.00156153047044,0.0072342252663206,"0.632,0.764,0.729","0.933,0.899,0.897",-0.201,184,30.0,31.333333333333332,ROBO3_chr11_+_124877518_124878131_124877518_124877752_124877936_124878131_184
2682,ENSG00000154134,ROBO3,chr11,+,124878583,124879341,124878583,124878796,124879189,124879341,2682,"35,37,39","46,30,48","66,47,67","16,33,21",542,149,0.000116046155727,0.0007515512876066,"0.173,0.253,0.183","0.531,0.281,0.467",-0.223,393,78.33333333333334,83.33333333333333,ROBO3_chr11_+_124878583_124879341_124878583_124878796_124879189_124879341_393
2718,ENSG00000086189,DIMT1,chr5,-,62390875,62392990,62390875,62390982,62392925,62392990,2718,"26,28,25","0,0,0","32,32,46","9,1,5",2092,149,1.54940393848e-10,3.3768023807046723e-09,"1.0,1.0,1.0","0.202,0.695,0.396",0.569,1943,26.333333333333332,41.666666666666664,DIMT1_chr5_-_62390875_62392990_62390875_62390982_62392925_62392990_1943
2773,ENSG00000115661,STK16,chr2,+,219245895,219246876,219245895,219246085,219246656,219246876,2773,"44,33,39","108,81,95","127,101,120","68,66,60",720,149,0.0,0.0,"0.078,0.078,0.078","0.279,0.241,0.293",-0.193,571,133.33333333333334,180.66666666666669,STK16_chr2_+_219245895_219246876_219245895_219246085_219246656_219246876_571
2853,ENSG00000105875,WDR91,chr7,-,135204267,135206058,135204267,135204465,135205927,135206058,2853,"55,53,46","0,0,0","45,36,48","1,2,2",1611,149,0.00220969472946,0.0097791022194289,"1.0,1.0,1.0","0.806,0.625,0.689",0.293,1462,51.333333333333336,44.666666666666664,WDR91_chr7_-_135204267_135206058_135204267_135204465_135205927_135206058_1462
2887,ENSG00000158290,CUL4B,chrX,-,120538659,120540562,120538659,120538770,120540369,120540562,2887,"69,76,65","2,3,0","12,21,11","2,3,4",1748,149,7.21530131572e-05,0.0004968118186162,"0.746,0.683,1.0","0.338,0.374,0.19",0.509,1599,71.66666666666667,17.666666666666664,CUL4B_chrX_-_120538659_120540562_120538659_120538770_120540369_120540562_1599
2906,ENSG00000184205,TSPYL2,chrX,+,53084531,53084866,53084531,53084622,53084754,53084866,2906,"37,45,50","80,86,94","187,141,202","77,89,91",281,149,0.0,0.0,"0.197,0.217,0.22","0.563,0.457,0.541",-0.309,132,130.66666666666669,262.3333333333333,TSPYL2_chrX_+_53084531_53084866_53084531_53084622_53084754_53084866_132
2929,ENSG00000099949,LZTR1,chr22,+,20994103,20994727,20994103,20994269,20994557,20994727,2929,"82,82,91","59,51,62","151,92,112","44,26,29",437,149,1.51516745817e-07,1.95412420548546e-06,"0.322,0.354,0.334","0.539,0.547,0.568",-0.215,288,142.33333333333334,151.33333333333331,LZTR1_chr22_+_20994103_20994727_20994103_20994269_20994557_20994727_288
2932,ENSG00000099949,LZTR1,chr22,+,20996695,20996966,20996695,20996801,20996885,20996966,2932,"3,5,19","56,60,96","41,17,31","85,50,52",233,149,3.45527051415e-08,5.064362377367221e-07,"0.033,0.051,0.112","0.236,0.179,0.276",-0.165,84,79.66666666666667,92.0,LZTR1_chr22_+_20996695_20996966_20996695_20996801_20996885_20996966_84
3016,ENSG00000174720,LARP7,chr4,+,112647033,112647549,112647033,112647127,112647201,112647549,3016,"3,10,8","5,5,5","14,11,18","2,2,2",223,149,0.00104051595584,0.0051302553914498,"0.286,0.572,0.517","0.824,0.786,0.857",-0.364,74,12.0,16.333333333333336,LARP7_chr4_+_112647033_112647549_112647033_112647127_112647201_112647549_74
3039,ENSG00000160972,PPP1R16A,chr8,+,144500095,144500391,144500095,144500199,144500266,144500391,3039,"54,59,58","29,57,47","143,97,148","36,39,39",216,149,4.97962135571e-06,4.516498549286308e-05,"0.562,0.417,0.46","0.733,0.632,0.724",-0.217,67,101.33333333333334,167.33333333333334,PPP1R16A_chr8_+_144500095_144500391_144500095_144500199_144500266_144500391_67
3130,ENSG00000105821,DNAJC2,chr7,-,103322510,103322794,103322510,103322632,103322702,103322794,3130,"12,24,24","38,67,64","69,67,76","82,76,86",219,149,1.52693939282e-06,1.555698820408344e-05,"0.177,0.196,0.203","0.364,0.375,0.375",-0.179,70,76.33333333333334,152.0,DNAJC2_chr7_-_103322510_103322794_103322510_103322632_103322702_103322794_70
3173,ENSG00000203875,SNHG5,chr6,-,85677794,85678032,85677794,85677899,85677953,85678032,3173,"13,21,20","4,2,7","58,40,54","1,1,4",203,149,0.00037016953252,0.0020848724457062,"0.705,0.885,0.677","0.977,0.967,0.908",-0.195,54,22.333333333333332,52.666666666666664,SNHG5_chr6_-_85677794_85678032_85677794_85677899_85677953_85678032_54
3243,ENSG00000184661,CDCA2,chr8,+,25460239,25460554,25460239,25460300,25460383,25460554,3243,"4,6,2","28,24,17","13,33,15","27,26,21",232,149,1.14110453352e-05,9.60802350228094e-05,"0.084,0.138,0.07","0.236,0.449,0.314",-0.236,83,27.0,45.0,CDCA2_chr8_+_25460239_25460554_25460239_25460300_25460383_25460554_83
3292,ENSG00000211456,SACM1L,chr3,+,45732052,45737652,45732052,45732151,45737582,45737652,3292,"67,94,97","0,0,0","127,103,126","5,3,1",5580,149,4.72390737638e-09,8.072513537045734e-08,"1.0,1.0,1.0","0.404,0.478,0.771",0.449,5431,86.0,121.66666666666667,SACM1L_chr3_+_45732052_45737652_45732052_45732151_45737582_45737652_5431
3305,ENSG00000182481,KPNA2,chr17,+,68043837,68044503,68043837,68044071,68044324,68044503,3305,"58,57,42","0,0,0","69,62,72","13,17,24",402,149,3.33066907388e-16,1.5652062979064827e-14,"1.0,1.0,1.0","0.663,0.575,0.527",0.412,253,52.333333333333336,85.66666666666667,KPNA2_chr17_+_68043837_68044503_68043837_68044071_68044324_68044503_253
3307,ENSG00000105792,CFAP69,chr7,+,90299866,90304820,90299866,90300059,90304743,90304820,3307,"7,12,18","1,0,0","22,18,6","0,2,2",4833,149,0.000709938607468,0.0036712712445336,"0.178,1.0,1.0","1.0,0.217,0.085",0.292,4684,12.666666666666668,16.666666666666668,CFAP69_chr7_+_90299866_90304820_90299866_90300059_90304743_90304820_4684
3314,ENSG00000160789,LMNA,chr1,+,156137653,156138757,156137653,156137743,156138487,156138757,3314,"53,43,61","48,52,35","104,94,106","36,21,34",893,149,9.74599221326e-08,1.3039166450445186e-06,"0.156,0.121,0.225","0.325,0.428,0.342",-0.198,744,97.33333333333334,131.66666666666666,LMNA_chr1_+_156137653_156138757_156137653_156137743_156138487_156138757_744
3318,ENSG00000182504,CEP97,chr3,+,101757062,101758423,101757062,101757196,101757810,101758423,3318,"21,27,33","0,1,0","26,21,26","6,1,0",763,149,0.000254888173988,0.00150196252368,"1.0,0.841,1.0","0.458,0.804,1.0",0.193,614,27.333333333333332,26.666666666666664,CEP97_chr3_+_101757062_101758423_101757062_101757196_101757810_101758423_614
3327,ENSG00000235954,TTC28-AS1,chr22,+,27997410,27998838,27997410,27998152,27998603,27998838,3327,"13,4,15","1,0,0","14,6,8","1,2,2",600,149,0.000371944248659,0.0020917343348294,"0.764,1.0,1.0","0.777,0.427,0.498",0.354,451,11.0,11.0,TTC28-AS1_chr22_+_27997410_27998838_27997410_27998152_27998603_27998838_451
3365,ENSG00000075826,SEC31B,chr10,-,100488857,100489398,100488857,100488974,100489251,100489398,3365,"35,50,47","7,12,11","57,50,83","6,5,4",426,149,0.00128594353866,0.0061080287221633,"0.636,0.593,0.599","0.769,0.778,0.879",-0.199,277,54.0,68.33333333333334,SEC31B_chr10_-_100488857_100489398_100488857_100488974_100489251_100489398_277
3388,ENSG00000162736,NCSTN,chr1,+,160354117,160356347,160354117,160354290,160356259,160356347,3388,"48,48,47","0,0,0","110,74,119","7,6,4",2118,149,5.68932811973e-09,9.570035376342255e-08,"1.0,1.0,1.0","0.525,0.465,0.677",0.444,1969,47.666666666666664,106.66666666666667,NCSTN_chr1_+_160354117_160356347_160354117_160354290_160356259_160356347_1969
3393,ENSG00000162736,NCSTN,chr1,+,160355862,160357253,160355862,160356754,160357040,160357253,3393,"54,48,42","159,186,186","138,82,122","116,108,134",435,149,0.0,0.0,"0.104,0.081,0.072","0.29,0.206,0.238",-0.159,286,225.0,233.33333333333331,NCSTN_chr1_+_160355862_160357253_160355862_160356754_160357040_160357253_286
3411,ENSG00000250337,PURPL,chr5,+,27475534,27477801,27475534,27475695,27477638,27477801,3411,"131,187,154","20,22,12","281,328,281","10,6,15",2092,149,6.5970250409e-05,0.0004588624540474,"0.318,0.377,0.478","0.667,0.796,0.572",-0.287,1943,175.33333333333334,307.0,PURPL_chr5_+_27475534_27477801_27475534_27475695_27477638_27477801_1943
3532,ENSG00000163703,CRELD1,chr3,+,9933829,9934612,9933829,9933920,9934419,9934612,3532,"42,38,30","27,33,36","88,36,59","13,23,19",648,149,0.00217821933276,0.0096625552584203,"0.263,0.209,0.161","0.609,0.265,0.417",-0.219,499,68.66666666666666,79.33333333333333,CRELD1_chr3_+_9933829_9934612_9933829_9933920_9934419_9934612_499
3560,ENSG00000013441,CLK1,chr2,-,200859679,200861466,200859679,200859746,200861237,200861466,3560,"173,240,259","81,101,76","405,390,348","60,67,56",1640,149,6.74327260697e-11,1.555296525515565e-09,"0.163,0.178,0.236","0.38,0.346,0.361",-0.17,1491,310.0,442.0,CLK1_chr2_-_200859679_200861466_200859679_200859746_200861237_200861466_1491
3575,ENSG00000168291,PDHB,chr3,-,58429707,58430238,58429707,58429941,58430127,58430238,3575,"16,9,11","0,1,2","10,15,12","5,4,7",335,149,0.000392502556406,0.0021942206108674,"1.0,0.8,0.71","0.471,0.625,0.433",0.327,186,13.0,17.666666666666668,PDHB_chr3_-_58429707_58430238_58429707_58429941_58430127_58430238_186
3584,ENSG00000184470,TXNRD2,chr22,-,19875521,19877234,19875521,19875807,19877108,19877234,3584,"98,83,97","0,0,0","138,81,123","0,4,4",1450,149,4.2217051108e-05,0.0003130473444586,"1.0,1.0,1.0","1.0,0.675,0.76",0.188,1301,92.66666666666667,116.66666666666667,TXNRD2_chr22_-_19875521_19877234_19875521_19875807_19877108_19877234_1301
3592,ENSG00000240303,ACAD11,chr3,-,132578795,132579558,132578795,132579056,132579491,132579558,3592,"208,245,240","22,7,17","116,104,112","24,13,21",584,149,0.000242608069802,0.0014386199344173,"0.707,0.899,0.783","0.552,0.671,0.576",0.197,435,246.33333333333334,130.0,ACAD11_chr3_-_132578795_132579558_132578795_132579056_132579491_132579558_435
3608,ENSG00000163930,BAP1,chr3,-,52402778,52403298,52402778,52402940,52403137,52403298,3608,"15,25,18","23,24,23","61,65,73","20,27,28",346,149,5.00213316212e-07,5.647303190087129e-06,"0.219,0.31,0.252","0.568,0.509,0.529",-0.275,197,42.666666666666664,91.33333333333333,BAP1_chr3_-_52402778_52403298_52402778_52402940_52403137_52403298_197
3649,ENSG00000010295,IFFO1,chr12,-,6548064,6548545,6548064,6548160,6548424,6548545,3649,"53,47,51","49,44,39","80,70,102","39,33,37",413,149,0.000119934551632,0.000774066861563,"0.281,0.278,0.321","0.425,0.434,0.499",-0.159,264,94.33333333333334,120.33333333333334,IFFO1_chr12_-_6548064_6548545_6548064_6548160_6548424_6548545_264
3661,ENSG00000060971,ACAA1,chr3,-,38126161,38126700,38126161,38126341,38126509,38126700,3661,"36,33,24","74,48,53","70,51,97","66,58,45",317,149,0.000240756022486,0.0014321293885925,"0.186,0.244,0.175","0.333,0.292,0.503",-0.174,168,89.33333333333334,129.0,ACAA1_chr3_-_38126161_38126700_38126161_38126341_38126509_38126700_168
3666,ENSG00000114859,CLCN2,chr3,-,184354903,184355529,184354903,184354973,184355373,184355529,3666,"0,4,5","9,13,9","25,14,17","10,8,4",549,149,2.05023775179e-07,2.518911381651799e-06,"0.0,0.077,0.131","0.404,0.322,0.536",-0.351,400,13.333333333333334,26.0,CLCN2_chr3_-_184354903_184355529_184354903_184354973_184355373_184355529_400
3689,ENSG00000178149,DALRD3,chr3,-,49015972,49016340,49015972,49016086,49016157,49016340,3689,"13,23,26","45,45,50","46,33,25","24,37,35",220,149,0.00177948614128,0.00811890551959,"0.164,0.257,0.26","0.565,0.377,0.326",-0.196,71,67.33333333333333,66.66666666666666,DALRD3_chr3_-_49015972_49016340_49015972_49016086_49016157_49016340_71
3712,ENSG00000100034,PPM1F,chr22,-,21924875,21925662,21924875,21925028,21925568,21925662,3712,"7,11,22","1,0,0","33,28,30","5,1,3",689,149,0.000228210961717,0.0013645908154162,"0.602,1.0,1.0","0.588,0.858,0.684",0.157,540,13.666666666666668,33.33333333333333,PPM1F_chr22_-_21924875_21925662_21924875_21925028_21925568_21925662_540
3763,ENSG00000175110,MRPS22,chr3,+,139350178,139352792,139350178,139350322,139352646,139352792,3763,"52,80,62","0,0,2","82,111,104","5,4,5",2473,149,0.000159827774257,0.0010022894367292,"1.0,1.0,0.651","0.497,0.626,0.556",0.324,2324,65.33333333333334,103.66666666666667,MRPS22_chr3_+_139350178_139352792_139350178_139350322_139352646_139352792_2324
3772,ENSG00000100968,NFATC4,chr14,+,24373694,24374466,24373694,24373867,24374325,24374466,3772,"91,107,79","63,53,59","100,85,102","23,32,30",607,149,6.64991869168e-05,0.0004621140355151,"0.262,0.331,0.247","0.516,0.395,0.455",-0.175,458,150.66666666666666,124.0,NFATC4_chr14_+_24373694_24374466_24373694_24373867_24374325_24374466_458
3806,ENSG00000092098,RNF31,chr14,+,24150597,24151379,24150597,24150888,24151130,24151379,3806,"9,7,4","43,32,32","36,27,28","43,36,38",391,149,4.58317825913e-08,6.589085531624946e-07,"0.074,0.077,0.045","0.242,0.222,0.219",-0.162,242,42.33333333333333,69.33333333333333,RNF31_chr14_+_24150597_24151379_24150597_24150888_24151130_24151379_242
3819,ENSG00000112473,SLC39A7,chr6,+,33200825,33201656,33200825,33200938,33201241,33201656,3819,"839,867,835","323,351,340","956,1031,966","159,207,199",452,149,2.01838545877e-13,6.867077042756394e-12,"0.461,0.449,0.447","0.665,0.621,0.615",-0.181,303,1185.0,1172.6666666666667,SLC39A7_chr6_+_33200825_33201656_33200825_33200938_33201241_33201656_303
3850,ENSG00000131876,SNRPA1,chr15,-,101285725,101287010,101285725,101285801,101286907,101287010,3850,"537,617,551","31,24,24","459,356,464","90,69,100",1255,149,0.0,0.0,"0.673,0.753,0.732","0.377,0.38,0.355",0.349,1106,594.6666666666667,512.6666666666666,SNRPA1_chr15_-_101285725_101287010_101285725_101285801_101286907_101287010_1106
3864,ENSG00000038274,MAT2B,chr5,+,163512001,163513994,163512001,163512196,163513841,163513994,3864,"3,20,18","0,0,0","20,16,30","7,5,5",1794,149,1.9522161665e-12,5.5601186954217796e-11,"1.0,1.0,1.0","0.192,0.21,0.333",0.755,1645,13.666666666666666,27.666666666666668,MAT2B_chr5_+_163512001_163513994_163512001_163512196_163513841_163513994_1645
3890,ENSG00000132781,MUTYH,chr1,-,45332165,45332834,45332165,45332310,45332762,45332834,3890,"30,30,16","0,0,1","67,43,82","6,2,6",601,149,5.5039566237e-05,0.0003922677711241,"1.0,1.0,0.799","0.735,0.842,0.772",0.15,452,25.666666666666664,68.66666666666667,MUTYH_chr1_-_45332165_45332834_45332165_45332310_45332762_45332834_452
3893,ENSG00000132781,MUTYH,chr1,-,45332762,45333324,45332762,45332834,45333284,45333324,3893,"35,38,49","1,1,1","88,60,57","9,7,8",599,149,0.000101469382518,0.0006704290748267,"0.897,0.904,0.924","0.709,0.681,0.639",0.232,450,41.666666666666664,76.33333333333333,MUTYH_chr1_-_45332762_45333324_45332762_45332834_45333284_45333324_450
3924,ENSG00000145020,AMT,chr3,-,49418970,49420342,49418970,49419405,49419709,49420342,3924,"7,5,4","8,19,18","11,12,18","16,5,10",453,149,0.00119596129864,0.0057643801310731,"0.223,0.08,0.068","0.184,0.441,0.372",-0.209,304,20.333333333333332,24.0,AMT_chr3_-_49418970_49420342_49418970_49419405_49419709_49420342_304
3939,ENSG00000213672,NCKIPSD,chr3,-,48678876,48679183,48678876,48678969,48679054,48679183,3939,"12,22,13","90,67,62","46,28,45","54,54,61",234,149,5.31527946102e-08,7.526475756574271e-07,"0.078,0.173,0.118","0.352,0.248,0.32",-0.184,85,88.66666666666667,96.0,NCKIPSD_chr3_-_48678876_48679183_48678876_48678969_48679054_48679183_85
4041,ENSG00000110172,CHORDC1,chr11,-,90210535,90214175,90210535,90210594,90214017,90214175,4041,"12,30,32","0,0,0","57,79,45","6,9,5",3572,149,1.0997600608e-09,2.1257315930990232e-08,"1.0,1.0,1.0","0.284,0.268,0.273",0.725,3423,24.666666666666668,67.0,CHORDC1_chr11_-_90210535_90214175_90210535_90210594_90214017_90214175_3423
4073,ENSG00000103507,BCKDK,chr16,+,31111868,31112567,31111868,31112027,31112120,31112567,4073,"122,104,127","160,177,210","157,111,122","121,72,111",242,149,1.98958068354e-07,2.456429747050453e-06,"0.319,0.266,0.271","0.444,0.487,0.404",-0.16,93,300.0,231.33333333333331,BCKDK_chr16_+_31111868_31112567_31111868_31112027_31112120_31112567_93
4074,ENSG00000142687,KIAA0319L,chr1,-,35441046,35443028,35441046,35441138,35442905,35443028,4074,"21,28,12","0,0,0","29,27,20","4,2,2",1916,149,2.20445928178e-09,3.9940552625792345e-08,"1.0,1.0,1.0","0.361,0.512,0.437",0.563,1767,20.333333333333332,28.0,KIAA0319L_chr1_-_35441046_35443028_35441046_35441138_35442905_35443028_1767
4202,ENSG00000155363,MOV10,chr1,+,112698286,112699810,112698286,112698789,112699457,112699810,4202,"144,134,157","16,21,24","128,80,116","4,7,5",817,149,0.000479823278366,0.0026198216580269,"0.621,0.538,0.544","0.854,0.676,0.809",-0.212,668,165.33333333333334,113.33333333333333,MOV10_chr1_+_112698286_112699810_112698286_112698789_112699457_112699810_668
4225,ENSG00000154222,CC2D1B,chr1,-,52357780,52358461,52357780,52357898,52358330,52358461,4225,"15,10,13","29,15,21","28,31,32","16,20,23",581,149,0.000219958438389,0.0013209804299096,"0.117,0.146,0.137","0.31,0.284,0.263",-0.152,432,34.333333333333336,50.0,CC2D1B_chr1_-_52357780_52358461_52357780_52357898_52358330_52358461_432
4270,ENSG00000151092,NGLY1,chr3,-,25736308,25737455,25736308,25736400,25737333,25737455,4270,"27,24,28","1,3,2","23,11,26","7,6,8",1082,149,0.00101692888709,0.0050304528302827,"0.788,0.524,0.658","0.312,0.202,0.309",0.382,933,28.333333333333332,27.0,NGLY1_chr3_-_25736308_25737455_25736308_25736400_25737333_25737455_933
4291,ENSG00000145916,RMND5B,chr5,+,178142582,178142992,178142582,178142728,178142851,178142992,4291,"7,4,7","91,85,72","36,25,35","62,49,70",272,149,9.99200722163e-16,4.4720179940140455e-14,"0.04,0.025,0.051","0.241,0.218,0.215",-0.186,123,88.66666666666667,92.33333333333334,RMND5B_chr5_+_178142582_178142992_178142582_178142728_178142851_178142992_123
4294,ENSG00000167671,UBXN6,chr19,-,4446048,4446413,4446048,4446197,4446282,4446413,4294,"26,30,20","186,181,149","47,41,53","96,86,82",234,149,2.64566146768e-13,8.841212700215964e-12,"0.082,0.095,0.079","0.238,0.233,0.292",-0.169,85,197.33333333333334,135.0,UBXN6_chr19_-_4446048_4446413_4446048_4446197_4446282_4446413_85
4311,ENSG00000160688,FLAD1,chr1,+,154990158,154990528,154990158,154990257,154990338,154990528,4311,"31,22,36","87,59,56","73,86,89","75,89,81",230,149,6.42640077486e-06,5.671374111053092e-05,"0.188,0.195,0.294","0.387,0.385,0.416",-0.17,81,97.0,164.33333333333334,FLAD1_chr1_+_154990158_154990528_154990158_154990257_154990338_154990528_81
4324,ENSG00000158864,NDUFS2,chr1,+,161209482,161210710,161209482,161210188,161210590,161210710,4324,"48,45,61","0,0,0","86,64,62","6,5,3",551,149,5.43814494991e-07,6.075692701095586e-06,"1.0,1.0,1.0","0.795,0.776,0.848",0.194,402,51.333333333333336,75.33333333333334,NDUFS2_chr1_+_161209482_161210710_161209482_161210188_161210590_161210710_402
4392,ENSG00000197530,MIB2,chr1,+,1628272,1628722,1628272,1628399,1628488,1628722,4392,"6,5,11","26,32,48","27,13,15","26,25,26",238,149,5.10775962376e-05,0.000367866327692,"0.126,0.089,0.125","0.394,0.246,0.265",-0.188,89,42.66666666666667,44.0,MIB2_chr1_+_1628272_1628722_1628272_1628399_1628488_1628722_89
4398,ENSG00000065989,PDE4A,chr19,+,10461525,10461999,10461525,10461680,10461876,10461999,4398,"2,1,3","11,13,15","9,10,12","20,6,17",345,149,0.000200271154914,0.0012212804653676,"0.073,0.032,0.08","0.163,0.419,0.234",-0.21,196,15.0,24.666666666666668,PDE4A_chr19_+_10461525_10461999_10461525_10461680_10461876_10461999_196
4403,ENSG00000291113,,chr5,+,177882651,177884272,177882651,177882752,177883666,177884272,4403,"27,39,29","18,16,14","74,95,77","14,11,10",1063,149,2.07044317346e-06,2.051075391468477e-05,"0.174,0.255,0.225","0.426,0.548,0.519",-0.28,914,47.66666666666667,93.66666666666667,nan_chr5_+_177882651_177884272_177882651_177882752_177883666_177884272_914
4407,ENSG00000091483,FH,chr1,-,241500436,241504245,241500436,241500590,241504041,241504245,4407,"38,26,20","0,0,0","60,65,58","5,4,2",3600,149,1.4785950242e-11,3.76866304642705e-10,"1.0,1.0,1.0","0.332,0.402,0.546",0.573,3451,28.0,64.66666666666667,FH_chr1_-_241500436_241504245_241500436_241500590_241504041_241504245_3451
4408,ENSG00000182400,TRAPPC6B,chr14,-,39158284,39159550,39158284,39158402,39159449,39159550,4408,"9,15,17","2,3,1","20,12,17","15,15,11",1196,149,0.00123395043213,0.0059171385836642,"0.359,0.384,0.679","0.142,0.091,0.161",0.343,1047,15.666666666666666,30.0,TRAPPC6B_chr14_-_39158284_39159550_39158284_39158402_39159449_39159550_1047
4446,ENSG00000087085,ACHE,chr7,-,100892333,100894252,100892333,100892554,100893164,100894252,4446,"20,28,16","4,3,0","61,33,61","0,2,0",759,149,0.000311878847526,0.0017887239165125,"0.495,0.647,1.0","1.0,0.764,1.0",-0.207,610,23.666666666666664,52.33333333333333,ACHE_chr7_-_100892333_100894252_100892333_100892554_100893164_100894252_610
4452,ENSG00000175203,DCTN2,chr12,-,57532014,57532643,57532014,57532106,57532571,57532643,4452,"20,19,19","3,0,1","51,36,44","25,22,21",614,149,1.68819051671e-05,0.0001366362163093,"0.618,1.0,0.822","0.331,0.284,0.337",0.496,465,20.666666666666664,66.33333333333333,DCTN2_chr12_-_57532014_57532643_57532014_57532106_57532571_57532643_465
4474,ENSG00000138750,NUP54,chr4,-,76130655,76132719,76130655,76130749,76132522,76132719,4474,"57,67,50","6,2,0","31,30,30","20,10,17",1922,149,2.88559260408e-06,2.753397308385472e-05,"0.424,0.722,1.0","0.107,0.189,0.12",0.577,1773,60.666666666666664,46.0,NUP54_chr4_-_76130655_76132719_76130655_76130749_76132522_76132719_1773
4475,ENSG00000138750,NUP54,chr4,-,76130655,76132719,76130655,76130792,76132522,76132719,4475,"54,58,46","0,0,1","28,29,27","2,1,2",1879,149,0.000208641270692,0.0012651400922041,"1.0,1.0,0.785","0.526,0.697,0.517",0.348,1730,53.0,29.666666666666668,NUP54_chr4_-_76130655_76132719_76130655_76130792_76132522_76132719_1730
4500,ENSG00000111011,RSRC2,chr12,-,122518838,122521428,122518838,122519051,122521384,122521428,4500,"233,298,286","3,6,4","315,252,290","17,11,28",2482,149,8.35554995759e-06,7.221308061048185e-05,"0.823,0.749,0.811","0.527,0.579,0.383",0.298,2333,276.66666666666663,304.33333333333337,RSRC2_chr12_-_122518838_122521428_122518838_122519051_122521384_122521428_2333
4550,ENSG00000134574,DDB2,chr11,+,47234756,47235412,47234756,47234934,47235269,47235412,4550,"34,39,28","65,72,48","74,68,52","57,43,38",484,149,1.9232117443e-07,2.3862424266322937e-06,"0.139,0.143,0.152","0.286,0.327,0.296",-0.158,335,95.33333333333333,110.66666666666667,DDB2_chr11_+_47234756_47235412_47234756_47234934_47235269_47235412_335
4580,ENSG00000106462,EZH2,chr7,-,148813958,148815546,148813958,148814137,148815505,148815546,4580,"89,98,96","1,0,2","196,119,209","10,5,4",1517,149,0.000951701004082,0.0047417766048781,"0.897,1.0,0.825","0.658,0.7,0.837",0.176,1368,95.33333333333333,181.0,EZH2_chr7_-_148813958_148815546_148813958_148814137_148815505_148815546_1368
4619,ENSG00000167962,ZNF598,chr16,-,1999495,2000481,1999495,2000256,2000390,2000481,4619,"15,15,14","93,96,116","93,51,72","88,60,93",283,149,0.0,0.0,"0.078,0.076,0.06","0.357,0.309,0.29",-0.247,134,116.33333333333334,152.33333333333331,ZNF598_chr16_-_1999495_2000481_1999495_2000256_2000390_2000481_134
4620,ENSG00000167962,ZNF598,chr16,-,1999495,2000481,1999495,2000256,2000408,2000481,4620,"24,31,21","66,54,69","104,59,88","64,37,57",301,149,1.38777878078e-13,4.876032080693841e-12,"0.153,0.221,0.131","0.446,0.441,0.433",-0.272,152,88.33333333333333,136.33333333333334,ZNF598_chr16_-_1999495_2000481_1999495_2000256_2000408_2000481_152
4637,ENSG00000160298,C21orf58,chr21,-,46314870,46315547,46314870,46315049,46315473,46315547,4637,"38,41,39","27,43,32","63,41,35","15,17,19",573,149,0.00152232354302,0.0070787574025772,"0.268,0.199,0.241","0.522,0.385,0.324",-0.174,424,73.33333333333334,63.333333333333336,C21orf58_chr21_-_46314870_46315547_46314870_46315049_46315473_46315547_424
4669,ENSG00000173276,ZBTB21,chr21,-,41986830,41994108,41986830,41991889,41992492,41994108,4669,"174,132,141","5,6,1","130,132,114","13,12,14",752,149,1.88119554938e-05,0.0001501561500614,"0.873,0.813,0.965","0.665,0.685,0.617",0.228,603,153.0,138.33333333333331,ZBTB21_chr21_-_41986830_41994108_41986830_41991889_41992492_41994108_603
4677,ENSG00000137409,MTCH1,chr6,-,36977198,36978155,36977198,36977250,36978077,36978155,4677,"35,35,49","0,0,0","93,64,79","6,1,2",976,149,1.40229443907e-05,0.0001158665042567,"1.0,1.0,1.0","0.703,0.907,0.858",0.177,827,39.666666666666664,81.66666666666667,MTCH1_chr6_-_36977198_36978155_36977198_36977250_36978077_36978155_827
4681,ENSG00000158793,NIT1,chr1,+,161119133,161119612,161119133,161119388,161119492,161119612,4681,"18,12,23","4,1,3","87,53,76","1,0,2",253,149,0.00022531644723,0.0013499237981851,"0.726,0.876,0.819","0.981,1.0,0.957",-0.172,104,20.333333333333336,73.0,NIT1_chr1_+_161119133_161119612_161119133_161119388_161119492_161119612_104
4682,ENSG00000158793,NIT1,chr1,+,161119133,161119612,161119133,161119388,161119508,161119612,4682,"21,15,28","149,140,146","95,59,83","103,116,99",269,149,0.0,0.0,"0.072,0.056,0.096","0.338,0.22,0.317",-0.217,120,166.33333333333334,185.0,NIT1_chr1_+_161119133_161119612_161119133_161119388_161119508_161119612_120
4693,ENSG00000135506,OS9,chr12,+,57695961,57696373,57695961,57695976,57696274,57696373,4693,"94,87,102","4,3,1","85,90,68","12,15,18",447,149,2.36451601632e-08,3.577222520464805e-07,"0.887,0.906,0.971","0.702,0.667,0.557",0.279,298,97.0,96.0,OS9_chr12_+_57695961_57696373_57695961_57695976_57696274_57696373_298
4695,ENSG00000135506,OS9,chr12,+,57715759,57716193,57715759,57715970,57716088,57716193,4695,"6,3,5","56,48,49","28,26,31","36,41,47",267,149,1.80855330711e-13,6.2093663544109985e-12,"0.056,0.034,0.054","0.303,0.261,0.269",-0.23,118,55.666666666666664,69.66666666666667,OS9_chr12_+_57715759_57716193_57715759_57715970_57716088_57716193_118
4698,ENSG00000135506,OS9,chr12,+,57716091,57716512,57716091,57716193,57716381,57716512,4698,"10,18,16","2,3,2","48,46,36","2,0,0",337,149,0.000187738795691,0.0011551620333884,"0.689,0.726,0.78","0.914,1.0,1.0",-0.24,188,17.0,44.0,OS9_chr12_+_57716091_57716512_57716091_57716193_57716381_57716512_188
4723,ENSG00000215883,CYB5RL,chr1,-,54184160,54186286,54184160,54184265,54186180,54186286,4723,"30,35,46","0,0,0","38,30,46","1,0,7",2064,149,2.61703264354e-05,0.0002018201891977,"1.0,1.0,1.0","0.733,1.0,0.322",0.315,1915,37.0,40.666666666666664,CYB5RL_chr1_-_54184160_54186286_54184160_54184265_54186180_54186286_1915
4732,ENSG00000291006,,chr6,+,52666388,52669155,52666388,52666518,52666748,52669155,4732,"22,27,18","20,28,21","39,45,34","17,20,10",379,149,0.000189210629914,0.0011623159528785,"0.302,0.275,0.252","0.474,0.469,0.572",-0.229,230,45.33333333333333,55.0,nan_chr6_+_52666388_52669155_52666388_52666518_52666748_52669155_230
4858,ENSG00000179632,MAF1,chr8,+,144106342,144106674,144106342,144106464,144106554,144106674,4858,"95,67,63","464,415,459","178,186,177","313,373,320",239,149,0.0,0.0,"0.113,0.091,0.079","0.262,0.237,0.256",-0.157,90,521.0,515.6666666666666,MAF1_chr8_+_144106342_144106674_144106342_144106464_144106554_144106674_90
4892,ENSG00000122678,POLM,chr7,-,44073782,44074530,44073782,44074025,44074397,44074530,4892,"30,34,47","1,1,2","57,29,29","5,4,8",521,149,0.00132655532176,0.0062692454206872,"0.896,0.907,0.87","0.765,0.675,0.509",0.241,372,38.333333333333336,44.0,POLM_chr7_-_44073782_44074530_44073782_44074025_44074397_44074530_372
4929,ENSG00000170581,STAT2,chr12,-,56349425,56349636,56349425,56349509,56349588,56349636,4929,"5,5,3","41,38,29","15,9,17","27,12,21",228,149,1.2522636339e-07,1.6346823373774478e-06,"0.074,0.079,0.063","0.266,0.329,0.346",-0.242,79,40.333333333333336,33.666666666666664,STAT2_chr12_-_56349425_56349636_56349425_56349509_56349588_56349636_79
4969,ENSG00000227057,WDR46,chr6,-,33279107,33279610,33279107,33279374,33279496,33279610,4969,"15,22,26","153,136,158","130,72,108","158,148,183",271,149,0.0,0.0,"0.051,0.082,0.083","0.311,0.211,0.245",-0.184,122,170.0,266.3333333333333,WDR46_chr6_-_33279107_33279610_33279107_33279374_33279496_33279610_122
5059,ENSG00000198837,DENND4B,chr1,-,153930691,153931064,153930691,153930857,153930946,153931064,5059,"13,12,17","83,109,99","36,21,44","66,48,70",238,149,3.20146797961e-10,6.761752173788648e-09,"0.089,0.064,0.097","0.255,0.215,0.282",-0.167,89,111.0,95.0,DENND4B_chr1_-_153930691_153931064_153930691_153930857_153930946_153931064_89
5090,ENSG00000141504,SAT2,chr17,-,7627142,7627414,7627142,7627226,7627362,7627414,5090,"42,72,54","193,207,215","133,119,134","141,159,143",285,149,0.0,0.0,"0.102,0.154,0.116","0.33,0.281,0.329",-0.189,136,261.0,276.3333333333333,SAT2_chr17_-_7627142_7627414_7627142_7627226_7627362_7627414_136
5092,ENSG00000141504,SAT2,chr17,-,7627362,7627805,7627362,7627414,7627569,7627805,5092,"48,76,54","70,79,75","114,88,119","41,43,37",304,149,6.02728977839e-12,1.6127826278901926e-10,"0.252,0.32,0.261","0.577,0.501,0.612",-0.286,155,134.0,147.33333333333334,SAT2_chr17_-_7627362_7627805_7627362_7627414_7627569_7627805_155
5125,ENSG00000166105,GLB1L3,chr11,+,134309703,134312489,134309703,134311170,134312348,134312489,5125,"11,9,19","4,3,0","12,8,12","0,0,1",1327,149,8.41345901796e-05,0.0005688920715471,"0.236,0.252,1.0","1.0,1.0,0.574",-0.362,1178,15.333333333333334,11.0,GLB1L3_chr11_+_134309703_134312489_134309703_134311170_134312348_134312489_1178
5176,ENSG00000116337,AMPD2,chr1,+,109628082,109628495,109628082,109628277,109628363,109628495,5176,"22,26,16","137,98,116","83,34,31","78,74,61",235,149,2.84841823461e-08,4.249455695641386e-07,"0.092,0.144,0.08","0.403,0.226,0.244",-0.186,86,138.33333333333334,120.33333333333334,AMPD2_chr1_+_109628082_109628495_109628082_109628277_109628363_109628495_86
5180,ENSG00000116337,AMPD2,chr1,+,109628082,109629235,109628082,109628495,109629108,109629235,5180,"67,45,63","6,2,3","90,58,89","21,14,19",762,149,4.73186691242e-05,0.0003450912445633,"0.686,0.815,0.804","0.456,0.448,0.478",0.308,613,62.0,97.0,AMPD2_chr1_+_109628082_109629235_109628082_109628495_109629108_109629235_613
5237,ENSG00000173846,PLK3,chr1,+,44802954,44803391,44802954,44803153,44803267,44803391,5237,"2,4,2","6,13,11","17,8,30","22,14,19",263,149,0.00105157918047,0.0051712386252151,"0.159,0.148,0.093","0.304,0.245,0.472",-0.207,114,12.666666666666666,36.666666666666664,PLK3_chr1_+_44802954_44803391_44802954_44803153_44803267_44803391_114
5275,ENSG00000162298,SYVN1,chr11,-,65130001,65130379,65130001,65130172,65130250,65130379,5275,"5,6,13","14,25,19","33,13,17","19,18,12",227,149,0.00151853005966,0.007069862240609,"0.19,0.136,0.31","0.533,0.322,0.482",-0.234,78,27.333333333333332,37.33333333333333,SYVN1_chr11_-_65130001_65130379_65130001_65130172_65130250_65130379_78
5276,ENSG00000162298,SYVN1,chr11,-,65130001,65130379,65130001,65130175,65130250,65130379,5276,"2,6,6","25,28,24","31,10,16","25,12,12",224,149,1.88467401685e-08,2.9038655599785144e-07,"0.051,0.125,0.143","0.452,0.357,0.47",-0.32,75,30.333333333333336,35.33333333333333,SYVN1_chr11_-_65130001_65130379_65130001_65130175_65130250_65130379_75
5284,ENSG00000129968,ABHD17A,chr19,-,1877507,1880115,1877507,1877687,1879920,1880115,5284,"432,513,491","224,175,199","1243,998,1314","150,156,172",2382,149,0.0,0.0,"0.108,0.155,0.134","0.341,0.286,0.323",-0.184,2233,678.0,1344.3333333333333,ABHD17A_chr19_-_1877507_1880115_1877507_1877687_1879920_1880115_2233
5288,ENSG00000117308,GALE,chr1,-,23796508,23796782,23796508,23796586,23796696,23796782,5288,"12,22,26","63,62,68","48,44,38","56,53,53",259,149,2.24008806438e-06,2.1845943133687703e-05,"0.099,0.17,0.18","0.33,0.323,0.292",-0.165,110,84.33333333333333,97.33333333333334,GALE_chr1_-_23796508_23796782_23796508_23796586_23796696_23796782_110
5348,ENSG00000232956,SNHG15,chr7,-,44983821,44986097,44983821,44984426,44986020,44986097,5348,"462,511,516","331,278,274","3201,2850,2971","568,677,537",1743,149,0.0,0.0,"0.107,0.136,0.139","0.325,0.265,0.321",-0.176,1594,790.6666666666666,3601.3333333333335,SNHG15_chr7_-_44983821_44986097_44983821_44984426_44986020_44986097_1594
5394,ENSG00000183258,DDX41,chr5,-,177512495,177512876,177512495,177512645,177512779,177512876,5394,"24,20,24","372,483,764","130,124,150","302,317,303",283,149,0.0,0.0,"0.033,0.021,0.016","0.185,0.171,0.207",-0.164,134,562.3333333333333,442.0,DDX41_chr5_-_177512495_177512876_177512495_177512645_177512779_177512876_134
5402,ENSG00000164076,CAMKV,chr3,-,49860942,49861300,49860942,49861018,49861179,49861300,5402,"20,16,25","34,29,33","61,29,37","22,23,34",310,149,0.00130499863889,0.0061712482803861,"0.22,0.21,0.267","0.571,0.377,0.343",-0.198,161,52.33333333333333,68.66666666666667,CAMKV_chr3_-_49860942_49861300_49860942_49861018_49861179_49861300_161
5406,ENSG00000164076,CAMKV,chr3,-,49861438,49861865,49861438,49861577,49861790,49861865,5406,"21,18,29","26,27,21","30,33,39","16,15,9",362,149,0.000898357405247,0.0045152067714252,"0.25,0.215,0.362","0.436,0.475,0.641",-0.242,213,47.333333333333336,47.333333333333336,CAMKV_chr3_-_49861438_49861865_49861438_49861577_49861790_49861865_213
5418,ENSG00000003756,RBM5,chr3,+,50117073,50117379,50117073,50117171,50117249,50117379,5418,"53,68,67","290,253,287","180,114,168","247,258,251",227,149,9.18931597482e-13,2.763778672586863e-11,"0.107,0.15,0.133","0.324,0.225,0.305",-0.155,78,339.33333333333337,406.0,RBM5_chr3_+_50117073_50117379_50117073_50117171_50117249_50117379_78
5424,ENSG00000178821,TMEM52,chr1,-,1918252,1918934,1918252,1918431,1918892,1918934,5424,"53,44,64","6,5,4","56,34,48","2,0,1",610,149,0.000386139203899,0.0021650862595947,"0.683,0.682,0.796","0.872,1.0,0.921",-0.211,461,58.666666666666664,47.0,TMEM52_chr1_-_1918252_1918934_1918252_1918431_1918892_1918934_461
5428,ENSG00000169228,RAB24,chr5,-,177301924,177302496,177301924,177301987,177302127,177302496,5428,"21,29,21","218,190,194","85,73,90","161,158,165",289,149,0.0,0.0,"0.047,0.073,0.053","0.214,0.192,0.219",-0.151,140,224.33333333333331,244.0,RAB24_chr5_-_177301924_177302496_177301924_177301987_177302127_177302496_140
5433,ENSG00000246695,RASSF8-AS1,chr12,-,25952757,25955241,25952757,25953076,25955137,25955241,5433,"12,12,20","3,0,2","31,11,19","0,0,1",2210,149,4.87211481682e-05,0.0003532635613082,"0.212,1.0,0.403","1.0,1.0,0.562",-0.316,2061,16.333333333333332,20.666666666666664,RASSF8-AS1_chr12_-_25952757_25955241_25952757_25953076_25955137_25955241_2061
5482,ENSG00000166526,ZNF3,chr7,-,100075134,100075630,100075134,100075261,100075541,100075630,5482,"15,15,8","41,34,25","63,45,65","53,34,50",429,149,5.26123704603e-08,7.478117457296705e-07,"0.113,0.133,0.1","0.292,0.315,0.311",-0.191,280,46.0,103.33333333333333,ZNF3_chr7_-_100075134_100075630_100075134_100075261_100075541_100075630_280
5508,ENSG00000159658,EFCAB14,chr1,-,46686783,46689691,46686783,46686870,46689586,46689691,5508,"35,53,50","13,20,17","81,66,70","14,4,11",2865,149,0.00135783432636,0.0064049914052075,"0.123,0.121,0.133","0.231,0.462,0.249",-0.188,2716,62.66666666666667,82.0,EFCAB14_chr1_-_46686783_46689691_46686783_46686870_46689586_46689691_2716
5511,ENSG00000214941,ZSWIM7,chr17,-,15976559,15978163,15976559,15977092,15978043,15978163,5511,"115,120,130","8,9,4","96,126,125","25,28,24",1100,149,9.88999465101e-07,1.0385875667729637e-05,"0.661,0.644,0.815","0.342,0.379,0.414",0.328,951,128.66666666666669,141.33333333333334,ZSWIM7_chr17_-_15976559_15978163_15976559_15977092_15978043_15978163_951
5535,ENSG00000008128,CDK11A,chr1,-,1704038,1704344,1704038,1704146,1704222,1704344,5535,"7,5,2","37,32,38","24,14,18","44,35,36",225,149,8.30256000128e-06,7.200340097995885e-05,"0.111,0.094,0.034","0.265,0.209,0.249",-0.161,76,40.33333333333333,57.0,CDK11A_chr1_-_1704038_1704344_1704038_1704146_1704222_1704344_76
5536,ENSG00000008128,CDK11A,chr1,-,1704222,1704655,1704222,1704344,1704549,1704655,5536,"9,30,19","15,13,10","63,41,55","13,10,14",354,149,0.00202262306831,0.0090710376618402,"0.202,0.493,0.444","0.671,0.633,0.623",-0.263,205,32.0,65.33333333333333,CDK11A_chr1_-_1704222_1704655_1704222_1704344_1704549_1704655_205
5613,ENSG00000114626,ABTB1,chr3,+,127676535,127677286,127676535,127676581,127676966,127677286,5613,"8,3,2","22,22,25","3,6,15","6,11,7",534,149,0.000509455707127,0.0027538443291789,"0.092,0.037,0.022","0.122,0.132,0.374",-0.159,385,27.333333333333332,16.0,ABTB1_chr3_+_127676535_127677286_127676535_127676581_127676966_127677286_385
5672,ENSG00000175634,RPS6KB2,chr11,+,67429526,67432657,67429526,67429595,67432599,67432657,5672,"85,160,114","2,4,1","254,142,214","1,0,0",3153,149,4.64880381496e-05,0.0003396924770134,"0.668,0.654,0.843","0.923,1.0,1.0",-0.253,3004,122.0,203.66666666666669,RPS6KB2_chr11_+_67429526_67432657_67429526_67429595_67432599_67432657_3004
5688,ENSG00000179335,CLK3,chr15,+,74620008,74622216,74620008,74620225,74622119,74622216,5688,"286,325,316","196,180,216","633,608,571","122,129,110",2043,149,0.0,0.0,"0.096,0.116,0.096","0.275,0.256,0.275",-0.166,1894,506.33333333333337,724.3333333333334,CLK3_chr15_+_74620008_74622216_74620008_74620225_74622119_74622216_1894
5693,ENSG00000163472,TMEM79,chr1,+,156285183,156286473,156285183,156285983,156286259,156286473,5693,"7,11,12","11,18,12","58,36,38","21,13,15",425,149,5.98745107649e-06,5.3340811189725486e-05,"0.182,0.176,0.26","0.492,0.493,0.47",-0.279,276,23.666666666666664,60.33333333333333,TMEM79_chr1_+_156285183_156286473_156285183_156285983_156286259_156286473_276
5729,ENSG00000121940,CLCC1,chr1,-,108962308,108963453,108962308,108962464,108963360,108963453,5729,"14,18,8","1,7,2","21,18,40","1,0,0",1045,149,3.90986405918e-07,4.550815458355173e-06,"0.666,0.268,0.363","0.75,1.0,1.0",-0.484,896,16.666666666666668,26.666666666666664,CLCC1_chr1_-_108962308_108963453_108962308_108962464_108963360_108963453_896
5762,ENSG00000144591,GMPPA,chr2,+,219505457,219505761,219505457,219505555,219505694,219505761,5762,"34,49,32","14,19,13","50,35,46","7,7,4",288,149,0.000387735398848,0.0021723975410734,"0.557,0.572,0.56","0.787,0.721,0.856",-0.225,139,53.66666666666667,49.666666666666664,GMPPA_chr2_+_219505457_219505761_219505457_219505555_219505694_219505761_139
5798,ENSG00000177954,RPS27,chr1,+,153990762,153991034,153990762,153990802,153990913,153991034,5798,"46,50,37","46,59,53","42,66,33","30,28,19",260,149,0.000319198953959,0.0018279184575915,"0.364,0.327,0.286","0.445,0.575,0.499",-0.181,111,97.0,72.66666666666667,RPS27_chr1_+_153990762_153991034_153990762_153990802_153990913_153991034_111
5843,ENSG00000076706,MCAM,chr11,-,119310755,119311185,119310755,119310903,119311089,119311185,5843,"15,14,9","43,49,43","29,19,35","34,24,29",335,149,6.84394557915e-07,7.501403325018784e-06,"0.134,0.113,0.085","0.275,0.26,0.349",-0.184,186,57.666666666666664,56.66666666666667,MCAM_chr11_-_119310755_119311185_119310755_119310903_119311089_119311185_186
5844,ENSG00000076706,MCAM,chr11,-,119310755,119311421,119310755,119311185,119311279,119311421,5844,"12,3,4","67,65,59","21,12,22","40,37,27",243,149,2.25800717013e-08,3.430357237802463e-07,"0.099,0.028,0.04","0.244,0.166,0.333",-0.192,94,70.0,53.0,MCAM_chr11_-_119310755_119311421_119310755_119311185_119311279_119311421_94
5917,ENSG00000099622,CIRBP,chr19,+,1271980,1274810,1271980,1274440,1274648,1274810,5917,"168,165,194","118,132,137","287,207,268","68,72,64",357,149,1.00031094519e-12,2.972860868333443e-11,"0.373,0.343,0.371","0.638,0.545,0.636",-0.244,208,304.66666666666663,322.0,CIRBP_chr19_+_1271980_1274810_1271980_1274440_1274648_1274810_208
6058,ENSG00000116809,ZBTB17,chr1,-,15943598,15943895,15943598,15943715,15943807,15943895,6058,"10,7,9","44,43,27","34,28,36","39,33,41",241,149,7.95452023139e-08,1.083515174272127e-06,"0.123,0.091,0.171","0.35,0.344,0.352",-0.22,92,46.666666666666664,70.33333333333333,ZBTB17_chr1_-_15943598_15943895_15943598_15943715_15943807_15943895_92
6077,ENSG00000169242,EFNA1,chr1,+,155133502,155133780,155133502,155133568,155133729,155133780,6077,"2,7,2","25,15,14","16,17,25","21,31,20",310,149,8.58934073867e-05,0.000579222000126,"0.037,0.183,0.064","0.268,0.209,0.375",-0.189,161,21.666666666666668,43.33333333333333,EFNA1_chr1_+_155133502_155133780_155133502_155133568_155133729_155133780_161
6080,ENSG00000135749,PCNX2,chr1,-,232984135,232986540,232984135,232984477,232986091,232986540,6080,"45,57,47","8,17,18","117,104,96","13,9,8",1763,149,5.87514145106e-05,0.0004151803437078,"0.322,0.221,0.181","0.432,0.494,0.504",-0.235,1614,64.0,115.66666666666667,PCNX2_chr1_-_232984135_232986540_232984135_232984477_232986091_232986540_1614
6103,ENSG00000013573,DDX11,chr12,+,31089402,31090094,31089402,31089490,31089885,31090094,6103,"100,124,123","73,62,66","190,159,156","50,51,51",544,149,1.85571467259e-05,0.0001485955124941,"0.273,0.354,0.338","0.51,0.461,0.456",-0.154,395,182.66666666666669,219.0,DDX11_chr12_+_31089402_31090094_31089402_31089490_31089885_31090094_395
6104,ENSG00000013573,DDX11,chr12,+,31089402,31090094,31089402,31089490,31089890,31090094,6104,"105,131,126","34,41,49","196,164,166","27,34,27",549,149,5.97457352103e-05,0.0004201470418743,"0.456,0.464,0.411","0.663,0.567,0.625",-0.175,400,162.0,204.66666666666669,DDX11_chr12_+_31089402_31090094_31089402_31089490_31089890_31090094_400
6140,ENSG00000112531,QKI,chr6,+,163563419,163570145,163563419,163563719,163564666,163570145,6140,"63,44,54","0,1,0","47,41,47","2,1,6",1096,149,1.55237961721e-05,0.0001259152356181,"1.0,0.857,1.0","0.762,0.848,0.516",0.244,947,54.0,48.0,QKI_chr6_+_163563419_163570145_163563419_163563719_163564666_163570145_947
6151,ENSG00000198677,SKIC3,chr5,-,95506933,95509687,95506933,95506992,95509593,95509687,6151,"69,76,70","2,5,8","37,48,28","7,8,14",2750,149,0.00129319601963,0.0061347261019545,"0.651,0.452,0.322","0.223,0.245,0.098",0.286,2601,76.66666666666667,47.33333333333333,SKIC3_chr5_-_95506933_95509687_95506933_95506992_95509593_95509687_2601
6168,ENSG00000198755,RPL10A,chr6,+,35468946,35469529,35468946,35469285,35469380,35469529,6168,"402,446,463","293,319,279","1088,726,1056","274,203,235",244,149,0.0,0.0,"0.456,0.461,0.503","0.708,0.686,0.733",-0.236,95,734.0,1194.0,RPL10A_chr6_+_35468946_35469529_35468946_35469285_35469380_35469529_95
6195,ENSG00000149499,EML3,chr11,-,62603943,62604201,62603943,62604041,62604112,62604201,6195,"30,32,28","116,128,137","51,31,34","61,48,75",220,149,8.45115429193e-07,9.090733779831426e-06,"0.149,0.145,0.122","0.362,0.304,0.235",-0.162,71,157.0,100.0,EML3_chr11_-_62603943_62604201_62603943_62604041_62604112_62604201_71
6205,ENSG00000204713,TRIM27,chr6,-,28903001,28908840,28903001,28904665,28908807,28908840,6205,"193,268,200","0,1,0","255,195,236","1,3,2",4291,149,0.00144419221345,0.0067572378674116,"1.0,0.903,1.0","0.899,0.693,0.804",0.169,4142,220.66666666666669,230.66666666666666,TRIM27_chr6_-_28903001_28908840_28903001_28904665_28908807_28908840_4142
6229,ENSG00000135974,C2orf49,chr2,+,105342847,105343223,105342847,105342974,105343100,105343223,6229,"133,83,95","42,49,42","152,182,150","22,26,12",275,149,2.64929278515e-09,4.720386836858495e-08,"0.632,0.479,0.551","0.789,0.791,0.871",-0.263,126,148.0,181.33333333333334,C2orf49_chr2_+_105342847_105343223_105342847_105342974_105343100_105343223_126
6273,ENSG00000133706,LARS1,chr5,-,146140203,146143084,146140203,146140261,146142855,146143084,6273,"149,174,129","0,0,0","183,130,199","1,2,3",2743,149,0.00122991732309,0.0059082381631555,"1.0,1.0,1.0","0.909,0.779,0.783",0.176,2594,150.66666666666666,172.66666666666666,LARS1_chr5_-_146140203_146143084_146140203_146140261_146142855_146143084_2594
6312,ENSG00000197858,GPAA1,chr8,+,144084721,144085743,144084721,144085479,144085572,144085743,6312,"23,26,22","175,166,160","127,94,100","164,197,185",242,149,0.0,0.0,"0.075,0.088,0.078","0.323,0.227,0.25",-0.186,93,190.66666666666666,289.0,GPAA1_chr8_+_144084721_144085743_144084721_144085479_144085572_144085743_93
6354,ENSG00000237765,FAM200B,chr4,+,15686235,15687148,15686235,15686462,15686931,15687148,6354,"76,77,59","2,9,8","91,89,100","0,0,2",618,149,2.71569358223e-07,3.261869016739196e-06,"0.902,0.673,0.64","1.0,1.0,0.923",-0.236,469,77.0,94.0,FAM200B_chr4_+_15686235_15687148_15686235_15686462_15686931_15687148_469
6416,ENSG00000115282,TTC31,chr2,+,74492138,74492445,74492138,74492229,74492303,74492445,6416,"13,22,7","41,38,30","27,22,30","26,27,19",223,149,0.000174871157991,0.00108845714978,"0.175,0.279,0.135","0.41,0.353,0.513",-0.229,74,50.333333333333336,50.33333333333333,TTC31_chr2_+_74492138_74492445_74492138_74492229_74492303_74492445_74
6437,ENSG00000176978,DPP7,chr9,-,137114242,137114576,137114242,137114382,137114462,137114576,6437,"2,0,5","19,16,16","9,13,10","24,4,8",229,149,7.0319779264e-05,0.0004859691362922,"0.064,0.0,0.169","0.196,0.679,0.449",-0.364,80,19.333333333333332,22.666666666666664,DPP7_chr9_-_137114242_137114576_137114242_137114382_137114462_137114576_80
6440,ENSG00000160695,VPS11,chr11,+,119078172,119078997,119078172,119078334,119078794,119078997,6440,"9,15,15","0,0,0","68,47,59","4,4,5",609,149,5.29118112946e-06,4.781777753895402e-05,"1.0,1.0,1.0","0.806,0.742,0.743",0.236,460,13.0,62.333333333333336,VPS11_chr11_+_119078172_119078997_119078172_119078334_119078794_119078997_460
6457,ENSG00000164548,TRA2A,chr7,-,23521706,23522432,23521706,23521840,23522120,23522432,6457,"214,304,259","30,36,23","238,210,263","72,70,81",429,149,8.91202667219e-11,2.0057665498648022e-09,"0.712,0.746,0.796","0.534,0.51,0.53",0.227,280,288.6666666666667,311.3333333333333,TRA2A_chr7_-_23521706_23522432_23521706_23521840_23522120_23522432_280
6495,ENSG00000163516,ANKZF1,chr2,+,219233078,219233433,219233078,219233191,219233285,219233433,6495,"24,26,18","65,82,77","48,47,55","42,44,65",243,149,5.11345743526e-10,1.0447849580358678e-08,"0.185,0.163,0.125","0.412,0.396,0.342",-0.226,94,97.33333333333334,100.33333333333334,ANKZF1_chr2_+_219233078_219233433_219233078_219233191_219233285_219233433_94
6496,ENSG00000163516,ANKZF1,chr2,+,219234132,219235312,219234132,219234288,219234825,219235312,6496,"146,161,206","136,95,85","255,163,247","67,59,63",686,149,1.173036993e-05,9.843822712463168e-05,"0.189,0.269,0.345","0.453,0.375,0.46",-0.162,537,276.3333333333333,284.66666666666663,ANKZF1_chr2_+_219234132_219235312_219234132_219234288_219234825_219235312_537
6504,ENSG00000137497,NUMA1,chr11,-,72007188,72008845,72007188,72007435,72008687,72008845,6504,"300,311,313","95,113,84","517,424,538","50,46,81",1401,149,1.40455425068e-11,3.6416701416768687e-10,"0.251,0.226,0.284","0.524,0.495,0.414",-0.224,1252,405.3333333333333,552.0,NUMA1_chr11_-_72007188_72008845_72007188_72007435_72008687_72008845_1252
6516,ENSG00000039650,PNKP,chr19,-,49864178,49864403,49864178,49864236,49864323,49864403,6516,"17,25,20","128,128,112","63,25,45","90,77,76",236,149,2.464735116e-08,3.7064686674408e-07,"0.077,0.11,0.101","0.306,0.17,0.272",-0.153,87,143.33333333333334,125.33333333333334,PNKP_chr19_-_49864178_49864403_49864178_49864236_49864323_49864403_87
6549,ENSG00000123983,ACSL3,chr2,+,222927016,222928936,222927016,222927242,222928861,222928936,6549,"21,21,19","2,0,0","21,15,20","4,2,2",1768,149,0.000627080105514,0.0032743161898331,"0.469,1.0,1.0","0.307,0.387,0.457",0.439,1619,21.0,21.333333333333336,ACSL3_chr2_+_222927016_222928936_222927016_222927242_222928861_222928936_1619
6575,ENSG00000079785,DDX1,chr2,+,15627053,15628710,15627053,15627145,15628637,15628710,6575,"34,46,51","0,0,0","44,54,39","3,0,3",1641,149,0.000131598636038,0.000842119271804,"1.0,1.0,1.0","0.571,1.0,0.541",0.296,1492,43.666666666666664,47.666666666666664,DDX1_chr2_+_15627053_15628710_15627053_15627145_15628637_15628710_1492
6580,ENSG00000079785,DDX1,chr2,+,15628444,15629697,15628444,15628517,15629601,15629697,6580,"19,32,27","0,0,0","39,39,32","7,5,1",1233,149,2.62220323233e-09,4.683217601873936e-08,"1.0,1.0,1.0","0.402,0.485,0.795",0.439,1084,26.0,41.0,DDX1_chr2_+_15628444_15629697_15628444_15628517_15629601_15629697_1084
6592,ENSG00000180228,PRKRA,chr2,-,178444421,178445883,178444421,178444500,178445425,178445883,6592,"29,25,32","3,4,6","32,25,26","15,8,18",1074,149,0.00128154951227,0.0060910055516802,"0.573,0.464,0.425","0.228,0.302,0.167",0.255,925,33.0,41.333333333333336,PRKRA_chr2_-_178444421_178445883_178444421_178444500_178445425_178445883_925
6612,ENSG00000125503,PPP1R12C,chr19,-,55093015,55093233,55093015,55093076,55093152,55093233,6612,"9,23,28","69,56,51","63,35,60","49,59,60",225,149,0.000110953628038,0.00072230331534,"0.08,0.214,0.267","0.46,0.282,0.398",-0.193,76,78.66666666666666,108.66666666666666,PPP1R12C_chr19_-_55093015_55093233_55093015_55093076_55093152_55093233_76
6665,ENSG00000115307,AUP1,chr2,-,74526940,74527363,74526940,74527121,74527247,74527363,6665,"25,24,21","54,76,48","90,72,106","86,95,103",275,149,8.69994027042e-07,9.30509970032546e-06,"0.201,0.146,0.192","0.362,0.291,0.358",-0.157,126,82.66666666666667,184.0,AUP1_chr2_-_74526940_74527363_74526940_74527121_74527247_74527363_126
6677,ENSG00000054148,PHPT1,chr9,+,136850012,136850560,136850012,136850137,136850505,136850560,6677,"90,100,102","13,18,11","171,153,191","5,8,11",517,149,3.68436515916e-05,0.0002761988198576,"0.666,0.616,0.728","0.908,0.846,0.833",-0.192,368,111.33333333333333,179.66666666666666,PHPT1_chr9_+_136850012_136850560_136850012_136850137_136850505_136850560_368
6788,ENSG00000107521,HPS1,chr10,-,98423602,98423887,98423602,98423668,98423752,98423887,6788,"2,3,4","43,34,43","20,9,13","46,23,29",233,149,1.89127492445e-07,2.3526004082866164e-06,"0.029,0.053,0.056","0.218,0.2,0.223",-0.168,84,43.0,46.666666666666664,HPS1_chr10_-_98423602_98423887_98423602_98423668_98423752_98423887_84
6820,ENSG00000068912,ERLEC1,chr2,+,53812948,53814935,53812948,53813073,53814859,53814935,6820,"17,30,22","0,0,0","10,14,11","5,3,3",1935,149,5.3290705182e-15,2.189578209089934e-13,"1.0,1.0,1.0","0.133,0.264,0.22",0.794,1786,23.0,15.333333333333332,ERLEC1_chr2_+_53812948_53814935_53812948_53813073_53814859_53814935_1786
6822,ENSG00000068912,ERLEC1,chr2,+,53814542,53814935,53814542,53814603,53814859,53814935,6822,"23,33,26","3,2,7","14,20,10","2,0,0",405,149,0.00090846504335,0.0045568703542019,"0.738,0.859,0.577","0.72,1.0,1.0",-0.182,256,31.333333333333332,15.333333333333332,ERLEC1_chr2_+_53814542_53814935_53814542_53814603_53814859_53814935_256
6832,ENSG00000115486,GGCX,chr2,-,85551811,85552567,85551811,85551981,85552415,85552567,6832,"14,17,16","24,34,32","42,28,35","18,14,22",583,149,1.42656376823e-07,1.8430125383713688e-06,"0.13,0.113,0.113","0.374,0.338,0.289",-0.215,434,45.666666666666664,53.0,GGCX_chr2_-_85551811_85552567_85551811_85551981_85552415_85552567_434
6846,ENSG00000178719,GRINA,chr8,+,143991691,143992373,143991691,143991804,143991877,143992373,6846,"21,23,24","432,420,431","127,76,132","400,215,393",222,149,0.0,0.0,"0.032,0.035,0.036","0.176,0.192,0.184",-0.15,73,450.33333333333337,447.6666666666667,GRINA_chr8_+_143991691_143992373_143991691_143991804_143991877_143992373_73
6865,ENSG00000267796,LIN37,chr19,+,35753086,35754157,35753086,35753253,35754016,35754157,6865,"69,55,79","44,37,48","176,131,170","54,37,36",912,149,4.54211136036e-07,5.214066460846845e-06,"0.204,0.195,0.212","0.347,0.366,0.436",-0.179,763,110.66666666666667,201.33333333333334,LIN37_chr19_+_35753086_35754157_35753086_35753253_35754016_35754157_763
6866,ENSG00000267796,LIN37,chr19,+,35754245,35754519,35754245,35754319,35754392,35754519,6866,"3,2,3","12,23,19","17,12,22","30,21,27",222,149,1.8600228419e-05,0.0001487820398749,"0.144,0.055,0.096","0.276,0.277,0.354",-0.204,73,20.666666666666668,43.0,LIN37_chr19_+_35754245_35754519_35754245_35754319_35754392_35754519_73
6880,ENSG00000144635,DYNC1LI1,chr3,-,32530283,32533097,32530283,32530328,32532985,32533097,6880,"28,21,34","0,0,0","19,15,28","2,0,4",2806,149,3.7289132816e-06,3.4872759905908456e-05,"1.0,1.0,1.0","0.335,1.0,0.271",0.465,2657,27.666666666666668,22.666666666666668,DYNC1LI1_chr3_-_32530283_32533097_32530283_32530328_32532985_32533097_2657
6923,ENSG00000293434,AHSA2P,chr2,+,61185501,61186497,61185501,61185618,61186445,61186497,6923,"269,327,334","20,33,27","257,193,226","64,49,62",976,149,6.2938543266e-12,1.6781379674363618e-10,"0.672,0.602,0.654","0.38,0.376,0.358",0.271,827,336.6666666666667,283.6666666666667,AHSA2P_chr2_+_61185501_61186497_61185501_61185618_61186445_61186497_827
6960,ENSG00000064703,DDX20,chr1,+,111761225,111762782,111761225,111761284,111762676,111762782,6960,"35,42,56","0,0,0","64,80,62","4,4,4",1541,149,7.53976258094e-08,1.0309780936063837e-06,"1.0,1.0,1.0","0.607,0.659,0.6",0.378,1392,44.333333333333336,72.66666666666667,DDX20_chr1_+_111761225_111762782_111761225_111761284_111762676_111762782_1392
6971,ENSG00000084623,EIF3I,chr1,+,32228726,32231019,32228726,32228816,32230926,32231019,6971,"105,125,96","2,2,0","215,191,220","13,15,16",2259,149,1.4149357848e-05,0.0001167228688483,"0.776,0.805,1.0","0.522,0.456,0.476",0.376,2110,110.0,223.33333333333331,EIF3I_chr1_+_32228726_32231019_32228726_32228816_32230926_32231019_2110
6997,ENSG00000128708,HAT1,chr2,+,171965786,171966949,171965786,171965908,171966842,171966949,6997,"14,5,11","0,0,0","10,11,10","3,1,1",1083,149,3.57653876568e-05,0.0002699999495898,"1.0,1.0,1.0","0.314,0.602,0.579",0.502,934,10.0,12.0,HAT1_chr2_+_171965786_171966949_171965786_171965908_171966842_171966949_934
7055,ENSG00000158286,RNF207,chr1,+,6212681,6213183,6212681,6212733,6213065,6213183,7055,"13,13,16","0,0,1","17,9,20","3,2,2",481,149,0.000105885243202,0.0006941160798917,"1.0,1.0,0.832","0.637,0.582,0.756",0.286,332,14.333333333333334,17.666666666666668,RNF207_chr1_+_6212681_6213183_6212681_6212733_6213065_6213183_332
7107,ENSG00000204344,STK19,chr6,+,31979413,31980548,31979413,31979553,31980450,31980548,7107,"72,51,69","56,52,69","182,145,173","48,49,39",1046,149,1.44884104714e-13,5.066900387649145e-12,"0.155,0.123,0.125","0.351,0.297,0.387",-0.211,897,123.0,212.0,STK19_chr6_+_31979413_31980548_31979413_31979553_31980450_31980548_897
7147,ENSG00000114388,NPRL2,chr3,-,50347758,50348563,50347758,50347901,50348526,50348563,7147,"73,82,59","1,0,0","146,132,192","12,12,16",774,149,1.23419352516e-09,2.3257897533027672e-08,"0.934,1.0,1.0","0.701,0.679,0.698",0.285,625,71.66666666666666,170.0,NPRL2_chr3_-_50347758_50348563_50347758_50347901_50348526_50348563_625
7148,ENSG00000114388,NPRL2,chr3,-,50348526,50348782,50348526,50348563,50348684,50348782,7148,"23,22,19","92,87,106","73,70,81","105,112,94",270,149,2.07067696323e-11,5.15543711474383e-10,"0.121,0.122,0.09","0.277,0.256,0.322",-0.174,121,116.33333333333333,178.33333333333334,NPRL2_chr3_-_50348526_50348782_50348526_50348563_50348684_50348782_121
7149,ENSG00000114388,NPRL2,chr3,-,50348522,50348782,50348522,50348563,50348710,50348782,7149,"36,36,31","11,11,10","103,83,98","15,7,6",296,149,0.000128037793308,0.0008214301773744,"0.622,0.622,0.609","0.776,0.856,0.892",-0.224,147,45.0,104.0,NPRL2_chr3_-_50348522_50348782_50348522_50348563_50348710_50348782_147
7152,ENSG00000114388,NPRL2,chr3,-,50349385,50349828,50349385,50349494,50349664,50349828,7152,"36,41,40","73,72,69","73,77,81","58,63,73",319,149,3.44830902033e-06,3.232897197488936e-05,"0.187,0.21,0.213","0.37,0.363,0.341",-0.155,170,110.33333333333333,141.66666666666669,NPRL2_chr3_-_50349385_50349828_50349385_50349494_50349664_50349828_170
7155,ENSG00000114388,NPRL2,chr3,-,50349664,50350022,50349664,50349828,50349930,50350022,7155,"12,6,9","16,15,15","42,31,42","16,12,7",251,149,1.93450165109e-07,2.39629619679501e-06,"0.308,0.192,0.263","0.609,0.605,0.781",-0.411,102,24.333333333333336,50.0,NPRL2_chr3_-_50349664_50350022_50349664_50349828_50349930_50350022_102
7156,ENSG00000114388,NPRL2,chr3,-,50349664,50350022,50349664,50349833,50349930,50350022,7156,"9,5,7","50,51,45","35,27,40","42,57,44",246,149,1.21029675171e-09,2.29803567578472e-08,"0.098,0.056,0.086","0.335,0.223,0.355",-0.224,97,55.666666666666664,81.66666666666666,NPRL2_chr3_-_50349664_50350022_50349664_50349833_50349930_50350022_97
7206,ENSG00000100316,RPL3,chr22,-,39313190,39314208,39313190,39313310,39314106,39314208,7206,"517,521,625","27,31,32","1113,1085,1078","146,144,160",945,149,1.46189726991e-11,3.741446419502193e-10,"0.751,0.726,0.755","0.546,0.543,0.515",0.209,796,584.3333333333334,1242.0,RPL3_chr22_-_39313190_39314208_39313190_39313310_39314106_39314208_796
7227,ENSG00000132424,PNISR,chr6,-,99403828,99404702,99403828,99403882,99404602,99404702,7227,"407,578,594","60,42,55","458,424,440","95,88,78",869,149,9.7691275456e-05,0.0006506117804726,"0.538,0.702,0.649","0.453,0.452,0.492",0.164,720,578.6666666666667,527.6666666666667,PNISR_chr6_-_99403828_99404702_99403828_99403882_99404602_99404702_720
7233,ENSG00000204348,DXO,chr6,-,31970342,31970825,31970342,31970478,31970605,31970825,7233,"35,20,39","75,80,67","56,33,40","43,37,45",276,149,2.12174005186e-05,0.0001670509261773,"0.201,0.119,0.239","0.413,0.325,0.324",-0.168,127,105.33333333333333,84.66666666666666,DXO_chr6_-_31970342_31970825_31970342_31970478_31970605_31970825_127
7271,ENSG00000237441,RGL2,chr6,-,33293412,33293699,33293412,33293524,33293603,33293699,7271,"14,16,11","39,50,28","30,16,18","23,30,17",228,149,0.00117282022835,0.0056783227926359,"0.19,0.173,0.204","0.46,0.258,0.409",-0.187,79,52.666666666666664,44.666666666666664,RGL2_chr6_-_33293412_33293699_33293412_33293524_33293603_33293699_79
7272,ENSG00000237441,RGL2,chr6,-,33293794,33294066,33293794,33293916,33294033,33294066,7272,"13,12,6","49,46,53","25,20,16","37,24,37",266,149,4.33298449019e-05,0.0003200364477577,"0.129,0.127,0.06","0.275,0.318,0.195",-0.157,117,59.66666666666667,53.0,RGL2_chr6_-_33293794_33294066_33293794_33293916_33294033_33294066_117
7276,ENSG00000112511,PHF1,chr6,+,33414724,33415144,33414724,33414829,33414954,33415144,7276,"12,21,12","29,21,26","42,19,39","7,8,11",274,149,2.63900370445e-08,3.95272287923497e-07,"0.184,0.352,0.201","0.765,0.564,0.658",-0.417,125,40.33333333333333,42.0,PHF1_chr6_+_33414724_33415144_33414724_33414829_33414954_33415144_125
7277,ENSG00000112511,PHF1,chr6,+,33414724,33415144,33414724,33414829,33414965,33415144,7277,"18,24,14","13,19,17","46,24,45","10,13,10",285,149,0.00098568294812,0.0048887533554843,"0.42,0.398,0.301","0.706,0.491,0.702",-0.26,136,35.0,49.333333333333336,PHF1_chr6_+_33414724_33415144_33414724_33414829_33414965_33415144_136
7311,ENSG00000196576,PLXNB2,chr22,-,50281359,50281742,50281359,50281499,50281565,50281742,7311,"4,13,8","95,102,107","28,20,18","49,50,65",215,149,7.2771544346e-10,1.4591179785001976e-08,"0.028,0.081,0.049","0.284,0.217,0.161",-0.168,66,109.66666666666666,76.66666666666666,PLXNB2_chr22_-_50281359_50281742_50281359_50281499_50281565_50281742_66
7350,ENSG00000204351,SKIC2,chr6,+,31961040,31961675,31961040,31961094,31961546,31961675,7350,"22,15,24","0,1,0","35,30,27","3,4,3",601,149,3.44455759915e-05,0.0002613484216751,"1.0,0.788,1.0","0.743,0.65,0.691",0.235,452,20.666666666666664,34.0,SKIC2_chr6_+_31961040_31961675_31961040_31961094_31961546_31961675_452
7404,ENSG00000148218,ALAD,chr9,-,113390592,113390933,113390592,113390676,113390797,113390933,7404,"20,23,11","27,22,20","40,39,52","13,22,17",270,149,2.24356241425e-05,0.0001751749303504,"0.29,0.366,0.233","0.629,0.495,0.628",-0.288,121,41.0,61.0,ALAD_chr9_-_113390592_113390933_113390592_113390676_113390797_113390933_121
7407,ENSG00000099330,OCEL1,chr19,+,17226692,17227199,17226692,17226869,17226993,17227199,7407,"47,26,30","27,27,31","44,16,22","5,2,3",273,149,6.29850060996e-09,1.0500759664365687e-07,"0.487,0.345,0.346","0.828,0.814,0.8",-0.421,124,62.66666666666667,30.666666666666664,OCEL1_chr19_+_17226692_17227199_17226692_17226869_17226993_17227199_124
7426,ENSG00000109065,NAT9,chr17,-,74771959,74772277,74771959,74772054,74772217,74772277,7426,"95,123,117","66,68,87","159,133,153","43,57,39",312,149,1.52745302973e-05,0.0001240272065933,"0.407,0.463,0.391","0.638,0.527,0.652",-0.185,163,185.33333333333334,194.66666666666669,NAT9_chr17_-_74771959_74772277_74771959_74772054_74772217_74772277_163
7453,ENSG00000127824,TUBA4A,chr2,-,219251193,219251713,219251193,219251323,219251564,219251713,7453,"3,1,5","9,16,16","12,15,17","17,15,19",390,149,0.000119052433563,0.0007690337181788,"0.113,0.023,0.107","0.212,0.276,0.255",-0.167,241,16.666666666666664,31.666666666666664,TUBA4A_chr2_-_219251193_219251713_219251193_219251323_219251564_219251713_241
7472,ENSG00000204256,BRD2,chr6,+,32976030,32976464,32976030,32976169,32976249,32976464,7472,"154,143,150","1377,1560,1460","620,436,553","861,725,937",229,149,0.0,0.0,"0.068,0.056,0.063","0.319,0.281,0.277",-0.23,80,1614.6666666666667,1377.3333333333335,BRD2_chr6_+_32976030_32976464_32976030_32976169_32976249_32976464_80
7490,ENSG00000156345,CDK20,chr9,-,87969193,87970897,87969193,87969349,87970775,87970897,7490,"131,155,163","14,13,13","244,206,280","9,8,7",1575,149,0.000190122359174,0.0011656743046143,"0.47,0.53,0.543","0.719,0.709,0.791",-0.225,1426,163.0,251.33333333333334,CDK20_chr9_-_87969193_87970897_87969193_87969349_87970775_87970897_1426
7551,ENSG00000242802,AP5Z1,chr7,+,4789831,4790591,4789831,4789929,4790458,4790591,7551,"17,24,7","9,9,6","67,30,59","9,4,9",678,149,0.000217798000465,0.0013111474503573,"0.293,0.369,0.204","0.621,0.622,0.59",-0.322,529,24.0,59.333333333333336,AP5Z1_chr7_+_4789831_4790591_4789831_4789929_4790458_4790591_529
7569,ENSG00000221829,FANCG,chr9,-,35074926,35075325,35074926,35075082,35075278,35075325,7569,"61,70,54","101,132,108","156,125,151","96,110,91",345,149,3.72560871043e-11,9.036403836684891e-10,"0.207,0.186,0.178","0.412,0.329,0.417",-0.196,196,175.33333333333334,243.0,FANCG_chr9_-_35074926_35075325_35074926_35075082_35075278_35075325_196
7570,ENSG00000221829,FANCG,chr9,-,35075464,35076028,35075464,35075729,35075961,35076028,7570,"33,41,36","13,9,8","71,54,60","6,8,2",381,149,0.00124720852257,0.0059654967437683,"0.498,0.64,0.638","0.822,0.725,0.921",-0.231,232,46.666666666666664,67.0,FANCG_chr9_-_35075464_35076028_35075464_35075729_35075961_35076028_232
7571,ENSG00000221829,FANCG,chr9,-,35075464,35076028,35075464,35075754,35075961,35076028,7571,"20,26,26","53,55,51","59,43,48","33,27,17",356,149,1.44610212693e-10,3.170041368042761e-09,"0.136,0.165,0.176","0.428,0.4,0.542",-0.298,207,77.0,75.66666666666667,FANCG_chr9_-_35075464_35076028_35075464_35075754_35075961_35076028_207
7576,ENSG00000221829,FANCG,chr9,-,35075464,35076583,35075464,35076028,35076449,35076583,7576,"50,103,65","10,15,8","114,120,121","9,3,5",570,149,0.000295544796909,0.0017080717355563,"0.567,0.642,0.68","0.768,0.913,0.863",-0.218,421,83.66666666666667,124.0,FANCG_chr9_-_35075464_35076583_35075464_35076028_35076449_35076583_421
7577,ENSG00000221829,FANCG,chr9,-,35076723,35077101,35076723,35076870,35076970,35077101,7577,"8,3,13","110,108,96","33,35,31","84,79,79",249,149,2.6045832157700003e-13,8.782000537836155e-12,"0.042,0.016,0.075","0.19,0.21,0.19",-0.152,100,112.66666666666667,113.66666666666667,FANCG_chr9_-_35076723_35077101_35076723_35076870_35076970_35077101_100
7602,ENSG00000184163,C1QTNF12,chr1,-,1243953,1244275,1243953,1244105,1244190,1244275,7602,"7,15,13","2,8,4","14,3,18","0,0,3",234,149,0.000470857494209,0.0025777965806797,"0.69,0.544,0.674","1.0,1.0,0.793",-0.295,85,16.333333333333332,12.666666666666666,C1QTNF12_chr1_-_1243953_1244275_1243953_1244105_1244190_1244275_85
7603,ENSG00000197363,ZNF517,chr8,+,144802869,144804238,144802869,144802947,144804124,144804238,7603,"12,7,11","2,0,0","10,14,31","1,8,9",1326,149,0.00104371072659,0.0051426349627983,"0.403,1.0,1.0","0.529,0.164,0.279",0.477,1177,10.666666666666666,24.333333333333332,ZNF517_chr8_+_144802869_144804238_144802869_144802947_144804124_144804238_1177
7619,ENSG00000001631,KRIT1,chr7,-,92242033,92245908,92242033,92242137,92245464,92245908,7619,"59,68,65","0,3,2","87,76,66","0,0,2",3476,149,0.00221445002403,0.0097886241802948,"1.0,0.493,0.582","1.0,1.0,0.586",-0.17,3327,65.66666666666667,77.0,KRIT1_chr7_-_92242033_92245908_92242033_92242137_92245464_92245908_3327
7634,ENSG00000272333,KMT2B,chr19,+,35732214,35733686,35732214,35733508,35733596,35733686,7634,"6,4,7","43,39,41","32,9,27","32,11,47",237,149,4.9674968583e-09,8.43128868567894e-08,"0.081,0.061,0.097","0.386,0.34,0.265",-0.251,88,46.666666666666664,52.66666666666667,KMT2B_chr19_+_35732214_35733686_35732214_35733508_35733596_35733686_88
7677,ENSG00000168090,COPS6,chr7,+,100090591,100091152,100090591,100090654,100091037,100091152,7677,"30,33,49","4,3,4","82,57,61","26,22,27",532,149,1.43571964968e-05,0.000117985242738,"0.677,0.755,0.774","0.469,0.421,0.388",0.309,383,41.0,91.66666666666667,COPS6_chr7_+_100090591_100091152_100090591_100090654_100091037_100091152_383
7778,ENSG00000103145,HCFC1R1,chr16,-,3023232,3023530,3023232,3023361,3023473,3023530,7778,"5,30,12","38,30,29","40,13,31","23,8,22",261,149,8.86488188696e-05,0.0005961989884441,"0.07,0.363,0.191","0.498,0.481,0.446",-0.267,112,48.0,45.66666666666667,HCFC1R1_chr16_-_3023232_3023530_3023232_3023361_3023473_3023530_112
7790,ENSG00000181513,ACBD4,chr17,+,45136499,45136776,45136499,45136620,45136691,45136776,7790,"6,12,9","40,52,58","14,8,13","15,29,16",220,149,0.000678647923031,0.0035215691740994,"0.092,0.135,0.095","0.387,0.157,0.355",-0.192,71,59.0,31.666666666666664,ACBD4_chr17_+_45136499_45136776_45136499_45136620_45136691_45136776_71
7808,ENSG00000196305,IARS1,chr9,-,92285721,92287910,92285721,92285839,92287790,92287910,7808,"47,85,66","4,8,5","48,73,56","11,23,14",2100,149,0.000100993146501,0.0006683248917134,"0.455,0.43,0.484","0.236,0.184,0.221",0.243,1951,71.66666666666667,75.0,IARS1_chr9_-_92285721_92287910_92285721_92285839_92287790_92287910_1951
7846,ENSG00000188878,FBF1,chr17,-,75920006,75920429,75920006,75920107,75920273,75920429,7846,"14,6,22","19,25,24","39,16,42","15,14,13",315,149,0.000249331613868,0.001473839940781,"0.258,0.102,0.302","0.552,0.351,0.604",-0.282,166,36.66666666666667,46.333333333333336,FBF1_chr17_-_75920006_75920429_75920006_75920107_75920273_75920429_166
7885,ENSG00000164896,FASTK,chr7,-,151076625,151077027,151076625,151076832,151076912,151077027,7885,"34,35,39","149,108,140","114,54,119","111,109,128",229,149,1.77056004302e-08,2.7505869759230125e-07,"0.129,0.174,0.153","0.401,0.244,0.377",-0.189,80,168.33333333333334,211.66666666666669,FASTK_chr7_-_151076625_151077027_151076625_151076832_151076912_151077027_80
7886,ENSG00000164896,FASTK,chr7,-,151076912,151077236,151076912,151077027,151077100,151077236,7886,"71,59,69","153,123,129","151,133,164","114,109,137",222,149,9.9683594712e-12,2.61157124961508e-10,"0.237,0.244,0.264","0.471,0.45,0.446",-0.207,73,201.33333333333331,269.33333333333337,FASTK_chr7_-_151076912_151077236_151076912_151077027_151077100_151077236_73
7887,ENSG00000164896,FASTK,chr7,-,151077100,151077401,151077100,151077236,151077309,151077401,7887,"104,141,116","140,138,144","267,241,279","104,95,144",222,149,2.10942374679e-15,9.11537767362874e-14,"0.333,0.407,0.351","0.633,0.63,0.565",-0.246,73,261.0,376.66666666666663,FASTK_chr7_-_151077100_151077401_151077100_151077236_151077309_151077401_73
7890,ENSG00000164896,FASTK,chr7,-,151077309,151077780,151077309,151077401,151077620,151077780,7890,"102,126,104","101,102,97","288,225,325","109,90,129",368,149,1.34688926678e-10,2.978605999093771e-09,"0.29,0.333,0.303","0.517,0.503,0.505",-0.2,219,210.66666666666669,388.66666666666663,FASTK_chr7_-_151077309_151077780_151077309_151077401_151077620_151077780_219
7921,ENSG00000136247,ZDHHC4,chr7,+,6577433,6577720,6577433,6577498,6577589,6577720,7921,"23,31,48","47,30,56","63,58,66","24,35,40",240,149,0.000100883982574,0.0006683230528404,"0.233,0.391,0.347","0.62,0.507,0.506",-0.221,91,78.33333333333334,95.33333333333334,ZDHHC4_chr7_+_6577433_6577720_6577433_6577498_6577589_6577720_91
7945,ENSG00000106628,POLD2,chr7,-,44115294,44116510,44115294,44115893,44116429,44116510,7945,"114,153,138","2,1,2","158,116,162","14,17,9",685,149,9.36035136068e-08,1.2545540442237598e-06,"0.925,0.971,0.938","0.711,0.597,0.797",0.243,536,136.66666666666666,158.66666666666669,POLD2_chr7_-_44115294_44116510_44115294_44115893_44116429_44116510_536
7973,ENSG00000267673,FDX2,chr19,-,10315385,10315759,10315385,10315492,10315704,10315759,7973,"8,4,7","67,76,85","78,70,67","116,123,105",361,149,0.0,0.0,"0.047,0.021,0.033","0.217,0.19,0.208",-0.171,212,82.33333333333333,186.33333333333334,FDX2_chr19_-_10315385_10315759_10315385_10315492_10315704_10315759_212
8016,ENSG00000288558,DUS4L-BCAP29,chr7,+,107563970,107564676,107563970,107564247,107564587,107564676,8016,"38,31,25","2,1,1","30,48,24","4,7,9",489,149,0.000577704047062,0.0030525345958251,"0.853,0.904,0.884","0.696,0.676,0.448",0.274,340,32.666666666666664,40.666666666666664,DUS4L-BCAP29_chr7_+_107563970_107564676_107563970_107564247_107564587_107564676_340
8064,ENSG00000077454,LRCH4,chr7,-,100576693,100577005,100576693,100576777,100576901,100577005,8064,"20,27,28","44,33,37","62,24,78","34,19,36",273,149,1.89030849216e-05,0.0001507235371426,"0.199,0.309,0.292","0.499,0.408,0.542",-0.216,124,63.0,84.33333333333333,LRCH4_chr7_-_100576693_100577005_100576693_100576777_100576901_100577005_124
8065,ENSG00000077454,LRCH4,chr7,-,100577085,100577389,100577085,100577154,100577272,100577389,8065,"14,16,20","39,46,41","60,28,41","37,14,46",267,149,2.10182913185e-06,2.0712520632215136e-05,"0.167,0.163,0.214","0.475,0.527,0.332",-0.263,118,58.66666666666667,75.33333333333334,LRCH4_chr7_-_100577085_100577389_100577085_100577154_100577272_100577389_118
8133,ENSG00000231721,LINC-PINT,chr7,-,130944159,130945835,130944159,130944447,130945719,130945835,8133,"69,54,60","8,10,15","59,63,72","2,4,2",1421,149,0.000156622330543,0.0009846515914321,"0.475,0.362,0.295","0.756,0.623,0.791",-0.346,1272,72.0,67.33333333333334,LINC-PINT_chr7_-_130944159_130945835_130944159_130944447_130945719_130945835_1272
8153,ENSG00000198198,SZT2,chr1,+,43447848,43448484,43447848,43447971,43448078,43448484,8153,"0,0,0","24,24,11","6,6,3","25,8,22",256,149,1.63724479063e-06,1.6568564711637913e-05,"0.0,0.0,0.0","0.123,0.304,0.074",-0.167,107,19.666666666666668,23.333333333333332,SZT2_chr1_+_43447848_43448484_43447848_43447971_43448078_43448484_107
8157,ENSG00000107897,ACBD5,chr10,-,27240318,27240797,27240318,27240484,27240673,27240797,8157,"17,7,13","37,28,36","30,13,23","18,27,10",338,149,0.000904110291932,0.0045380542623743,"0.168,0.099,0.137","0.424,0.175,0.503",-0.233,189,46.0,40.33333333333333,ACBD5_chr10_-_27240318_27240797_27240318_27240484_27240673_27240797_189
8163,ENSG00000196998,WDR45,chrX,-,49076644,49077911,49076644,49076750,49077836,49077911,8163,"111,97,131","23,24,26","234,199,258","24,21,23",1235,149,6.40521497679e-05,0.0004471755934121,"0.368,0.328,0.378","0.541,0.533,0.575",-0.192,1086,137.33333333333334,253.0,WDR45_chrX_-_49076644_49077911_49076644_49076750_49077836_49077911_1086
8198,ENSG00000109736,MFSD10,chr4,-,2932599,2933209,2932599,2932758,2933105,2933209,8198,"74,69,75","182,151,185","166,95,145","100,119,116",496,149,9.17519393795e-11,2.047130065858933e-09,"0.109,0.121,0.109","0.333,0.193,0.273",-0.153,347,245.33333333333331,247.0,MFSD10_chr4_-_2932599_2933209_2932599_2932758_2933105_2933209_347
8200,ENSG00000172613,RAD9A,chr11,+,67395911,67396175,67395911,67396021,67396110,67396175,8200,"5,4,11","65,65,37","35,26,35","34,41,37",238,149,8.805178808300001e-13,2.65888110279549e-11,"0.046,0.037,0.157","0.392,0.284,0.372",-0.269,89,62.33333333333333,69.33333333333334,RAD9A_chr11_+_67395911_67396175_67395911_67396021_67396110_67396175_89
8204,ENSG00000188917,TRMT2B,chrX,-,101051250,101051733,101051250,101051366,101051643,101051733,8204,"15,16,9","2,3,1","15,10,18","0,1,0",426,149,0.0003674272258,0.0020709784938457,"0.724,0.651,0.759","1.0,0.778,1.0",-0.215,277,15.333333333333334,14.666666666666668,TRMT2B_chrX_-_101051250_101051733_101051250_101051366_101051643_101051733_277
8230,ENSG00000130734,ATG4D,chr19,+,10546838,10547253,10546838,10547115,10547188,10547253,8230,"5,7,10","62,59,68","31,21,32","56,25,42",222,149,2.8488322811900003e-12,7.962962796382011e-11,"0.051,0.074,0.09","0.271,0.361,0.338",-0.252,73,70.33333333333333,69.0,ATG4D_chr19_+_10546838_10547253_10546838_10547115_10547188_10547253_73
8256,ENSG00000167716,WDR81,chr17,+,1735571,1736218,1735571,1735717,1736038,1736218,8256,"2,2,6","19,12,12","15,16,28","15,10,17",470,149,5.42034357509e-07,6.064815973378231e-06,"0.032,0.05,0.137","0.241,0.337,0.343",-0.234,321,17.666666666666668,33.66666666666667,WDR81_chr17_+_1735571_1736218_1735571_1735717_1736038_1736218_321
8279,ENSG00000072778,ACADVL,chr17,+,7222666,7223237,7222666,7222865,7223132,7223237,8279,"214,251,235","297,285,232","374,305,407","165,191,138",416,149,1.50699008827e-10,3.293912347006433e-09,"0.205,0.24,0.266","0.448,0.364,0.514",-0.205,267,504.66666666666663,526.6666666666666,ACADVL_chr17_+_7222666_7223237_7222666_7222865_7223132_7223237_267
8283,ENSG00000072778,ACADVL,chr17,+,7224320,7224552,7224320,7224393,7224483,7224552,8283,"11,6,10","23,26,23","40,18,39","37,28,40",239,149,0.00100397031849,0.0049696200294445,"0.23,0.126,0.213","0.403,0.286,0.378",-0.166,90,33.0,67.33333333333334,ACADVL_chr17_+_7224320_7224552_7224320_7224393_7224483_7224552_90
8316,ENSG00000102032,RENBP,chrX,-,153944079,153944418,153944079,153944155,153944308,153944418,8316,"3,0,1","31,27,43","9,10,16","34,18,23",302,149,1.22998200514e-09,2.3236770594592116e-08,"0.046,0.0,0.011","0.116,0.215,0.256",-0.177,153,35.0,36.666666666666664,RENBP_chrX_-_153944079_153944418_153944079_153944155_153944308_153944418_153
8365,ENSG00000197114,ZGPAT,chr20,+,63733586,63734824,63733586,63733712,63734704,63734824,8365,"100,86,96","10,13,6","254,180,233","10,4,9",1141,149,0.000871313830472,0.0043998715186829,"0.566,0.463,0.676","0.768,0.855,0.772",-0.23,992,103.66666666666667,230.0,ZGPAT_chr20_+_63733586_63734824_63733586_63733712_63734704_63734824_992
8524,ENSG00000102312,PORCN,chrX,+,48512834,48514365,48512834,48512852,48514239,48514365,8524,"9,8,7","4,9,5","41,15,30","5,2,6",1536,149,8.19943673116e-05,0.0005549195749918,"0.179,0.079,0.12","0.443,0.421,0.327",-0.271,1387,14.0,33.0,PORCN_chrX_+_48512834_48514365_48512834_48512852_48514239_48514365_1387
8578,ENSG00000215301,DDX3X,chrX,+,41337690,41339083,41337690,41338912,41339035,41339083,8578,"10,28,21","0,0,2","17,7,6","2,2,3",272,149,0.000127721290938,0.0008200993907453,"1.0,1.0,0.852","0.823,0.657,0.523",0.283,123,20.333333333333336,12.333333333333334,DDX3X_chrX_+_41337690_41339083_41337690_41338912_41339035_41339083_123
8605,ENSG00000172732,MUS81,chr11,+,65864719,65865145,65864719,65864815,65865016,65865145,8605,"36,34,36","43,44,52","61,52,45","33,18,44",350,149,0.00205149629068,0.0091871355626104,"0.263,0.248,0.228","0.44,0.552,0.303",-0.185,201,81.66666666666667,84.33333333333333,MUS81_chr11_+_65864719_65865145_65864719_65864815_65865016_65865145_201
8608,ENSG00000172732,MUS81,chr11,+,65864719,65865323,65864719,65865145,65865219,65865323,8608,"5,8,9","66,68,54","35,23,27","66,43,80",223,149,5.28181919313e-08,7.493207266631032e-07,"0.048,0.073,0.1","0.262,0.263,0.184",-0.163,74,70.0,91.33333333333333,MUS81_chr11_+_65864719_65865323_65864719_65865145_65865219_65865323_74
8651,ENSG00000110697,PITPNM1,chr11,-,67493687,67494070,67493687,67493837,67493921,67494070,8651,"10,12,15","39,28,31","33,15,20","23,16,17",233,149,2.35552008386e-05,0.0001831556929735,"0.141,0.215,0.236","0.478,0.375,0.429",-0.23,84,45.0,41.333333333333336,PITPNM1_chr11_-_67493687_67494070_67493687_67493837_67493921_67494070_84
8689,ENSG00000160299,PCNT,chr21,+,46442496,46444821,46442496,46442573,46443809,46444821,8689,"132,154,151","73,51,76","264,198,271","71,27,43",1385,149,1.30571619139e-06,1.349498525557404e-05,"0.163,0.245,0.176","0.286,0.441,0.404",-0.182,1236,212.33333333333331,291.33333333333337,PCNT_chr21_+_46442496_46444821_46442496_46442573_46443809_46444821_1236
8701,ENSG00000100023,PPIL2,chr22,+,21670565,21671059,21670565,21670853,21670996,21671059,8701,"10,18,23","5,3,5","16,9,8","0,0,0",292,149,5.70779665754e-08,8.036876979034319e-07,"0.505,0.754,0.701","1.0,1.0,1.0",-0.347,143,21.333333333333332,11.0,PPIL2_chr22_+_21670565_21671059_21670565_21670853_21670996_21671059_143
8728,ENSG00000182325,FBXL6,chr8,-,144356299,144356713,144356299,144356531,144356599,144356713,8728,"18,22,14","36,23,26","89,78,87","52,42,49",217,149,1.06317600772e-05,9.022596390571874e-05,"0.256,0.396,0.27","0.54,0.56,0.549",-0.242,68,46.33333333333333,132.33333333333334,FBXL6_chr8_-_144356299_144356713_144356299_144356531_144356599_144356713_68
8753,ENSG00000164941,INTS8,chr8,+,94866157,94866351,94866157,94866191,94866311,94866351,8753,"12,10,14","0,2,1","12,17,10","7,4,4",269,149,0.000574565568103,0.0030445091660087,"1.0,0.735,0.886","0.487,0.702,0.581",0.284,120,13.0,18.0,INTS8_chr8_+_94866157_94866351_94866157_94866191_94866311_94866351_120
8780,ENSG00000133794,BMAL1,chr11,+,13378336,13381254,13378336,13378445,13381160,13381254,8780,"6,6,12","17,23,17","116,81,88","13,13,17",2864,149,0.0,0.0,"0.018,0.013,0.035","0.317,0.245,0.212",-0.236,2715,27.0,109.33333333333333,BMAL1_chr11_+_13378336_13381254_13378336_13378445_13381160_13381254_2715
8784,ENSG00000104365,IKBKB,chr8,+,42319269,42320844,42319269,42319421,42320734,42320844,8784,"126,130,166","0,0,2","143,90,143","5,5,4",1462,149,6.12515314014e-06,5.4374293342045646e-05,"1.0,1.0,0.894","0.745,0.647,0.785",0.239,1313,141.33333333333331,130.0,IKBKB_chr8_+_42319269_42320844_42319269_42319421_42320734_42320844_1313
8794,ENSG00000104522,GFUS,chr8,-,143614319,143614697,143614319,143614453,143614623,143614697,8794,"53,58,65","137,102,120","189,149,174","156,142,146",319,149,4.49882797682e-10,9.24226436002994e-09,"0.153,0.21,0.202","0.361,0.329,0.358",-0.161,170,178.33333333333334,318.66666666666663,GFUS_chr8_-_143614319_143614697_143614319_143614453_143614623_143614697_170
8801,ENSG00000087088,BAX,chr19,+,48960809,48961798,48960809,48960914,48961531,48961798,8801,"454,414,417","290,310,277","1292,926,1214","357,324,360",766,149,4.4408920985e-16,2.0739793595417082e-14,"0.233,0.206,0.227","0.413,0.357,0.396",-0.167,617,720.6666666666666,1491.0,BAX_chr19_+_48960809_48961798_48960809_48960914_48961531_48961798_617
8805,ENSG00000172269,DPAGT1,chr11,-,119097141,119098043,119097141,119097297,119097854,119098043,8805,"41,66,63","1,0,0","58,57,57","6,1,8",706,149,1.6766445986e-06,1.691992469950629e-05,"0.896,1.0,1.0","0.671,0.923,0.601",0.234,557,57.0,62.333333333333336,DPAGT1_chr11_-_119097141_119098043_119097141_119097297_119097854_119098043_557
8824,ENSG00000241852,C8orf58,chr8,+,22601971,22602312,22601971,22602080,22602199,22602312,8824,"2,6,3","23,12,19","25,18,20","15,9,16",268,149,2.15872630882e-08,3.292386027589773e-07,"0.046,0.218,0.081","0.481,0.527,0.41",-0.358,119,21.666666666666668,34.333333333333336,C8orf58_chr8_+_22601971_22602312_22601971_22602080_22602199_22602312_119
8826,ENSG00000092094,OSGEP,chr14,-,20447614,20448171,20447614,20447690,20448105,20448171,8826,"36,17,33","0,0,0","114,66,100","7,11,7",564,149,1.89296880837e-07,2.3526004082866164e-06,"1.0,1.0,1.0","0.811,0.613,0.791",0.262,415,28.666666666666668,101.66666666666666,OSGEP_chr14_-_20447614_20448171_20447614_20447690_20448105_20448171_415
8843,ENSG00000094914,AAAS,chr12,-,53315093,53315782,53315093,53315140,53315726,53315782,8843,"29,52,30","0,2,0","38,29,45","3,3,0",735,149,0.00150438028473,0.0070170194546432,"1.0,0.841,1.0","0.72,0.662,1.0",0.153,586,37.666666666666664,39.333333333333336,AAAS_chr12_-_53315093_53315782_53315093_53315140_53315726_53315782_586
8927,ENSG00000182196,ARL6IP4,chr12,+,122981128,122981879,122981128,122981299,122981570,122981879,8927,"87,96,89","90,85,93","190,183,163","70,95,93",420,149,2.28515408318e-06,2.2227779497322662e-05,"0.255,0.286,0.253","0.491,0.406,0.383",-0.162,271,180.0,264.66666666666663,ARL6IP4_chr12_+_122981128_122981879_122981128_122981299_122981570_122981879_271
8981,ENSG00000077463,SIRT6,chr19,-,4175027,4175760,4175027,4175111,4175679,4175760,8981,"46,68,67","14,12,11","189,134,186","2,14,5",717,149,7.25812192659e-06,6.353180298722958e-05,"0.406,0.541,0.559","0.952,0.665,0.885",-0.332,568,72.66666666666667,176.66666666666666,SIRT6_chr19_-_4175027_4175760_4175027_4175111_4175679_4175760_568
8982,ENSG00000077463,SIRT6,chr19,-,4175027,4175760,4175027,4175151,4175679,4175760,8982,"30,53,49","50,44,43","170,117,156","58,38,43",677,149,2.00528482708e-11,5.009214822197514e-10,"0.117,0.21,0.201","0.392,0.404,0.444",-0.237,528,89.66666666666666,194.0,SIRT6_chr19_-_4175027_4175760_4175027_4175151_4175679_4175760_528
9005,ENSG00000148362,PAXX,chr9,+,136992639,136993243,136992639,136992974,136993052,136993243,9005,"174,152,147","118,121,99","287,223,302","98,78,124",227,149,1.86693429827e-07,2.3318071409787588e-06,"0.492,0.452,0.494","0.658,0.652,0.615",-0.162,78,270.3333333333333,370.6666666666667,PAXX_chr9_+_136992639_136993243_136992639_136992974_136993052_136993243_78
9023,ENSG00000096746,HNRNPH3,chr10,+,68337198,68338687,68337198,68337333,68338502,68338687,9023,"171,223,209","38,41,52","226,255,228","195,167,168",1318,149,0.0,0.0,"0.337,0.381,0.312","0.116,0.147,0.133",0.211,1169,244.66666666666666,413.0,HNRNPH3_chr10_+_68337198_68338687_68337198_68337333_68338502_68338687_1169
9061,ENSG00000148334,PTGES2,chr9,-,128122361,128123134,128122361,128122646,128122933,128123134,9061,"60,57,72","8,4,9","130,94,104","3,2,1",436,149,7.92514141335e-06,6.886703501750726e-05,"0.719,0.83,0.732","0.937,0.941,0.973",-0.19,287,70.0,111.33333333333333,PTGES2_chr9_-_128122361_128123134_128122361_128122646_128122933_128123134_287
9065,ENSG00000166348,USP54,chr10,-,73575511,73576361,73575511,73575675,73576135,73576361,9065,"24,24,33","1,3,0","28,20,16","8,6,9",609,149,3.76206922403e-05,0.0002814626715968,"0.854,0.662,1.0","0.461,0.449,0.303",0.434,460,28.333333333333332,29.0,USP54_chr10_-_73575511_73576361_73575511_73575675_73576135_73576361_460
9075,ENSG00000213930,GALT,chr9,+,34647491,34647705,34647491,34647567,34647656,34647705,9075,"33,37,29","77,63,76","46,37,39","56,40,33",238,149,0.000175550518924,0.0010917819286927,"0.212,0.269,0.193","0.34,0.367,0.425",-0.153,89,105.0,83.66666666666666,GALT_chr9_+_34647491_34647705_34647491_34647567_34647656_34647705_89
9141,ENSG00000107104,KANK1,chr9,+,744490,746090,744490,744589,745172,746090,9141,"10,15,8","20,24,17","28,33,30","11,27,15",732,149,3.97316158124e-05,0.0002957841775182,"0.092,0.113,0.087","0.341,0.199,0.289",-0.179,583,31.333333333333332,48.0,KANK1_chr9_+_744490_746090_744490_744589_745172_746090_583
9195,ENSG00000128567,PODXL,chr7,-,131508950,131509585,131508950,131509028,131509364,131509585,9195,"5,15,12","26,30,33","17,18,21","16,17,14",485,149,2.99172856321e-05,0.0002281420595007,"0.056,0.133,0.1","0.246,0.245,0.315",-0.172,336,40.333333333333336,34.333333333333336,PODXL_chr7_-_131508950_131509585_131508950_131509028_131509364_131509585_336
9199,ENSG00000158850,B4GALT3,chr1,-,161176433,161177106,161176433,161176579,161176911,161177106,9199,"22,16,13","23,12,12","26,15,17","8,4,7",481,149,0.00205883603792,0.0092088608015875,"0.229,0.292,0.251","0.502,0.537,0.429",-0.232,332,32.666666666666664,25.666666666666664,B4GALT3_chr1_-_161176433_161177106_161176433_161176579_161176911_161177106_332
9202,ENSG00000291085,TMEM191A,chr22,+,20703632,20704040,20703632,20703692,20703967,20704040,9202,"13,9,15","6,2,1","14,15,12","0,0,1",424,149,1.5268125778e-05,0.0001240272065933,"0.432,0.613,0.841","1.0,1.0,0.808",-0.307,275,15.333333333333334,14.0,TMEM191A_chr22_+_20703632_20704040_20703632_20703692_20703967_20704040_275
9246,ENSG00000159069,FBXW5,chr9,-,136942546,136942943,136942546,136942695,136942768,136942943,9246,"28,42,49","92,109,82","77,72,92","69,76,77",222,149,5.84139127069e-08,8.194294956029498e-07,"0.17,0.205,0.286","0.428,0.389,0.445",-0.2,73,134.0,154.33333333333331,FBXW5_chr9_-_136942546_136942943_136942546_136942695_136942768_136942943_73
9262,ENSG00000122952,ZWINT,chr10,-,56357437,56358459,56357437,56358185,56358376,56358459,9262,"150,155,170","364,380,371","402,358,344","310,434,347",340,149,4.27435864481e-14,1.5677513487964092e-12,"0.153,0.152,0.167","0.362,0.266,0.303",-0.153,191,530.0,731.6666666666667,ZWINT_chr10_-_56357437_56358459_56357437_56358185_56358376_56358459_191
9263,ENSG00000122952,ZWINT,chr10,-,56359686,56360383,56359686,56359853,56360017,56360383,9263,"165,215,168","602,588,562","437,454,512","574,593,512",313,149,0.0,0.0,"0.115,0.148,0.125","0.266,0.267,0.323",-0.156,164,766.6666666666666,1027.3333333333333,ZWINT_chr10_-_56359686_56360383_56359686_56359853_56360017_56360383_164
9269,ENSG00000133884,DPF2,chr11,+,65345929,65348931,65345929,65346058,65348849,65348931,9269,"45,63,50","0,1,0","166,83,133","4,2,2",2940,149,0.00020801373221,0.0012628693603229,"1.0,0.761,1.0","0.678,0.678,0.771",0.211,2791,53.0,130.0,DPF2_chr11_+_65345929_65348931_65345929_65346058_65348849_65348931_2791
9302,ENSG00000130822,PNCK,chrX,-,153671284,153671672,153671284,153671360,153671548,153671672,9302,"4,11,10","6,4,10","9,11,15","1,2,2",337,149,0.000715483018886,0.0036923245154453,"0.228,0.549,0.307","0.799,0.709,0.768",-0.397,188,15.0,13.333333333333332,PNCK_chrX_-_153671284_153671672_153671284_153671360_153671548_153671672_188
9325,ENSG00000177666,PNPLA2,chr11,+,823693,824130,823693,823855,823997,824130,9325,"11,5,11","188,155,170","84,42,54","128,92,130",291,149,0.0,0.0,"0.029,0.016,0.032","0.252,0.189,0.175",-0.18,142,180.0,176.66666666666669,PNPLA2_chr11_+_823693_824130_823693_823855_823997_824130_142
9335,ENSG00000077458,FAM76B,chr11,-,95788498,95789782,95788498,95788563,95789391,95789782,9335,"45,65,48","15,14,12","35,29,35","25,37,26",977,149,3.20569766177e-07,3.783931039065719e-06,"0.314,0.415,0.379","0.176,0.107,0.17",0.218,828,66.33333333333333,62.33333333333333,FAM76B_chr11_-_95788498_95789782_95788498_95788563_95789391_95789782_828
9378,ENSG00000162032,SPSB3,chr16,-,1777746,1778612,1777746,1777872,1777945,1778612,9378,"17,13,17","123,106,129","98,69,67","86,79,59",222,149,0.0,0.0,"0.085,0.076,0.081","0.433,0.37,0.433",-0.331,73,135.0,152.66666666666669,SPSB3_chr16_-_1777746_1778612_1777746_1777872_1777945_1778612_73
9380,ENSG00000162032,SPSB3,chr16,-,1777945,1778612,1777945,1778048,1778133,1778612,9380,"23,29,25","105,113,95","93,59,60","78,79,73",234,149,9.42801392512e-13,2.8242723786046726e-11,"0.122,0.14,0.144","0.432,0.322,0.344",-0.231,85,130.0,147.33333333333334,SPSB3_chr16_-_1777945_1778612_1777945_1778048_1778133_1778612_85
9381,ENSG00000162032,SPSB3,chr16,-,1778133,1778612,1778133,1778321,1778434,1778612,9381,"15,15,17","48,58,67","55,44,62","55,55,69",262,149,3.01445390871e-09,5.2366652367751646e-08,"0.151,0.128,0.126","0.363,0.313,0.338",-0.203,113,73.33333333333333,113.33333333333333,SPSB3_chr16_-_1778133_1778612_1778133_1778321_1778434_1778612_113
9403,ENSG00000182272,B4GALNT4,chr11,+,375638,375956,375638,375773,375846,375956,9403,"22,20,23","52,50,52","24,20,31","27,16,29",222,149,0.000110740161416,0.0007221641575775,"0.221,0.212,0.229","0.374,0.456,0.418",-0.195,73,73.0,49.0,B4GALNT4_chr11_+_375638_375956_375638_375773_375846_375956_73
9433,ENSG00000185189,NRBP2,chr8,-,143835819,143836030,143835819,143835875,143835966,143836030,9433,"4,3,5","26,38,20","14,10,10","25,16,26",240,149,0.000231361425452,0.0013806401253758,"0.087,0.047,0.134","0.258,0.28,0.193",-0.154,91,32.0,33.666666666666664,NRBP2_chr8_-_143835819_143836030_143835819_143835875_143835966_143836030_91
9479,ENSG00000077522,ACTN2,chr1,+,236731232,236737214,236731232,236731314,236734432,236737214,9479,"31,35,39","0,1,0","32,27,19","2,1,1",3267,149,0.000337473146128,0.0019165110164172,"1.0,0.615,1.0","0.422,0.552,0.464",0.392,3118,35.333333333333336,27.333333333333332,ACTN2_chr1_+_236731232_236737214_236731232_236731314_236734432_236737214_3118
9482,ENSG00000077522,ACTN2,chr1,+,236734432,236737214,236734432,236734518,236737121,236737214,9482,"89,91,74","3,0,3","67,44,63","0,1,0",2752,149,0.000275881927592,0.0016180625690828,"0.616,1.0,0.572","1.0,0.704,1.0",-0.172,2603,86.66666666666667,58.333333333333336,ACTN2_chr1_+_236734432_236737214_236734432_236734518_236737121_236737214_2603
9490,ENSG00000187531,SIRT7,chr17,-,81914293,81914702,81914293,81914530,81914603,81914702,9490,"8,13,9","26,30,22","51,30,50","47,42,41",222,149,0.000167635863407,0.0010477589833393,"0.171,0.225,0.215","0.421,0.324,0.45",-0.195,73,36.0,87.0,SIRT7_chr17_-_81914293_81914702_81914293_81914530_81914603_81914702_73
9493,ENSG00000187531,SIRT7,chr17,-,81917829,81918132,81917829,81917967,81918038,81918132,9493,"20,34,24","51,46,47","72,70,85","46,56,30",220,149,1.8756542064e-06,1.870430235798621e-05,"0.21,0.334,0.257","0.515,0.458,0.657",-0.276,71,74.0,119.66666666666667,SIRT7_chr17_-_81917829_81918132_81917829_81917967_81918038_81918132_71
9614,ENSG00000132017,DCAF15,chr19,+,13960286,13960580,13960286,13960391,13960464,13960580,9614,"28,28,28","87,88,99","97,48,89","100,47,69",222,149,1.38555833473e-13,4.876032080693841e-12,"0.178,0.176,0.16","0.394,0.407,0.464",-0.25,73,119.33333333333333,150.0,DCAF15_chr19_+_13960286_13960580_13960286_13960391_13960464_13960580_73
9634,ENSG00000182173,TSEN54,chr17,+,75516745,75517072,75516745,75516910,75517008,75517072,9634,"3,8,6","85,89,90","30,27,31","74,74,72",247,149,3.5860203695400003e-13,1.1774361204616271e-11,"0.021,0.051,0.039","0.197,0.18,0.206",-0.157,98,93.66666666666667,102.66666666666666,TSEN54_chr17_+_75516745_75517072_75516745_75516910_75517008_75517072_98
9699,ENSG00000239523,MYLK-AS1,chr3,+,123585535,123585794,123585535,123585553,123585646,123585794,9699,"11,9,14","0,2,1","7,18,20","4,5,5",242,149,0.00208875151346,0.009309616259458,"1.0,0.735,0.896","0.519,0.689,0.711",0.237,93,12.333333333333334,19.666666666666668,MYLK-AS1_chr3_+_123585535_123585794_123585535_123585553_123585646_123585794_93
9749,ENSG00000174775,HRAS,chr11,-,532241,532755,532241,532522,532630,532755,9749,"63,45,63","94,69,95","212,164,202","107,101,90",257,149,1.7108536809500001e-13,5.928068583900023e-12,"0.28,0.274,0.278","0.535,0.485,0.565",-0.251,108,143.0,292.0,HRAS_chr11_-_532241_532755_532241_532522_532630_532755_108
9759,ENSG00000095066,HOOK2,chr19,-,12774668,12774897,12774668,12774741,12774811,12774897,9759,"2,3,1","32,26,31","11,8,19","37,22,27",219,149,8.16451244501e-07,8.820254177303188e-06,"0.041,0.073,0.021","0.168,0.198,0.324",-0.185,70,31.666666666666668,41.333333333333336,HOOK2_chr19_-_12774668_12774897_12774668_12774741_12774811_12774897_70
9778,ENSG00000156650,KAT6B,chr10,+,74975398,74977437,74975398,74975781,74977315,74977437,9778,"10,21,34","2,0,0","27,8,15","1,6,3",1683,149,0.0012252692728,0.0058943056060033,"0.307,1.0,1.0","0.705,0.106,0.307",0.396,1534,22.333333333333336,20.0,KAT6B_chr10_+_74975398_74977437_74975398_74975781_74977315_74977437_1534
9818,ENSG00000008300,CELSR3,chr3,-,48641850,48642467,48641850,48642009,48642357,48642467,9818,"24,23,20","12,8,13","42,33,44","5,4,9",497,149,0.000507393343625,0.002744669460947,"0.375,0.463,0.316","0.716,0.712,0.594",-0.289,348,33.33333333333333,45.666666666666664,CELSR3_chr3_-_48641850_48642467_48641850_48642009_48642357_48642467_348
9857,ENSG00000135655,USP15,chr12,+,62383839,62384302,62383839,62383998,62384077,62384302,9857,"4,1,2","26,23,27","13,12,18","24,38,40",228,149,1.21388122104e-05,0.0001016388964476,"0.091,0.028,0.046","0.261,0.171,0.227",-0.165,79,27.666666666666664,48.333333333333336,USP15_chr12_+_62383839_62384302_62383839_62383998_62384077_62384302_79
9867,ENSG00000175197,DDIT3,chr12,-,57517268,57517753,57517268,57517438,57517705,57517753,9867,"53,47,59","131,144,141","99,119,108","93,116,102",416,149,2.93443047639e-12,8.171845463694968e-11,"0.127,0.105,0.13","0.276,0.269,0.275",-0.153,267,191.66666666666666,212.33333333333334,DDIT3_chr12_-_57517268_57517753_57517268_57517438_57517705_57517753_267
9870,ENSG00000130803,ZNF317,chr19,+,9156611,9157394,9156611,9156748,9157267,9157394,9870,"22,24,16","20,30,29","117,81,93","27,31,41",668,149,3.57159742892e-08,5.204426563575481e-07,"0.197,0.151,0.11","0.491,0.368,0.336",-0.246,519,47.0,130.0,ZNF317_chr19_+_9156611_9157394_9156611_9156748_9157267_9157394_519
9882,ENSG00000107862,GBF1,chr10,+,102362474,102363396,102362474,102362628,102363255,102363396,9882,"26,23,30","2,0,0","18,17,28","1,2,5",776,149,0.000299299260787,0.0017271152278261,"0.714,1.0,1.0","0.776,0.62,0.518",0.267,627,27.0,23.666666666666668,GBF1_chr10_+_102362474_102363396_102362474_102362628_102363255_102363396_627
9886,ENSG00000107862,GBF1,chr10,+,102376559,102377128,102376559,102376784,102376934,102377128,9886,"15,18,10","2,3,2","25,14,31","1,0,0",299,149,0.000112157176318,0.0007288762391832,"0.789,0.749,0.714","0.926,1.0,1.0",-0.225,150,16.666666666666668,23.666666666666664,GBF1_chr10_+_102376559_102377128_102376559_102376784_102376934_102377128_150
9934,ENSG00000026103,FAS,chr10,+,89010538,89010815,89010538,89010600,89010752,89010815,9934,"2,1,0","11,15,7","8,6,7","11,10,10",301,149,8.41894322301e-06,7.259407579565617e-05,"0.083,0.032,0.0","0.265,0.229,0.257",-0.212,152,12.0,17.333333333333336,FAS_chr10_+_89010538_89010815_89010538_89010600_89010752_89010815_152
10027,ENSG00000182199,SHMT2,chr12,+,57230802,57231913,57230802,57231000,57231712,57231913,10027,"105,90,85","25,21,23","138,142,127","110,115,104",861,149,1.91680005202e-12,5.480007449102046e-11,"0.421,0.426,0.39","0.178,0.176,0.174",0.236,712,116.33333333333333,245.33333333333331,SHMT2_chr12_+_57230802_57231913_57230802_57231000_57231712_57231913_712
10058,ENSG00000102225,CDK16,chrX,+,47226993,47227223,47226993,47227099,47227159,47227223,10058,"17,20,18","15,12,8","75,46,45","4,5,5",209,149,7.73012154287e-09,1.269056416612217e-07,"0.447,0.543,0.616","0.93,0.868,0.865",-0.352,60,30.0,60.0,CDK16_chrX_+_47226993_47227223_47226993_47227099_47227159_47227223_60
10136,ENSG00000136003,ISCU,chr12,+,108564059,108564392,108564059,108564155,108564278,108564392,10136,"59,46,34","73,57,63","73,61,60","28,41,34",272,149,2.16789406937e-06,2.1239843832128048e-05,"0.307,0.307,0.228","0.588,0.449,0.492",-0.229,123,110.66666666666666,99.0,ISCU_chr12_+_108564059_108564392_108564059_108564155_108564278_108564392_123
10150,ENSG00000135476,ESPL1,chr12,+,53289403,53290469,53289403,53289594,53290346,53290469,10150,"85,85,59","2,4,4","191,91,194","3,0,0",901,149,0.000143434092555,0.0009108791739198,"0.875,0.778,0.709","0.913,1.0,1.0",-0.184,752,79.66666666666666,159.66666666666666,ESPL1_chr12_+_53289403_53290469_53289403_53289594_53290346_53290469_752
10155,ENSG00000123349,PFDN5,chr12,+,53295838,53297924,53295838,53295941,53297849,53297924,10155,"368,395,394","13,11,12","574,571,582","2,10,4",2057,149,5.97913255694e-05,0.0004201470418743,"0.672,0.722,0.704","0.954,0.805,0.913",-0.191,1908,397.6666666666667,581.0,PFDN5_chr12_+_53295838_53297924_53295838_53295941_53297849_53297924_1908
10163,ENSG00000288663,,chr12,+,53303033,53306861,53303033,53303193,53306679,53306861,10163,"96,116,81","0,1,0","190,96,189","6,4,4",3635,149,2.36566533574e-06,2.2954582088295093e-05,"1.0,0.826,1.0","0.565,0.496,0.659",0.369,3486,98.0,163.0,nan_chr12_+_53303033_53306861_53303033_53303193_53306679_53306861_3486
10190,ENSG00000139372,TDG,chr12,+,103982798,103983389,103982798,103982934,103983294,103983389,10190,"14,29,20","0,0,2","18,15,11","15,10,8",509,149,8.24248447273e-11,1.878037598498693e-09,"1.0,1.0,0.745","0.26,0.305,0.287",0.631,360,21.666666666666668,25.666666666666664,TDG_chr12_+_103982798_103983389_103982798_103982934_103983294_103983389_360
10227,ENSG00000284770,TBCE,chr1,+,235435744,235436608,235435744,235435840,235436543,235436608,10227,"27,25,21","0,0,0","36,19,29","1,10,0",852,149,0.000176982318762,0.0010979620913956,"1.0,1.0,1.0","0.863,0.249,1.0",0.296,703,24.333333333333332,31.666666666666668,TBCE_chr1_+_235435744_235436608_235435744_235435840_235436543_235436608_703
10262,ENSG00000110719,TCIRG1,chr11,+,68042945,68043497,68042945,68043031,68043370,68043497,10262,"10,13,7","4,3,1","22,18,20","0,1,0",488,149,1.04110848642e-06,1.090263887101947e-05,"0.433,0.57,0.681","1.0,0.846,1.0",-0.387,339,12.666666666666666,20.333333333333332,TCIRG1_chr11_+_68042945_68043497_68042945_68043031_68043370_68043497_339
