ID,GeneID,geneSymbol,chr,strand,riExonStart_0base,riExonEnd,upstreamES,upstreamEE,downstreamES,downstreamEE,ID.1,IJC_SAMPLE_1,SJC_SAMPLE_1,IJC_SAMPLE_2,SJC_SAMPLE_2,IncFormLen,SkipFormLen,PValue,FDR,IncLevel1,IncLevel2,IncLevelDifference,Distance,MeanCounts_SAMPLE_1,MeanCounts_SAMPLE_2,event_id
21,ENSG00000160294,MCM3AP,chr21,-,46246306,46246886,46246306,46246404,46246627,46246886,21,"41,58,51","110,58,77","82,42,64","42,27,52",372,149,1.38016663643e-05,6.722394751582533e-05,"0.13,0.286,0.21","0.439,0.384,0.33",-0.176,223,131.66666666666669,103.0,MCM3AP_chr21_-_46246306_46246886_46246306_46246404_46246627_46246886_223
148,ENSG00000025770,NCAPH2,chr22,+,50523016,50523472,50523016,50523166,50523234,50523472,148,"17,12,8","152,134,139","42,35,56","73,73,93",217,149,0.0,0.0,"0.071,0.058,0.038","0.283,0.248,0.293",-0.219,68,154.0,124.0,NCAPH2_chr22_+_50523016_50523472_50523016_50523166_50523234_50523472_68
153,ENSG00000161179,YDJC,chr22,-,21629009,21629407,21629009,21629187,21629307,21629407,153,"93,96,93","442,417,389","108,83,102","157,110,158",269,149,0.0,0.0,"0.104,0.113,0.117","0.276,0.295,0.263",-0.167,120,510.0,239.33333333333331,YDJC_chr22_-_21629009_21629407_21629009_21629187_21629307_21629407_120
155,ENSG00000161179,YDJC,chr22,-,21629009,21629761,21629009,21629407,21629601,21629761,155,"387,365,441","303,275,293","304,271,281","108,81,109",343,149,6.28881391407e-11,5.393333558826117e-10,"0.357,0.366,0.395","0.55,0.592,0.528",-0.184,194,688.0,384.66666666666663,YDJC_chr22_-_21629009_21629761_21629009_21629407_21629601_21629761_194
214,ENSG00000130299,GTPBP3,chr19,+,17338953,17339266,17338953,17339026,17339122,17339266,214,"82,111,88","435,403,394","177,138,146","240,179,225",245,149,0.0,0.0,"0.103,0.143,0.12","0.31,0.319,0.283",-0.182,96,504.33333333333337,368.3333333333333,GTPBP3_chr19_+_17338953_17339266_17338953_17339026_17339122_17339266_96
294,ENSG00000105397,TYK2,chr19,-,10353527,10354234,10353527,10353646,10354041,10354234,294,"101,101,87","57,60,76","125,73,94","19,20,25",544,149,2.29013381259e-07,1.3883701208673695e-06,"0.327,0.316,0.239","0.643,0.5,0.507",-0.256,395,160.66666666666666,118.66666666666666,TYK2_chr19_-_10353527_10354234_10353527_10353646_10354041_10354234_395
300,ENSG00000105699,LSR,chr19,+,35266678,35266967,35266678,35266738,35266835,35266967,300,"2,2,6","67,62,59","48,40,59","55,49,67",246,149,0.0,0.0,"0.018,0.019,0.058","0.346,0.331,0.348",-0.31,97,66.0,106.0,LSR_chr19_+_35266678_35266967_35266678_35266738_35266835_35266967_97
301,ENSG00000105699,LSR,chr19,+,35266678,35266967,35266678,35266738,35266838,35266967,301,"3,3,8","11,11,4","51,40,59","6,10,11",249,149,2.5173350211e-06,1.3587720610966667e-05,"0.14,0.14,0.545","0.836,0.705,0.762",-0.493,100,13.333333333333332,59.0,LSR_chr19_+_35266678_35266967_35266678_35266738_35266838_35266967_100
362,ENSG00000141994,DUS3L,chr19,-,5786748,5787171,5786748,5786845,5787060,5787171,362,"7,18,29","64,58,71","78,63,85","48,40,53",364,149,0.0,0.0,"0.043,0.113,0.143","0.399,0.392,0.396",-0.296,215,82.33333333333333,122.33333333333333,DUS3L_chr19_-_5786748_5787171_5786748_5786845_5787060_5787171_215
363,ENSG00000141994,DUS3L,chr19,-,5786748,5787171,5786748,5786919,5787060,5787171,363,"1,8,18","12,15,18","60,46,63","11,8,9",290,149,5.67106361871e-11,4.897676463222763e-10,"0.041,0.215,0.339","0.737,0.747,0.782",-0.557,141,24.0,65.66666666666667,DUS3L_chr19_-_5786748_5787171_5786748_5786919_5787060_5787171_141
382,ENSG00000104936,DMPK,chr19,-,45770970,45771396,45770970,45771056,45771349,45771396,382,"10,21,19","32,24,21","37,23,36","22,8,16",442,149,3.93540960109e-05,0.0001787150337911,"0.095,0.228,0.234","0.362,0.492,0.431",-0.243,293,42.333333333333336,47.333333333333336,DMPK_chr19_-_45770970_45771396_45770970_45771056_45771349_45771396_293
383,ENSG00000104936,DMPK,chr19,-,45770970,45771396,45770970,45771060,45771349,45771396,383,"10,19,18","39,30,40","37,23,35","24,13,16",438,149,1.5772262385e-08,1.0803560802489797e-07,"0.08,0.177,0.133","0.344,0.376,0.427",-0.252,289,52.0,49.333333333333336,DMPK_chr19_-_45770970_45771396_45770970_45771060_45771349_45771396_289
395,ENSG00000099875,MKNK2,chr19,-,2042606,2042870,2042606,2042662,2042765,2042870,395,"7,17,20","204,167,193","82,57,66","119,96,89",252,149,0.0,0.0,"0.02,0.057,0.058","0.289,0.26,0.305",-0.24,103,202.66666666666666,169.66666666666666,MKNK2_chr19_-_2042606_2042870_2042606_2042662_2042765_2042870_103
396,ENSG00000170889,RPS9,chr19,+,54206275,54206724,54206275,54206462,54206552,54206724,396,"106,103,123","263,258,246","352,358,325","159,137,145",239,149,0.0,0.0,"0.201,0.199,0.238","0.58,0.62,0.583",-0.382,90,366.3333333333333,492.0,RPS9_chr19_+_54206275_54206724_54206275_54206462_54206552_54206724_90
397,ENSG00000170889,RPS9,chr19,+,54206552,54207647,54206552,54206724,54207397,54207647,397,"232,265,311","230,246,205","903,940,937","159,140,128",822,149,0.0,0.0,"0.155,0.163,0.216","0.507,0.549,0.57",-0.364,673,496.3333333333333,1069.0,RPS9_chr19_+_54206552_54207647_54206552_54206724_54207397_54207647_673
411,ENSG00000104957,YJU2B,chr19,+,13758867,13759272,13758867,13759010,13759099,13759272,411,"21,32,37","17,30,40","55,30,50","11,14,15",238,149,1.41127437691e-05,6.85582236783121e-05,"0.436,0.4,0.367","0.758,0.573,0.676",-0.268,89,59.0,58.333333333333336,YJU2B_chr19_+_13758867_13759272_13758867_13759010_13759099_13759272_89
430,ENSG00000129347,KRI1,chr19,-,10559358,10559708,10559358,10559529,10559612,10559708,430,"8,12,13","88,111,122","69,56,66","103,83,103",232,149,0.0,0.0,"0.055,0.065,0.064","0.301,0.302,0.292",-0.237,83,118.0,160.0,KRI1_chr19_-_10559358_10559708_10559358_10559529_10559612_10559708_83
437,ENSG00000104969,SGTA,chr19,-,2757336,2757782,2757336,2757457,2757692,2757782,437,"15,18,17","353,310,325","116,75,114","194,153,199",384,149,0.0,0.0,"0.016,0.022,0.02","0.188,0.16,0.182",-0.157,235,346.0,283.6666666666667,SGTA_chr19_-_2757336_2757782_2757336_2757457_2757692_2757782_235
447,ENSG00000142541,RPL13A,chr19,+,49489849,49490297,49489849,49489912,49490231,49490297,447,"252,225,227","1036,1094,1130","1642,1865,1780","606,566,656",468,149,0.0,0.0,"0.072,0.061,0.06","0.463,0.512,0.463",-0.415,319,1321.3333333333335,2371.6666666666665,RPL13A_chr19_+_49489849_49490297_49489849_49489912_49490231_49490297_319
451,ENSG00000142541,RPL13A,chr19,+,49489849,49490576,49489849,49489922,49490474,49490576,451,"237,205,182","9,13,16","2421,2722,2443","25,43,41",701,149,1.15160606606e-08,7.99197292461188e-08,"0.848,0.77,0.707","0.954,0.931,0.927",-0.162,552,220.66666666666666,2565.0,RPL13A_chr19_+_49489849_49490576_49489849_49489922_49490474_49490576_552
465,ENSG00000011304,PTBP1,chr19,+,804291,804702,804291,804438,804531,804702,465,"28,26,38","981,1002,1070","197,156,184","452,367,435",242,149,0.0,0.0,"0.017,0.016,0.021","0.212,0.207,0.207",-0.191,93,1048.3333333333333,597.0,PTBP1_chr19_+_804291_804702_804291_804438_804531_804702_93
485,ENSG00000104897,SF3A2,chr19,+,2246752,2247022,2246752,2246802,2246881,2247022,485,"54,74,66","691,790,699","131,98,128","394,166,335",228,149,0.0,0.0,"0.049,0.058,0.058","0.178,0.278,0.2",-0.164,79,791.3333333333333,417.3333333333333,SF3A2_chr19_+_2246752_2247022_2246752_2246802_2246881_2247022_79
497,ENSG00000115268,RPS15,chr19,+,1438806,1440253,1438806,1438892,1439960,1440253,497,"184,175,224","8,13,15","1282,1235,1349","13,22,9",1217,149,3.6731162556e-10,2.9195145781862644e-09,"0.738,0.622,0.646","0.924,0.873,0.948",-0.246,1068,206.33333333333334,1303.3333333333335,RPS15_chr19_+_1438806_1440253_1438806_1438892_1439960_1440253_1068
498,ENSG00000115268,RPS15,chr19,+,1438806,1440253,1438806,1438892,1439967,1440253,498,"184,175,224","17,9,13","1294,1246,1358","33,30,29",1224,149,2.436282201e-05,0.0001145828520521,"0.569,0.703,0.677","0.827,0.835,0.851",-0.188,1075,207.33333333333334,1330.0,RPS15_chr19_+_1438806_1440253_1438806_1438892_1439967_1440253_1075
506,ENSG00000104973,MED25,chr19,+,49836225,49836979,49836225,49836406,49836846,49836979,506,"37,29,26","18,26,29","78,57,60","14,11,16",589,149,5.41210296023e-07,3.169148949907876e-06,"0.342,0.22,0.185","0.585,0.567,0.487",-0.297,440,55.0,78.66666666666667,MED25_chr19_+_49836225_49836979_49836225_49836406_49836846_49836979_440
515,ENSG00000130811,EIF3G,chr19,-,10118867,10119171,10118867,10118956,10119066,10119171,515,"34,57,41","24,36,25","166,143,196","19,9,9",259,149,0.0,0.0,"0.449,0.477,0.485","0.834,0.901,0.926",-0.417,110,72.33333333333333,180.66666666666669,EIF3G_chr19_-_10118867_10119171_10118867_10118956_10119066_10119171_110
542,ENSG00000006712,PAF1,chr19,-,39389479,39389761,39389479,39389546,39389639,39389761,542,"5,1,0","137,116,139","46,37,38","109,67,67",242,149,0.0,0.0,"0.022,0.005,0.0","0.206,0.254,0.259",-0.231,93,132.66666666666666,121.33333333333334,PAF1_chr19_-_39389479_39389761_39389479_39389546_39389639_39389761_93
546,ENSG00000130726,TRIM28,chr19,+,58548739,58548910,58548739,58548776,58548861,58548910,546,"149,123,130","789,678,744","514,403,493","492,397,445",234,149,0.0,0.0,"0.107,0.104,0.1","0.399,0.393,0.414",-0.298,85,871.0,914.6666666666667,TRIM28_chr19_+_58548739_58548910_58548739_58548776_58548861_58548910_85
582,ENSG00000171456,ASXL1,chr20,+,32428127,32428422,32428127,32428248,32428324,32428422,582,"4,3,6","86,59,73","47,41,37","46,36,48",225,149,0.0,0.0,"0.03,0.033,0.052","0.404,0.43,0.338",-0.352,76,77.0,85.0,ASXL1_chr20_+_32428127_32428422_32428127_32428248_32428324_32428422_76
620,ENSG00000185513,L3MBTL1,chr20,+,43528656,43529368,43528656,43528745,43529263,43529368,620,"7,13,8","8,12,12","10,12,10","1,2,2",667,149,5.36572592638e-05,0.0002386778327734,"0.164,0.195,0.13","0.691,0.573,0.528",-0.434,518,20.0,12.333333333333332,L3MBTL1_chr20_+_43528656_43529368_43528656_43528745_43529263_43529368_518
621,ENSG00000185513,L3MBTL1,chr20,+,43530283,43530889,43530283,43530419,43530797,43530889,621,"19,18,19","4,4,2","31,7,23","0,1,1",527,149,0.000176842207401,0.0007139436082279,"0.573,0.56,0.729","1.0,0.664,0.867",-0.223,378,22.0,21.0,L3MBTL1_chr20_+_43530283_43530889_43530283_43530419_43530797_43530889_378
627,ENSG00000198276,UCKL1,chr20,-,63940949,63941208,63940949,63941043,63941109,63941208,627,"6,14,16","66,57,53","12,10,26","20,24,27",215,149,0.000115327741843,0.0004833030906746,"0.059,0.145,0.173","0.294,0.224,0.4",-0.18,66,70.66666666666666,39.66666666666667,UCKL1_chr20_-_63940949_63941208_63940949_63941043_63941109_63941208_66
631,ENSG00000203896,LIME1,chr20,+,63738007,63738499,63738007,63738060,63738182,63738499,631,"2,2,0","14,15,24","6,10,6","18,13,10",271,149,1.01171672036e-05,5.020508241356344e-05,"0.073,0.068,0.0","0.155,0.297,0.248",-0.186,122,19.0,21.0,LIME1_chr20_+_63738007_63738499_63738007_63738060_63738182_63738499_122
636,ENSG00000174365,SNHG11,chr20,+,38446671,38447623,38446671,38447012,38447465,38447623,636,"26,28,20","18,14,19","77,100,80","21,9,19",602,149,4.68977997782e-05,0.000210129462113,"0.263,0.331,0.207","0.476,0.733,0.51",-0.306,453,41.66666666666667,102.0,SNHG11_chr20_+_38446671_38447623_38446671_38447012_38447465_38447623_453
644,ENSG00000174365,SNHG11,chr20,+,38447465,38450447,38447465,38448730,38450335,38450447,644,"98,73,90","16,20,20","337,252,295","32,32,25",1754,149,0.000360933268048,0.0013647111610457,"0.342,0.237,0.277","0.472,0.401,0.501",-0.173,1605,105.66666666666667,324.33333333333337,SNHG11_chr20_+_38447465_38450447_38447465_38448730_38450335_38450447_1605
645,ENSG00000174365,SNHG11,chr20,+,38450261,38450921,38450261,38450447,38450532,38450921,645,"26,10,16","35,57,43","36,62,38","46,48,36",234,149,0.000197452309773,0.0007881015434399,"0.321,0.1,0.192","0.333,0.451,0.402",-0.191,85,62.33333333333333,88.66666666666667,SNHG11_chr20_+_38450261_38450921_38450261_38450447_38450532_38450921_85
651,ENSG00000196756,SNHG17,chr20,-,38421005,38422241,38421005,38421098,38422086,38422241,651,"203,229,224","53,52,49","1197,908,1119","129,106,138",1137,149,1.26547046064e-07,7.905443216045482e-07,"0.334,0.366,0.375","0.549,0.529,0.515",-0.173,988,270.0,1199.0,SNHG17_chr20_-_38421005_38422241_38421005_38421098_38422086_38422241_988
657,ENSG00000196756,SNHG17,chr20,-,38426418,38427444,38426418,38426503,38427246,38427444,657,"31,66,65","9,2,1","742,742,764","6,4,8",892,149,0.00172937074295,0.0056477990119163,"0.365,0.846,0.916","0.954,0.969,0.941",-0.246,743,58.0,755.3333333333334,SNHG17_chr20_-_38426418_38427444_38426418_38426503_38427246_38427444_743
698,ENSG00000125835,SNRPB,chr20,-,2465707,2467315,2465707,2465819,2467191,2467315,698,"53,56,49","20,22,17","1697,1770,1595","119,127,124",1521,149,0.0,0.0,"0.206,0.2,0.22","0.583,0.577,0.558",-0.364,1372,72.33333333333333,1810.6666666666665,SNRPB_chr20_-_2465707_2467315_2465707_2465819_2467191_2467315_1372
700,ENSG00000125835,SNRPB,chr20,-,2465707,2467758,2465707,2467315,2467606,2467758,700,"28,46,46","13,16,14","766,736,668","27,34,26",440,149,0.0,0.0,"0.422,0.493,0.527","0.906,0.88,0.897",-0.414,291,54.333333333333336,752.3333333333334,SNRPB_chr20_-_2465707_2467758_2465707_2467315_2467606_2467758_291
709,ENSG00000000419,DPM1,chr20,-,50945736,50945923,50945736,50945762,50945846,50945923,709,"13,6,9","129,167,186","53,40,50","83,96,93",233,149,0.0,0.0,"0.061,0.022,0.03","0.29,0.21,0.256",-0.214,84,170.0,138.33333333333334,DPM1_chr20_-_50945736_50945923_50945736_50945762_50945846_50945923_84
714,ENSG00000124198,ARFGEF2,chr20,+,49013563,49013960,49013563,49013694,49013830,49013960,714,"1,1,1","12,17,12","8,10,8","10,10,10",285,149,5.28003127886e-08,3.4380732771695097e-07,"0.042,0.03,0.042","0.295,0.343,0.295",-0.273,136,14.666666666666666,18.666666666666664,ARFGEF2_chr20_+_49013563_49013960_49013563_49013694_49013830_49013960_136
743,ENSG00000101365,IDH3B,chr20,-,2659698,2660176,2659698,2659793,2660029,2660176,743,"39,54,43","355,361,432","175,130,190","219,278,256",385,149,0.0,0.0,"0.041,0.055,0.037","0.236,0.153,0.223",-0.16,236,428.0,416.0,IDH3B_chr20_-_2659698_2660176_2659698_2659793_2660029_2660176_236
816,ENSG00000163597,SNHG16,chr17,+,76557969,76558600,76557969,76558279,76558373,76558600,816,"19,11,6","10,9,6","18,31,14","2,0,2",243,149,1.99959445446e-07,1.2192407474593428e-06,"0.538,0.428,0.38","0.847,1.0,0.811",-0.437,94,20.333333333333336,22.333333333333332,SNHG16_chr17_+_76557969_76558600_76557969_76558279_76558373_76558600_94
817,ENSG00000163597,SNHG16,chr17,+,76557777,76559043,76557777,76557857,76558373,76559043,817,"45,80,54","38,30,30","86,89,76","32,16,18",665,149,0.00288148041191,0.0089662247625551,"0.21,0.374,0.287","0.376,0.555,0.486",-0.182,516,92.33333333333333,105.66666666666667,SNHG16_chr17_+_76557777_76559043_76557777_76557857_76558373_76559043_516
818,ENSG00000163597,SNHG16,chr17,+,76558373,76559043,76558373,76558600,76558944,76559043,818,"23,36,15","15,25,31","54,37,44","13,6,18",493,149,9.57474325284e-05,0.0004074922431064,"0.317,0.303,0.128","0.557,0.651,0.425",-0.295,344,48.333333333333336,57.333333333333336,SNHG16_chr17_+_76558373_76559043_76558373_76558600_76558944_76559043_344
830,ENSG00000220205,VAMP2,chr17,-,8160405,8161524,8160405,8160871,8161472,8161524,830,"110,171,146","143,95,102","257,228,265","43,22,43",750,149,0.0,0.0,"0.133,0.263,0.221","0.543,0.673,0.55",-0.383,601,255.66666666666669,286.0,VAMP2_chr17_-_8160405_8161524_8160405_8160871_8161472_8161524_601
901,ENSG00000267080,ASB16-AS1,chr17,-,44181622,44183093,44181622,44181720,44182929,44183093,901,"22,36,29","11,7,12","47,21,35","2,3,3",1358,149,0.00121424043967,0.0041109359956548,"0.18,0.361,0.21","0.721,0.434,0.561",-0.322,1209,39.0,37.0,ASB16-AS1_chr17_-_44181622_44183093_44181622_44181720_44182929_44183093_1209
902,ENSG00000267080,ASB16-AS1,chr17,-,44181622,44183093,44181622,44181741,44182929,44183093,902,"22,36,29","3,1,2","46,21,35","0,0,0",1337,149,2.4338370181e-05,0.0001145408065114,"0.45,0.8,0.618","1.0,1.0,1.0",-0.377,1188,31.0,34.0,ASB16-AS1_chr17_-_44181622_44183093_44181622_44181741_44182929_44183093_1188
911,ENSG00000118046,STK11,chr19,+,1220372,1220717,1220372,1220505,1220580,1220717,911,"45,40,40","255,300,298","66,59,55","117,92,89",224,149,0.0,0.0,"0.105,0.081,0.082","0.273,0.299,0.291",-0.198,75,326.0,159.33333333333331,STK11_chr19_+_1220372_1220717_1220372_1220505_1220580_1220717_75
915,ENSG00000072849,DERL2,chr17,-,5481100,5481389,5481100,5481142,5481295,5481389,915,"16,15,26","4,4,1","41,57,62","3,1,0",302,149,0.00132780444252,0.0044565945470762,"0.664,0.649,0.928","0.871,0.966,1.0",-0.199,153,22.0,54.66666666666667,DERL2_chr17_-_5481100_5481389_5481100_5481142_5481295_5481389_153
968,ENSG00000167840,ZNF232,chr17,-,5108925,5109768,5108925,5109052,5109393,5109768,968,"31,44,24","29,28,28","57,38,46","15,13,10",490,149,5.1198618134e-06,2.6418630069982943e-05,"0.245,0.323,0.207","0.536,0.471,0.583",-0.272,341,61.33333333333333,59.666666666666664,ZNF232_chr17_-_5108925_5109768_5108925_5109052_5109393_5109768_341
973,ENSG00000173818,ENDOV,chr17,+,80429772,80430343,80429772,80429831,80430040,80430343,973,"47,62,62","33,25,24","40,27,46","11,5,6",358,149,0.00236822968429,0.0075051536432606,"0.372,0.508,0.518","0.602,0.692,0.761",-0.219,209,84.33333333333333,45.0,ENDOV_chr17_+_80429772_80430343_80429772_80429831_80430040_80430343_209
982,ENSG00000270647,TAF15,chr17,+,35820023,35820437,35820023,35820075,35820331,35820437,982,"26,26,23","1,1,2","22,23,28","21,19,30",405,149,7.516209876709999e-14,8.210013865329383e-13,"0.905,0.905,0.809","0.278,0.308,0.256",0.592,256,26.333333333333332,47.666666666666664,TAF15_chr17_+_35820023_35820437_35820023_35820075_35820331_35820437_256
984,ENSG00000076604,TRAF4,chr17,+,28747842,28748178,28747842,28747947,28748016,28748178,984,"8,10,8","97,63,78","92,79,65","48,41,49",218,149,0.0,0.0,"0.053,0.098,0.066","0.567,0.568,0.476",-0.465,69,88.0,124.66666666666667,TRAF4_chr17_+_28747842_28748178_28747842_28747947_28748016_28748178_69
1005,ENSG00000169733,RFNG,chr17,-,82047901,82049116,82047901,82048807,82049030,82049116,1005,"12,17,8","134,154,111","40,26,32","77,38,60",372,149,1.11022302463e-16,1.4586987213288112e-15,"0.035,0.042,0.028","0.172,0.215,0.176",-0.153,223,145.33333333333334,91.0,RFNG_chr17_-_82047901_82049116_82047901_82048807_82049030_82049116_223
1006,ENSG00000169733,RFNG,chr17,-,82049676,82050006,82049676,82049842,82049917,82050006,1006,"66,58,46","115,115,117","70,65,65","36,20,52",224,149,4.07773548261e-09,2.9490694224869974e-08,"0.276,0.251,0.207","0.564,0.684,0.454",-0.323,75,172.33333333333334,102.66666666666667,RFNG_chr17_-_82049676_82050006_82049676_82049842_82049917_82050006_75
1007,ENSG00000169733,RFNG,chr17,-,82049676,82050555,82049676,82050006,82050401,82050555,1007,"160,191,152","106,96,100","189,145,145","34,22,52",544,149,3.28664031402e-06,1.75224202734467e-05,"0.293,0.353,0.294","0.604,0.644,0.433",-0.247,395,268.3333333333333,195.66666666666666,RFNG_chr17_-_82049676_82050555_82049676_82050006_82050401_82050555_395
1009,ENSG00000169733,RFNG,chr17,-,82050661,82051342,82050661,82050764,82051293,82051342,1009,"122,141,134","84,100,107","136,93,153","42,31,43",678,149,8.83857032008e-09,6.180303337449878e-08,"0.242,0.237,0.216","0.416,0.397,0.439",-0.186,529,229.33333333333334,166.0,RFNG_chr17_-_82050661_82051342_82050661_82050764_82051293_82051342_529
1016,ENSG00000198720,ANKRD13B,chr17,+,29607741,29608110,29607741,29607877,29607985,29608110,1016,"4,6,6","25,24,30","10,10,12","23,8,13",257,149,0.000503789191757,0.0018443130351679,"0.085,0.127,0.104","0.201,0.42,0.349",-0.218,108,31.666666666666664,25.333333333333332,ANKRD13B_chr17_+_29607741_29608110_29607741_29607877_29607985_29608110_108
1030,ENSG00000219200,RNASEK,chr17,+,7012645,7013742,7012645,7012777,7013665,7013742,1030,"61,72,88","2,5,4","289,287,314","0,3,1",1037,149,6.86610137857e-06,3.486883946310927e-05,"0.814,0.674,0.76","1.0,0.932,0.978",-0.221,888,77.33333333333334,298.0,RNASEK_chr17_+_7012645_7013742_7012645_7012777_7013665_7013742_888
1032,ENSG00000167861,HID1,chr17,-,74958326,74958763,74958326,74958478,74958672,74958763,1032,"2,0,9","24,22,9","10,4,5","7,3,5",343,149,0.000320979225862,0.0012267653228597,"0.035,0.0,0.303","0.383,0.367,0.303",-0.238,194,22.0,11.333333333333332,HID1_chr17_-_74958326_74958763_74958326_74958478_74958672_74958763_194
1034,ENSG00000161513,FDXR,chr17,-,74863895,74864347,74863895,74864067,74864147,74864347,1034,"7,8,4","49,40,44","29,29,29","35,45,25",229,149,1.46850420712e-10,1.21155699054459e-09,"0.085,0.115,0.056","0.35,0.295,0.43",-0.273,80,50.66666666666667,64.0,FDXR_chr17_-_74863895_74864347_74863895_74864067_74864147_74864347_80
1057,ENSG00000073350,LLGL2,chr17,+,75574452,75574668,75574452,75574495,75574609,75574668,1057,"13,4,6","25,21,24","8,4,8","3,3,8",263,149,0.00161814729291,0.0053151243820495,"0.228,0.097,0.124","0.602,0.43,0.362",-0.315,114,31.0,11.333333333333334,LLGL2_chr17_+_75574452_75574668_75574452_75574495_75574609_75574668_114
1058,ENSG00000177303,CASKIN2,chr17,-,75503388,75503760,75503388,75503527,75503658,75503760,1058,"1,5,5","21,19,26","16,12,13","19,12,7",280,149,6.52282718727e-07,3.7865216942454153e-06,"0.025,0.123,0.093","0.309,0.347,0.497",-0.304,131,25.666666666666668,26.333333333333332,CASKIN2_chr17_-_75503388_75503760_75503388_75503527_75503658_75503760_131
1062,ENSG00000214087,ARL16,chr17,-,81682033,81682675,81682033,81682149,81682490,81682675,1062,"35,28,28","11,5,3","52,33,32","0,0,0",490,149,2.48666753855e-10,2.008922659152429e-09,"0.492,0.63,0.739","1.0,1.0,1.0",-0.38,341,36.666666666666664,39.0,ARL16_chr17_-_81682033_81682675_81682033_81682149_81682490_81682675_341
1117,ENSG00000131470,PSMC3IP,chr17,-,42573477,42574210,42573477,42573623,42574098,42574210,1117,"67,99,73","133,137,120","310,329,280","80,77,68",624,149,0.0,0.0,"0.107,0.147,0.127","0.481,0.505,0.496",-0.367,475,209.66666666666669,381.3333333333333,PSMC3IP_chr17_-_42573477_42574210_42573477_42573623_42574098_42574210_475
1154,ENSG00000185359,HGS,chr17,+,81696606,81696998,81696606,81696747,81696823,81696998,1154,"15,12,13","157,147,158","29,30,32","74,64,78",225,149,8.72635297355e-14,9.448004451128037e-13,"0.06,0.051,0.052","0.206,0.237,0.214",-0.165,76,167.33333333333334,102.33333333333333,HGS_chr17_+_81696606_81696998_81696606_81696747_81696823_81696998_76
1169,ENSG00000109113,RAB34,chr17,-,28715640,28715901,28715640,28715705,28715799,28715901,1169,"3,6,5","148,172,141","33,31,37","104,49,55",243,149,0.0,0.0,"0.012,0.021,0.021","0.163,0.279,0.292",-0.227,94,158.33333333333331,103.0,RAB34_chr17_-_28715640_28715901_28715640_28715705_28715799_28715901_94
1170,ENSG00000076382,SPAG5,chr17,-,28578009,28578292,28578009,28578090,28578217,28578292,1170,"17,8,6","110,93,104","41,43,45","85,75,59",276,149,1.11022302463e-16,1.4586987213288112e-15,"0.077,0.044,0.03","0.207,0.236,0.292",-0.195,127,112.66666666666666,116.0,SPAG5_chr17_-_28578009_28578292_28578009_28578090_28578217_28578292_127
1171,ENSG00000076382,SPAG5,chr17,-,28578217,28578528,28578217,28578292,28578372,28578528,1171,"19,14,15","144,121,128","141,93,103","70,46,58",229,149,0.0,0.0,"0.079,0.07,0.071","0.567,0.568,0.536",-0.484,80,147.0,170.33333333333331,SPAG5_chr17_-_28578217_28578528_28578217_28578292_28578372_28578528_80
1172,ENSG00000076382,SPAG5,chr17,-,28579140,28579485,28579140,28579252,28579364,28579485,1172,"5,7,12","102,101,106","93,63,63","56,39,56",261,149,0.0,0.0,"0.027,0.038,0.061","0.487,0.48,0.391",-0.411,112,111.0,123.33333333333334,SPAG5_chr17_-_28579140_28579485_28579140_28579252_28579364_28579485_112
1173,ENSG00000076382,SPAG5,chr17,-,28579750,28580120,28579750,28579837,28580008,28580120,1173,"14,32,12","96,126,105","103,84,95","57,47,53",320,149,0.0,0.0,"0.064,0.106,0.051","0.457,0.454,0.455",-0.382,171,128.33333333333334,146.33333333333334,SPAG5_chr17_-_28579750_28580120_28579750_28579837_28580008_28580120_171
1174,ENSG00000109103,UNC119,chr17,-,28546707,28547849,28546707,28547409,28547676,28547849,1174,"28,42,42","54,67,73","102,104,89","26,35,25",416,149,0.0,0.0,"0.157,0.183,0.171","0.584,0.516,0.56",-0.383,267,102.0,127.0,UNC119_chr17_-_28546707_28547849_28546707_28547409_28547676_28547849_267
1197,ENSG00000132475,H3-3B,chr17,-,75778809,75779184,75778809,75778963,75779046,75779184,1197,"44,68,46","2374,2462,2402","853,829,787","2435,2404,2349",232,149,0.0,0.0,"0.012,0.017,0.012","0.184,0.181,0.177",-0.167,83,2465.333333333333,3219.0,H3-3B_chr17_-_75778809_75779184_75778809_75778963_75779046_75779184_83
1201,ENSG00000215041,NEURL4,chr17,-,7318064,7318356,7318064,7318172,7318268,7318356,1201,"27,18,17","77,61,51","45,42,43","28,35,38",245,149,6.41786623845e-11,5.497624629317262e-10,"0.176,0.152,0.169","0.494,0.422,0.408",-0.276,96,83.66666666666667,77.0,NEURL4_chr17_-_7318064_7318356_7318064_7318172_7318268_7318356_96
1204,ENSG00000132522,GPS2,chr17,-,7312660,7313124,7312660,7312839,7313028,7313124,1204,"9,11,6","74,83,72","51,44,62","65,54,54",338,149,0.0,0.0,"0.051,0.055,0.035","0.257,0.264,0.336",-0.239,189,85.0,110.0,GPS2_chr17_-_7312660_7313124_7312660_7312839_7313028_7313124_189
1206,ENSG00000132522,GPS2,chr17,-,7313028,7313291,7313028,7313124,7313211,7313291,1206,"12,13,14","44,48,42","39,16,53","38,31,31",236,149,3.68545415402e-05,0.0001685039843546,"0.147,0.146,0.174","0.393,0.246,0.519",-0.23,87,57.666666666666664,69.33333333333334,GPS2_chr17_-_7313028_7313291_7313028_7313124_7313211_7313291_87
1207,ENSG00000132522,GPS2,chr17,-,7313567,7313988,7313567,7313721,7313905,7313988,1207,"28,31,38","125,113,109","116,87,88","79,60,65",333,149,0.0,0.0,"0.091,0.109,0.135","0.397,0.393,0.377",-0.277,184,148.0,165.0,GPS2_chr17_-_7313567_7313988_7313567_7313721_7313905_7313988_184
1208,ENSG00000132522,GPS2,chr17,-,7313567,7314159,7313567,7313988,7314079,7314159,1208,"22,8,19","98,100,104","58,35,42","77,73,57",240,149,5.5014881539300005e-12,5.1881211403089546e-11,"0.122,0.047,0.102","0.319,0.229,0.314",-0.197,91,117.0,114.0,GPS2_chr17_-_7313567_7314159_7313567_7313988_7314079_7314159_91
1209,ENSG00000132522,GPS2,chr17,-,7314487,7315119,7314487,7314597,7314958,7315119,1209,"22,51,40","146,130,144","114,111,106","95,81,111",510,149,0.0,0.0,"0.042,0.103,0.075","0.26,0.286,0.218",-0.181,361,177.66666666666666,206.0,GPS2_chr17_-_7314487_7315119_7314487_7314597_7314958_7315119_361
1226,ENSG00000170037,CNTROB,chr17,+,7944122,7944638,7944122,7944248,7944475,7944638,1226,"36,56,54","57,50,50","72,48,72","22,15,25",376,149,6.22309459519e-09,4.444035830839745e-08,"0.2,0.307,0.3","0.565,0.559,0.533",-0.283,227,101.0,84.66666666666667,CNTROB_chr17_+_7944122_7944638_7944122_7944248_7944475_7944638_227
1227,ENSG00000170037,CNTROB,chr17,+,7948486,7949137,7948486,7948619,7949084,7949137,1227,"61,78,55","51,50,61","77,64,100","23,26,28",614,149,6.99886371303e-07,4.056484274490857e-06,"0.225,0.275,0.18","0.448,0.374,0.464",-0.202,465,118.66666666666667,106.0,CNTROB_chr17_+_7948486_7949137_7948486_7948619_7949084_7949137_465
1231,ENSG00000187838,PLSCR3,chr17,-,7393143,7393509,7393143,7393364,7393466,7393509,1231,"3,5,2","27,33,33","6,5,8","17,6,13",251,149,0.000240886990551,0.0009426123679006,"0.062,0.083,0.035","0.173,0.331,0.268",-0.197,102,34.333333333333336,18.333333333333332,PLSCR3_chr17_-_7393143_7393509_7393143_7393364_7393466_7393509_102
1244,ENSG00000182087,TMEM259,chr19,-,1011095,1011499,1011095,1011195,1011366,1011499,1244,"87,76,102","279,257,264","128,107,149","144,112,151",320,149,3.33066907388e-16,4.25495855389791e-15,"0.127,0.121,0.152","0.293,0.308,0.315",-0.172,171,355.0,263.66666666666663,TMEM259_chr19_-_1011095_1011499_1011095_1011195_1011366_1011499_171
1248,ENSG00000182087,TMEM259,chr19,-,1012065,1012573,1012065,1012188,1012462,1012573,1248,"238,255,237","270,292,296","254,175,274","139,84,124",423,149,6.6502359175e-14,7.285659052643916e-13,"0.237,0.235,0.22","0.392,0.423,0.438",-0.187,274,529.3333333333334,350.0,TMEM259_chr19_-_1012065_1012573_1012065_1012188_1012462_1012573_274
1252,ENSG00000126581,BECN1,chr17,-,42818543,42819609,42818543,42818680,42818786,42819609,1252,"4,10,7","105,86,106","43,26,40","75,55,65",255,149,0.0,0.0,"0.022,0.064,0.037","0.251,0.216,0.264",-0.203,106,106.0,101.33333333333334,BECN1_chr17_-_42818543_42819609_42818543_42818680_42818786_42819609_106
1253,ENSG00000126581,BECN1,chr17,-,42818543,42819609,42818543,42818680,42819547,42819609,1253,"31,39,43","2,1,3","130,83,113","0,1,0",1016,149,0.000257550054218,0.0010025037429339,"0.694,0.851,0.678","1.0,0.924,1.0",-0.234,867,39.666666666666664,109.0,BECN1_chr17_-_42818543_42819609_42818543_42818680_42819547_42819609_867
1325,ENSG00000063177,RPL18,chr19,-,48616078,48617423,48616078,48616202,48617315,48617423,1325,"318,379,355","13,4,13","1968,1767,1765","164,180,190",1262,149,4.12871868916e-08,2.726874669119628e-07,"0.743,0.918,0.763","0.586,0.537,0.523",0.259,1113,360.6666666666667,2011.3333333333333,RPL18_chr19_-_48616078_48617423_48616078_48616202_48617315_48617423_1113
1358,ENSG00000102977,ACD,chr16,-,67657532,67657853,67657532,67657684,67657761,67657853,1358,"5,4,12","52,57,71","13,5,23","23,24,29",226,149,1.27673599543e-05,6.243323569705378e-05,"0.06,0.044,0.1","0.271,0.121,0.343",-0.177,77,67.0,39.0,ACD_chr16_-_67657532_67657853_67657532_67657684_67657761_67657853_77
1361,ENSG00000102977,ACD,chr16,-,67657985,67658641,67657985,67658362,67658554,67658641,1361,"4,8,8","80,83,78","20,23,25","60,24,43",341,149,2.81845657923e-11,2.519550046130063e-10,"0.021,0.04,0.043","0.127,0.295,0.203",-0.174,192,87.0,65.0,ACD_chr16_-_67657985_67658641_67657985_67658362_67658554_67658641_192
1362,ENSG00000102977,ACD,chr16,-,67658719,67659613,67658719,67658816,67658927,67659613,1362,"7,7,9","110,110,81","32,28,38","44,24,38",260,149,0.0,0.0,"0.035,0.035,0.06","0.294,0.401,0.364",-0.31,111,108.0,68.0,ACD_chr16_-_67658719_67659613_67658719_67658816_67658927_67659613_111
1364,ENSG00000102977,ACD,chr16,-,67658927,67659613,67658927,67659079,67659228,67659613,1364,"33,24,29","91,110,93","55,24,41","45,35,35",298,149,3.49532069954e-09,2.535309238251804e-08,"0.153,0.098,0.135","0.379,0.255,0.369",-0.206,149,126.66666666666667,78.33333333333334,ACD_chr16_-_67658927_67659613_67658927_67659079_67659228_67659613_149
1370,ENSG00000102977,ACD,chr16,-,67657985,67659795,67657985,67659613,67659701,67659795,1370,"3,11,8","122,117,128","28,15,24","52,38,58",237,149,1.6653345369399998e-15,2.0325339207875968e-14,"0.015,0.056,0.038","0.253,0.199,0.206",-0.183,88,129.66666666666666,71.66666666666667,ACD_chr16_-_67657985_67659795_67657985_67659613_67659701_67659795_88
1388,ENSG00000140983,RHOT2,chr16,+,668655,670175,668655,668699,670122,670175,1388,"115,198,164","19,25,36","271,166,223","15,14,19",1572,149,0.000255874001076,0.0009986118519794,"0.365,0.429,0.302","0.631,0.529,0.527",-0.197,1423,185.66666666666666,236.0,RHOT2_chr16_+_668655_670175_668655_668699_670122_670175_1423
1390,ENSG00000140983,RHOT2,chr16,+,670122,670357,670122,670175,670248,670357,1390,"10,25,22","231,254,233","59,36,48","128,115,128",222,149,0.0,0.0,"0.028,0.062,0.06","0.236,0.174,0.201",-0.154,73,258.33333333333337,171.33333333333334,RHOT2_chr16_+_670122_670357_670122_670175_670248_670357_73
1391,ENSG00000140983,RHOT2,chr16,+,670122,670357,670122,670175,670265,670357,1391,"39,63,54","24,45,42","79,47,69","21,11,31",239,149,0.000377157546994,0.0014158268057975,"0.503,0.466,0.445","0.701,0.727,0.581",-0.198,90,89.0,86.0,RHOT2_chr16_+_670122_670357_670122_670175_670265_670357_90
1398,ENSG00000127580,WDR24,chr16,-,685868,686186,685868,685990,686067,686186,1398,"8,14,18","17,31,38","48,28,46","15,14,12",226,149,2.14035456025e-11,1.927363179620244e-10,"0.237,0.229,0.238","0.678,0.569,0.716",-0.42,77,42.0,54.33333333333333,WDR24_chr16_-_685868_686186_685868_685990_686067_686186_77
1409,ENSG00000077235,GTF3C1,chr16,-,27463540,27464836,27463540,27463592,27464319,27464836,1409,"60,65,53","44,64,38","75,68,93","25,19,26",876,149,1.06534308042e-07,6.717756879437471e-07,"0.188,0.147,0.192","0.338,0.378,0.378",-0.189,727,108.0,102.0,GTF3C1_chr16_-_27463540_27464836_27463540_27463592_27464319_27464836_727
1414,ENSG00000102879,CORO1A,chr16,+,30186815,30187223,30186815,30186945,30187038,30187223,1414,"0,2,0","13,12,10","2,5,5","7,8,3",242,149,1.60799587956e-05,7.78076118916844e-05,"0.0,0.093,0.0","0.15,0.278,0.506",-0.28,93,12.333333333333332,10.0,CORO1A_chr16_+_30186815_30187223_30186815_30186945_30187038_30187223_93
1415,ENSG00000174177,CTU2,chr16,+,88714382,88714737,88714382,88714486,88714586,88714737,1415,"2,4,6","70,63,85","17,14,31","51,41,44",249,149,6.1309846088900005e-12,5.752374885901367e-11,"0.017,0.037,0.041","0.166,0.17,0.297",-0.179,100,76.66666666666667,66.0,CTU2_chr16_+_88714382_88714737_88714382_88714486_88714586_88714737_100
1424,ENSG00000261884,,chr16,-,67934796,67935478,67934796,67934948,67935295,67935478,1424,"8,9,8","7,7,7","21,28,37","5,8,10",496,149,0.00136625881162,0.0045669783001367,"0.256,0.279,0.256","0.558,0.513,0.526",-0.269,347,15.333333333333334,36.333333333333336,nan_chr16_-_67934796_67935478_67934796_67934948_67935295_67935478_347
1465,ENSG00000138834,MAPK8IP3,chr16,+,1767804,1768107,1767804,1767918,1768068,1768107,1465,"11,9,8","93,90,76","17,16,18","39,17,38",299,149,1.27696742069e-08,8.8370453930412e-08,"0.056,0.047,0.05","0.178,0.319,0.191",-0.178,150,95.66666666666666,48.33333333333333,MAPK8IP3_chr16_+_1767804_1768107_1767804_1767918_1768068_1768107_150
1471,ENSG00000168488,ATXN2L,chr16,+,28835277,28835758,28835277,28835399,28835545,28835758,1471,"18,21,6","81,83,89","115,93,101","69,37,73",295,149,0.0,0.0,"0.101,0.113,0.033","0.457,0.559,0.411",-0.393,146,99.33333333333333,162.66666666666666,ATXN2L_chr16_+_28835277_28835758_28835277_28835399_28835545_28835758_146
1472,ENSG00000168488,ATXN2L,chr16,+,28835277,28835758,28835277,28835399,28835548,28835758,1472,"24,21,9","497,548,416","121,96,107","296,120,253",298,149,0.0,0.0,"0.024,0.019,0.011","0.17,0.286,0.175",-0.192,149,505.0,331.0,ATXN2L_chr16_+_28835277_28835758_28835277_28835399_28835548_28835758_149
1539,ENSG00000038358,EDC4,chr16,+,67881264,67881533,67881264,67881417,67881496,67881533,1539,"13,6,8","106,103,109","41,32,48","65,62,53",228,149,0.0,0.0,"0.074,0.037,0.046","0.292,0.252,0.372",-0.253,79,115.0,100.33333333333334,EDC4_chr16_+_67881264_67881533_67881264_67881417_67881496_67881533_79
1540,ENSG00000038358,EDC4,chr16,+,67881667,67882109,67881667,67881845,67881953,67882109,1540,"37,49,38","93,78,81","63,40,67","48,38,38",257,149,1.51926248693e-07,9.3989728740737e-07,"0.187,0.267,0.214","0.432,0.379,0.505",-0.216,108,125.33333333333334,98.0,EDC4_chr16_+_67881667_67882109_67881667_67881845_67881953_67882109_108
1548,ENSG00000103042,SLC38A7,chr16,-,58675939,58676346,58675939,58676054,58676288,58676346,1548,"1,11,3","9,23,10","13,11,19","7,12,7",383,149,0.000125630162992,0.0005238018766419,"0.041,0.157,0.105","0.419,0.263,0.514",-0.298,234,19.0,23.0,SLC38A7_chr16_-_58675939_58676346_58675939_58676054_58676288_58676346_234
1551,ENSG00000103549,RNF40,chr16,+,30769185,30769600,30769185,30769398,30769474,30769600,1551,"29,22,26","625,585,624","170,127,175","349,325,282",225,149,0.0,0.0,"0.03,0.024,0.027","0.244,0.206,0.291",-0.22,76,637.0,476.0,RNF40_chr16_+_30769185_30769600_30769185_30769398_30769474_30769600_76
1582,ENSG00000205250,E2F4,chr16,+,67192760,67193170,67192760,67192870,67193008,67193170,1582,"32,37,40","213,181,184","87,82,105","129,102,141",287,149,0.0,0.0,"0.072,0.096,0.101","0.259,0.294,0.279",-0.188,138,229.0,215.33333333333331,E2F4_chr16_+_67192760_67193170_67192760_67192870_67193008_67193170_138
1590,ENSG00000140854,KATNB1,chr16,+,57755789,57756066,57755789,57755917,57755991,57756066,1590,"6,5,7","197,177,170","44,23,26","94,66,77",223,149,0.0,0.0,"0.02,0.019,0.027","0.238,0.189,0.184",-0.182,74,187.33333333333334,110.0,KATNB1_chr16_+_57755789_57756066_57755789_57755917_57755991_57756066_74
1617,ENSG00000197912,SPG7,chr16,+,89554485,89557747,89554485,89556085,89556886,89557747,1617,"19,21,18","7,18,11","38,25,28","2,1,5",950,149,2.08543372694e-05,9.915545807936228e-05,"0.299,0.155,0.204","0.749,0.797,0.468",-0.452,801,31.333333333333332,33.0,SPG7_chr16_+_89554485_89557747_89554485_89556085_89556886_89557747_801
1638,ENSG00000007384,RHBDF1,chr16,-,58973,59349,58973,59127,59248,59349,1638,"7,3,9","20,35,31","10,11,18","16,13,17",270,149,6.95994632784e-05,0.0003031990777862,"0.162,0.045,0.138","0.256,0.318,0.369",-0.199,121,35.0,28.333333333333336,RHBDF1_chr16_-_58973_59349_58973_59127_59248_59349_121
1658,ENSG00000089280,FUS,chr16,+,31184938,31188357,31184938,31185179,31188324,31188357,1658,"1576,1734,1636","49,47,48","2084,1628,2157","115,115,94",3294,149,8.60492310939e-06,4.30605957160156e-05,"0.593,0.625,0.607","0.45,0.39,0.509",0.159,3145,1696.6666666666667,2064.333333333333,FUS_chr16_+_31184938_31188357_31184938_31185179_31188324_31188357_3145
1663,ENSG00000149923,PPP4C,chr16,+,30082745,30083567,30082745,30082847,30083393,30083567,1663,"148,164,164","745,650,669","2097,1354,1798","448,424,430",695,149,0.0,0.0,"0.041,0.051,0.05","0.501,0.406,0.473",-0.413,546,846.6666666666666,2183.666666666667,PPP4C_chr16_+_30082745_30083567_30082745_30082847_30083393_30083567_546
1665,ENSG00000149923,PPP4C,chr16,+,30083393,30083781,30083393,30083567,30083654,30083781,1665,"28,25,33","829,716,756","372,272,333","533,581,549",236,149,0.0,0.0,"0.021,0.022,0.027","0.306,0.228,0.277",-0.247,87,795.6666666666666,880.0,PPP4C_chr16_+_30083393_30083781_30083393_30083567_30083654_30083781_87
1683,ENSG00000090447,TFAP4,chr16,-,4260089,4260595,4260089,4260245,4260454,4260595,1683,"1,0,2","44,45,41","29,14,20","31,31,36",358,149,0.0,0.0,"0.009,0.0,0.02","0.28,0.158,0.188",-0.199,209,44.333333333333336,53.666666666666664,TFAP4_chr16_-_4260089_4260595_4260089_4260245_4260454_4260595_209
1684,ENSG00000090447,TFAP4,chr16,-,4261778,4262422,4261778,4261949,4262323,4262422,1684,"6,7,14","104,112,128","95,61,74","84,46,77",523,149,0.0,0.0,"0.016,0.017,0.03","0.244,0.274,0.215",-0.223,374,123.66666666666667,145.66666666666669,TFAP4_chr16_-_4261778_4262422_4261778_4261949_4262323_4262422_374
1689,ENSG00000182224,CYB5D1,chr17,+,7858402,7858824,7858402,7858479,7858605,7858824,1689,"9,11,13","50,35,31","31,25,21","26,19,17",275,149,2.16035526135e-08,1.4608116529128572e-07,"0.089,0.146,0.185","0.392,0.416,0.401",-0.263,126,49.666666666666664,46.333333333333336,CYB5D1_chr17_+_7858402_7858824_7858402_7858479_7858605_7858824_126
1690,ENSG00000123154,WDR83,chr19,+,12669754,12670080,12669754,12669893,12669976,12670080,1690,"8,8,26","79,88,90","62,32,48","52,43,61",232,149,1.7541523789099997e-14,2.0050559080296349e-13,"0.061,0.055,0.156","0.434,0.323,0.336",-0.274,83,99.66666666666667,99.33333333333334,WDR83_chr19_+_12669754_12670080_12669754_12669893_12669976_12670080_83
1695,ENSG00000099999,RNF215,chr22,-,30379481,30379780,30379481,30379622,30379710,30379780,1695,"27,38,30","106,110,108","32,19,26","44,32,33",237,149,2.60446991875e-05,0.0001219493080535,"0.138,0.178,0.149","0.314,0.272,0.331",-0.151,88,139.66666666666666,62.0,RNF215_chr22_-_30379481_30379780_30379481_30379622_30379710_30379780_88
1708,ENSG00000156858,PRR14,chr16,+,30651595,30651964,30651595,30651668,30651795,30651964,1708,"16,27,27","176,174,157","84,40,77","124,51,118",276,149,0.0,0.0,"0.047,0.077,0.085","0.268,0.297,0.261",-0.206,127,192.33333333333334,164.66666666666669,PRR14_chr16_+_30651595_30651964_30651595_30651668_30651795_30651964_127
1709,ENSG00000156858,PRR14,chr16,+,30652720,30653103,30652720,30652842,30652913,30653103,1709,"24,20,28","209,208,214","172,131,141","106,61,101",220,149,0.0,0.0,"0.072,0.061,0.081","0.524,0.593,0.486",-0.463,71,234.33333333333334,237.33333333333331,PRR14_chr16_+_30652720_30653103_30652720_30652842_30652913_30653103_71
1766,ENSG00000177082,WDR73,chr15,-,84645470,84646348,84645470,84645836,84645972,84646348,1766,"36,34,34","30,32,19","53,47,46","20,21,14",285,149,0.00284590469988,0.008874223101315,"0.386,0.357,0.483","0.581,0.539,0.632",-0.175,136,61.666666666666664,67.0,WDR73_chr15_-_84645470_84646348_84645470_84645836_84645972_84646348_136
1797,ENSG00000089195,TRMT6,chr20,-,5941052,5942036,5941052,5941139,5941950,5942036,1797,"24,19,15","0,0,0","84,70,76","2,6,5",960,149,7.02568838218e-07,4.0688378834523234e-06,"1.0,1.0,1.0","0.867,0.644,0.702",0.262,811,19.333333333333332,81.0,TRMT6_chr20_-_5941052_5942036_5941052_5941139_5941950_5942036_811
1827,ENSG00000130703,OSBPL2,chr20,+,62281057,62281879,62281057,62281165,62281789,62281879,1827,"54,66,54","51,52,61","115,57,86","20,21,36",773,149,3.22738518266e-06,1.7231389868952594e-05,"0.17,0.197,0.146","0.526,0.343,0.315",-0.224,624,112.66666666666666,111.66666666666667,OSBPL2_chr20_+_62281057_62281879_62281057_62281165_62281789_62281879_624
1842,ENSG00000128951,DUT,chr15,+,48341288,48342395,48341288,48341363,48342021,48342395,1842,"15,15,10","0,0,0","32,18,21","8,4,9",807,149,5.00056995811e-10,3.9322905826074805e-09,"1.0,1.0,1.0","0.425,0.454,0.301",0.607,658,13.333333333333334,30.666666666666668,DUT_chr15_+_48341288_48342395_48341288_48341363_48342021_48342395_658
1886,ENSG00000157734,SNX22,chr15,+,64152242,64152742,64152242,64152326,64152637,64152742,1886,"12,3,9","2,7,2","9,10,12","2,0,0",460,149,0.000151554636743,0.0006210207756439,"0.66,0.122,0.593","0.593,1.0,1.0",-0.406,311,11.666666666666666,11.0,SNX22_chr15_+_64152242_64152742_64152242_64152326_64152637_64152742_311
1920,ENSG00000196547,MAN2A2,chr15,+,90912042,90912664,90912042,90912279,90912541,90912664,1920,"19,41,27","32,30,39","29,19,31","16,10,12",411,149,0.00138626171219,0.004625012813626,"0.177,0.331,0.201","0.397,0.408,0.484",-0.193,262,62.666666666666664,39.0,MAN2A2_chr15_+_90912042_90912664_90912042_90912279_90912541_90912664_262
1923,ENSG00000140474,ULK3,chr15,-,74840233,74840641,74840233,74840316,74840497,74840641,1923,"80,81,81","84,71,75","109,99,119","42,42,44",330,149,2.40957873654e-08,1.621907875169677e-07,"0.301,0.34,0.328","0.54,0.516,0.55",-0.212,181,157.33333333333334,151.66666666666666,ULK3_chr15_-_74840233_74840641_74840233_74840316_74840497_74840641_181
1928,ENSG00000140474,ULK3,chr15,-,74842279,74842676,74842279,74842420,74842538,74842676,1928,"10,11,21","3,5,0","14,18,31","0,1,0",267,149,9.04471383834e-05,0.0003873907597581,"0.65,0.551,1.0","1.0,0.909,1.0",-0.236,118,16.666666666666668,21.333333333333332,ULK3_chr15_-_74842279_74842676_74842279_74842420_74842538_74842676_118
1931,ENSG00000140464,PML,chr15,+,74034477,74036394,74034477,74034530,74035171,74036394,1931,"69,82,51","31,34,28","172,108,159","7,3,15",790,149,9.65894031424e-15,1.1249466132547029e-13,"0.296,0.313,0.256","0.823,0.872,0.667",-0.499,641,98.33333333333333,154.66666666666669,PML_chr15_+_74034477_74036394_74034477_74034530_74035171_74036394_641
1941,ENSG00000166140,ZFYVE19,chr15,+,40813337,40813811,40813337,40813417,40813712,40813811,1941,"25,17,3","39,51,64","28,24,18","21,23,24",444,149,4.02481241502e-06,2.110739692649693e-05,"0.177,0.101,0.015","0.309,0.259,0.201",-0.159,295,66.33333333333334,46.0,ZFYVE19_chr15_+_40813337_40813811_40813337_40813417_40813712_40813811_295
1962,ENSG00000235706,DICER1-AS1,chr14,+,95157644,95159035,95157644,95158234,95158875,95159035,1962,"171,165,204","27,25,33","84,54,76","8,2,4",790,149,0.00227742125447,0.0072422388212775,"0.544,0.555,0.538","0.664,0.836,0.782",-0.215,641,208.33333333333334,76.0,DICER1-AS1_chr14_+_95157644_95159035_95157644_95158234_95158875_95159035_641
1976,ENSG00000213928,IRF9,chr14,+,24163377,24163959,24163377,24163508,24163877,24163959,1976,"2,4,1","15,13,6","10,3,11","8,5,9",518,149,0.000188490282067,0.0007551884117106,"0.037,0.081,0.046","0.264,0.147,0.26",-0.169,369,13.666666666666668,15.333333333333332,IRF9_chr14_+_24163377_24163959_24163377_24163508_24163877_24163959_369
1993,ENSG00000100906,NFKBIA,chr14,-,35402770,35403798,35402770,35403360,35403689,35403798,1993,"1,10,1","48,55,53","50,32,33","50,52,71",478,149,4.32986979604e-15,5.1567352538644126e-14,"0.006,0.054,0.006","0.238,0.161,0.127",-0.153,329,56.0,96.0,NFKBIA_chr14_-_35402770_35403798_35402770_35403360_35403689_35403798_329
2019,ENSG00000100938,GMPR2,chr14,+,24238245,24239242,24238245,24238405,24238588,24239242,2019,"50,53,50","368,350,353","133,118,123","188,185,165",332,149,0.0,0.0,"0.057,0.064,0.06","0.241,0.223,0.251",-0.178,183,408.0,304.0,GMPR2_chr14_+_24238245_24239242_24238245_24238405_24238588_24239242_183
2044,ENSG00000100429,HDAC10,chr22,-,50245674,50246092,50245674,50245827,50245909,50246092,2044,"10,12,16","40,36,38","23,15,25","12,12,18",231,149,7.24414728204e-08,4.679858576603969e-07,"0.139,0.177,0.214","0.553,0.446,0.473",-0.314,82,50.666666666666664,35.0,HDAC10_chr22_-_50245674_50246092_50245674_50245827_50245909_50246092_82
2049,ENSG00000100445,SDR39U1,chr14,-,24442345,24442776,24442345,24442452,24442753,24442776,2049,"84,163,140","94,98,109","158,115,170","47,42,45",450,149,7.3729307104e-09,5.1948206455719094e-08,"0.228,0.355,0.298","0.527,0.476,0.556",-0.226,301,229.33333333333331,192.33333333333331,SDR39U1_chr14_-_24442345_24442776_24442345_24442452_24442753_24442776_301
2050,ENSG00000100836,PABPN1,chr14,+,23324137,23326163,23324137,23324289,23325246,23326163,2050,"352,393,358","311,301,327","883,735,886","187,199,197",1106,149,0.0,0.0,"0.132,0.15,0.129","0.389,0.332,0.377",-0.229,957,680.6666666666667,1029.0,PABPN1_chr14_+_23324137_23326163_23324137_23324289_23325246_23326163_957
2052,ENSG00000079134,THOC1,chr18,-,224923,225403,224923,224994,225088,225403,2052,"6,5,4","44,39,47","25,12,19","24,40,39",243,149,3.52984424512e-06,1.872440366807908e-05,"0.077,0.073,0.05","0.39,0.155,0.23",-0.192,94,48.333333333333336,53.0,THOC1_chr18_-_224923_225403_224923_224994_225088_225403_94
2055,ENSG00000100473,COCH,chr14,+,30874558,30874972,30874558,30874591,30874915,30874972,2055,"194,206,185","28,24,31","83,89,103","41,33,22",473,149,0.000135291434878,0.0005602871313175,"0.686,0.73,0.653","0.389,0.459,0.596",0.208,324,222.66666666666666,123.66666666666667,COCH_chr14_+_30874558_30874972_30874558_30874591_30874915_30874972_324
2058,ENSG00000126822,PLEKHG3,chr14,+,64736852,64737375,64736852,64736891,64737355,64737375,2058,"12,4,15","24,25,26","28,22,15","13,11,9",613,149,1.76161159215e-07,1.083075769894721e-06,"0.108,0.037,0.123","0.344,0.327,0.288",-0.23,464,35.333333333333336,32.66666666666667,PLEKHG3_chr14_+_64736852_64737375_64736852_64736891_64737355_64737375_464
2063,ENSG00000172590,MRPL52,chr14,+,22829886,22830110,22829886,22829940,22830052,22830110,2063,"66,34,65","173,167,177","122,140,113","153,144,154",261,149,4.26358948147e-12,4.041379297968482e-11,"0.179,0.104,0.173","0.313,0.357,0.295",-0.17,112,227.33333333333334,275.33333333333337,MRPL52_chr14_+_22829886_22830110_22829886_22829940_22830052_22830110_112
2068,ENSG00000087111,PIGS,chr17,-,28554850,28556972,28554850,28555061,28556826,28556972,2068,"44,39,40","0,2,1","147,79,154","13,10,23",1914,149,0.000607844648096,0.0021840996990466,"1.0,0.603,0.757","0.468,0.381,0.343",0.389,1765,42.0,142.0,PIGS_chr17_-_28554850_28556972_28554850_28555061_28556826_28556972_1765
2084,ENSG00000197102,DYNC1H1,chr14,+,102048515,102049582,102048515,102048669,102049439,102049582,2084,"43,38,50","179,164,146","154,108,118","82,67,58",919,149,0.0,0.0,"0.037,0.036,0.053","0.233,0.207,0.248",-0.187,770,206.66666666666666,195.66666666666669,DYNC1H1_chr14_+_102048515_102049582_102048515_102048669_102049439_102049582_770
2102,ENSG00000119682,AREL1,chr14,-,74669946,74670871,74669946,74670142,74670761,74670871,2102,"13,14,17","1,2,2","28,19,20","0,0,0",768,149,0.000771297577021,0.0027224002431754,"0.716,0.576,0.623","1.0,1.0,1.0",-0.362,619,16.333333333333332,22.333333333333332,AREL1_chr14_-_74669946_74670871_74669946_74670142_74670761_74670871_619
2126,ENSG00000100888,CHD8,chr14,-,21394911,21395892,21394911,21395119,21395816,21395892,2126,"24,13,26","0,3,0","31,18,16","17,13,17",846,149,4.21688975383e-06,2.200531020655881e-05,"1.0,0.433,1.0","0.243,0.196,0.142",0.617,697,22.0,37.333333333333336,CHD8_chr14_-_21394911_21395892_21394911_21395119_21395816_21395892_697
2169,ENSG00000165959,CLMN,chr14,-,95193848,95194596,95193848,95193919,95194535,95194596,2169,"29,36,46","8,12,10","5,8,7","4,7,7",765,149,0.000738646341324,0.0026121477894331,"0.414,0.369,0.473","0.196,0.182,0.163",0.238,616,47.0,12.666666666666668,CLMN_chr14_-_95193848_95194596_95193848_95193919_95194535_95194596_616
2173,ENSG00000100823,APEX1,chr14,+,20455225,20455703,20455225,20455328,20455577,20455703,2173,"340,326,363","72,45,67","508,513,476","35,30,39",398,149,1.23357679627e-09,9.323163831788823e-09,"0.639,0.731,0.67","0.845,0.865,0.82",-0.163,249,404.3333333333333,533.6666666666666,APEX1_chr14_+_20455225_20455703_20455225_20455328_20455577_20455703_249
2183,ENSG00000161914,ZNF653,chr19,-,11486986,11487903,11486986,11487158,11487291,11487903,2183,"1,5,6","21,30,18","9,2,6","6,5,9",282,149,0.00193168167144,0.0062614299657212,"0.025,0.081,0.15","0.442,0.174,0.26",-0.207,133,27.0,12.333333333333334,ZNF653_chr19_-_11486986_11487903_11486986_11487158_11487291_11487903_133
2210,ENSG00000129460,NGDN,chr14,+,23475170,23476152,23475170,23475308,23476028,23476152,2210,"18,33,31","0,0,0","102,92,107","5,10,5",869,149,4.95823686775e-07,2.912619016027526e-06,"1.0,1.0,1.0","0.778,0.612,0.786",0.275,720,27.333333333333332,107.0,NGDN_chr14_+_23475170_23476152_23475170_23475308_23476028_23476152_720
2214,ENSG00000129460,NGDN,chr14,+,23477199,23477560,23477199,23477356,23477502,23477560,2214,"27,25,25","123,124,173","119,129,149","179,210,129",295,149,8.881784196999999e-16,1.1040925001792592e-14,"0.1,0.092,0.068","0.251,0.237,0.368",-0.199,146,165.66666666666666,305.0,NGDN_chr14_+_23477199_23477560_23477199_23477356_23477502_23477560_146
2263,ENSG00000173575,CHD2,chr15,+,92942842,92945865,92942842,92943068,92945820,92945865,2263,"13,21,9","0,1,0","19,19,21","6,5,4",2901,149,6.74495403441e-06,3.43007855303605e-05,"1.0,0.519,1.0","0.14,0.163,0.212",0.668,2752,14.666666666666668,24.666666666666668,CHD2_chr15_+_92942842_92945865_92942842_92943068_92945820_92945865_2752
2279,ENSG00000009830,POMT2,chr14,-,77278728,77279928,77278728,77278869,77279536,77279928,2279,"38,41,34","7,3,4","87,90,122","1,3,4",816,149,0.000754362824132,0.0026639000924871,"0.498,0.714,0.608","0.941,0.846,0.848",-0.272,667,42.33333333333333,102.33333333333334,POMT2_chr14_-_77278728_77279928_77278728_77278869_77279536_77279928_667
2283,ENSG00000009830,POMT2,chr14,-,77278728,77279928,77278728,77278869,77279822,77279928,2283,"62,56,53","32,45,30","126,119,151","33,18,16",1102,149,8.23140605677e-08,5.266958606862191e-07,"0.208,0.144,0.193","0.34,0.472,0.561",-0.276,953,92.66666666666666,154.33333333333334,POMT2_chr14_-_77278728_77279928_77278728_77278869_77279822_77279928_953
2303,ENSG00000120699,EXOSC8,chr13,+,37000785,37001801,37000785,37000822,37001748,37001801,2303,"107,144,104","8,5,7","147,135,161","2,4,1",1075,149,0.00122287954073,0.0041337565276176,"0.65,0.8,0.673","0.911,0.824,0.957",-0.19,926,125.0,150.0,EXOSC8_chr13_+_37000785_37001801_37000785_37000822_37001748_37001801_926
2322,ENSG00000134899,ERCC5,chr13,+,102853756,102854374,102853756,102853872,102854287,102854374,2322,"4,6,5","20,33,29","8,20,19","10,10,11",564,149,6.75023437147e-09,4.797279172178488e-08,"0.05,0.046,0.044","0.174,0.346,0.313",-0.231,415,32.33333333333333,26.0,ERCC5_chr13_+_102853756_102854374_102853756_102853872_102854287_102854374_415
2323,ENSG00000134899,ERCC5,chr13,+,102872197,102873343,102872197,102872398,102873258,102873343,2323,"8,9,7","36,36,46","53,43,37","22,18,22",1009,149,0.0,0.0,"0.032,0.036,0.022","0.262,0.261,0.199",-0.211,860,47.333333333333336,65.0,ERCC5_chr13_+_102872197_102873343_102872197_102872398_102873258_102873343_860
2362,ENSG00000111271,ACAD10,chr12,+,111755667,111757099,111755667,111755745,111756332,111757099,2362,"21,7,21","21,25,23","27,12,26","11,7,14",736,149,0.000420718795279,0.0015595319198494,"0.168,0.054,0.156","0.332,0.258,0.273",-0.162,587,39.33333333333333,32.333333333333336,ACAD10_chr12_+_111755667_111757099_111755667_111755745_111756332_111757099_587
2363,ENSG00000033030,ZCCHC8,chr12,-,122483278,122483563,122483278,122483344,122483459,122483563,2363,"3,13,10","28,24,24","21,30,26","30,19,23",264,149,0.000295111769902,0.0011343598693161,"0.057,0.234,0.19","0.283,0.471,0.39",-0.221,115,34.0,49.66666666666667,ZCCHC8_chr12_-_122483278_122483563_122483278_122483344_122483459_122483563_115
2366,ENSG00000122966,CIT,chr12,-,119710539,119712347,119710539,119710620,119712177,119712347,2366,"56,42,42","22,22,25","62,43,53","13,2,10",1706,149,0.00216301778937,0.0069093200561204,"0.182,0.143,0.128","0.294,0.653,0.316",-0.27,1557,69.66666666666666,61.0,CIT_chr12_-_119710539_119712347_119710539_119710620_119712177_119712347_1557
2383,ENSG00000111641,NOP2,chr12,-,6560097,6560569,6560097,6560326,6560446,6560569,2383,"45,65,72","120,102,118","187,164,182","85,88,95",269,149,0.0,0.0,"0.172,0.261,0.253","0.549,0.508,0.515",-0.295,120,174.0,267.0,NOP2_chr12_-_6560097_6560569_6560097_6560326_6560446_6560569_120
2392,ENSG00000171453,POLR1C,chr6,+,43519705,43520185,43519705,43519838,43520065,43520185,2392,"61,82,84","198,210,187","308,279,286","246,246,247",376,149,0.0,0.0,"0.109,0.134,0.151","0.332,0.31,0.315",-0.188,227,274.0,537.3333333333334,POLR1C_chr6_+_43519705_43520185_43519705_43519838_43520065_43520185_227
2394,ENSG00000171453,POLR1C,chr6,+,43519705,43520427,43519705,43520185,43520274,43520427,2394,"32,15,17","184,186,186","213,224,205","182,242,232",238,149,0.0,0.0,"0.098,0.048,0.054","0.423,0.367,0.356",-0.315,89,206.66666666666669,432.66666666666663,POLR1C_chr6_+_43519705_43520427_43519705_43520185_43520274_43520427_89
2397,ENSG00000204427,ABHD16A,chr6,-,31688040,31688305,31688040,31688103,31688248,31688305,2397,"14,19,10","73,59,57","44,43,50","22,29,22",294,149,0.0,0.0,"0.089,0.14,0.082","0.503,0.429,0.535",-0.385,145,77.33333333333333,70.0,ABHD16A_chr6_-_31688040_31688305_31688040_31688103_31688248_31688305_145
2398,ENSG00000204427,ABHD16A,chr6,-,31688722,31689119,31688722,31688786,31689014,31689119,2398,"14,12,15","67,86,61","31,24,43","46,22,35",377,149,1.13632436793e-11,1.0462118619445285e-10,"0.076,0.052,0.089","0.21,0.301,0.327",-0.207,228,85.0,67.0,ABHD16A_chr6_-_31688722_31689119_31688722_31688786_31689014_31689119_228
2418,ENSG00000241370,RPP21,chr6,+,30345297,30345573,30345297,30345398,30345490,30345573,2418,"41,57,50","340,433,413","112,95,112","163,155,168",241,149,0.0,0.0,"0.069,0.075,0.07","0.298,0.275,0.292",-0.217,92,444.66666666666663,268.3333333333333,RPP21_chr6_+_30345297_30345573_30345297_30345398_30345490_30345573_92
2453,ENSG00000184436,THAP7,chr22,-,21000646,21001411,21000646,21000787,21001255,21001411,2453,"99,90,103","162,149,183","151,150,160","96,81,101",617,149,6.88338275268e-15,8.106363356585186e-14,"0.129,0.127,0.12","0.275,0.309,0.277",-0.162,468,262.0,246.33333333333331,THAP7_chr22_-_21000646_21001411_21000646_21000787_21001255_21001411_468
2459,ENSG00000196182,STK40,chr1,-,36339623,36343448,36339623,36341973,36343363,36343448,2459,"14,26,20","96,92,77","102,82,109","47,26,55",1539,149,0.0,0.0,"0.014,0.027,0.025","0.174,0.234,0.161",-0.168,1390,108.33333333333333,140.33333333333334,STK40_chr1_-_36339623_36343448_36339623_36341973_36343363_36343448_1390
2481,ENSG00000125459,MSTO1,chr1,+,155611215,155611603,155611215,155611355,155611548,155611603,2481,"42,33,36","41,38,31","59,48,63","33,18,22",342,149,0.000116611365854,0.0004881283024183,"0.309,0.274,0.336","0.438,0.537,0.555",-0.204,193,73.66666666666666,81.0,MSTO1_chr1_+_155611215_155611603_155611215_155611355_155611548_155611603_193
2494,ENSG00000146670,CDCA5,chr11,-,65083363,65083550,65083363,65083399,65083484,65083550,2494,"7,10,5","173,181,180","144,141,151","114,121,135",234,149,0.0,0.0,"0.025,0.034,0.017","0.446,0.426,0.416",-0.404,85,185.33333333333334,268.6666666666667,CDCA5_chr11_-_65083363_65083550_65083363_65083399_65083484_65083550_85
2499,ENSG00000141279,NPEPPS,chr17,+,47585499,47586244,47585499,47585745,47586147,47586244,2499,"17,21,23","3,2,2","18,12,12","1,1,0",551,149,0.00317795932582,0.0098020592311981,"0.605,0.74,0.757","0.83,0.764,1.0",-0.164,402,22.666666666666664,14.666666666666666,NPEPPS_chr17_+_47585499_47586244_47585499_47585745_47586147_47586244_402
2515,ENSG00000137070,IL11RA,chr9,+,34656738,34657149,34656738,34656908,34657034,34657149,2515,"1,3,4","20,10,17","7,3,6","5,6,6",275,149,0.000788746102409,0.0027760253671058,"0.026,0.14,0.113","0.431,0.213,0.351",-0.239,126,18.333333333333332,11.0,IL11RA_chr9_+_34656738_34657149_34656738_34656908_34657034_34657149_126
2551,ENSG00000161960,EIF4A1,chr17,+,7574259,7574678,7574259,7574308,7574547,7574678,2551,"69,65,70","42,34,24","374,385,369","52,51,44",388,149,1.6720735907e-11,1.5223910473155115e-10,"0.387,0.423,0.528","0.734,0.744,0.763",-0.301,239,101.33333333333334,425.0,EIF4A1_chr17_+_7574259_7574678_7574259_7574308_7574547_7574678_239
2556,ENSG00000161960,EIF4A1,chr17,+,7577826,7578244,7577826,7577916,7578164,7578244,2556,"456,488,491","4666,5228,4602","2327,2427,2221","3763,3856,3761",397,149,0.0,0.0,"0.035,0.034,0.039","0.188,0.191,0.181",-0.151,248,5310.333333333333,6118.333333333334,EIF4A1_chr17_+_7577826_7578244_7577826_7577916_7578164_7578244_248
2602,ENSG00000147050,KDM6A,chrX,+,45082575,45082789,45082575,45082640,45082714,45082789,2602,"5,6,4","45,40,37","26,24,48","22,15,29",223,149,0.0,0.0,"0.069,0.091,0.067","0.441,0.517,0.525",-0.419,74,45.666666666666664,54.666666666666664,KDM6A_chrX_+_45082575_45082789_45082575_45082640_45082714_45082789_74
2634,ENSG00000011243,AKAP8L,chr19,-,15397713,15400864,15397713,15399410,15400793,15400864,2634,"135,165,189","0,2,0","135,107,166","17,14,9",1532,149,1.2407852523200002e-12,1.2135044110107126e-11,"1.0,0.889,1.0","0.436,0.426,0.642",0.462,1383,163.66666666666666,149.33333333333334,AKAP8L_chr19_-_15397713_15400864_15397713_15399410_15400793_15400864_1383
2648,ENSG00000204628,RACK1,chr5,-,181241491,181242345,181241491,181241639,181242169,181242345,2648,"462,547,520","20,27,34","6649,6350,5754","53,37,31",679,149,0.0,0.0,"0.835,0.816,0.77","0.965,0.974,0.976",-0.165,530,536.6666666666667,6291.333333333333,RACK1_chr5_-_181241491_181242345_181241491_181241639_181242169_181242345_530
2654,ENSG00000172262,ZNF131,chr5,+,43161248,43161931,43161248,43161606,43161708,43161931,2654,"15,24,21","37,41,44","84,91,65","36,37,31",251,149,3.15303338994e-14,3.5490851450178294e-13,"0.194,0.258,0.221","0.581,0.593,0.555",-0.352,102,60.666666666666664,114.66666666666666,ZNF131_chr5_+_43161248_43161931_43161248_43161606_43161708_43161931_102
2655,ENSG00000172262,ZNF131,chr5,+,43161248,43161931,43161248,43161613,43161708,43161931,2655,"15,19,17","9,11,14","75,82,61","22,4,18",244,149,0.000395605477442,0.001475328709814,"0.504,0.513,0.426","0.676,0.926,0.674",-0.278,95,28.333333333333336,87.33333333333334,ZNF131_chr5_+_43161248_43161931_43161248_43161613_43161708_43161931_95
2656,ENSG00000177595,PIDD1,chr11,-,799184,800244,799184,799565,799814,800244,2656,"13,13,14","73,57,77","40,43,24","39,49,43",398,149,2.2795454413e-10,1.8558063438323262e-09,"0.063,0.079,0.064","0.277,0.247,0.173",-0.164,249,82.33333333333333,79.33333333333333,PIDD1_chr11_-_799184_800244_799184_799565_799814_800244_249
2657,ENSG00000177595,PIDD1,chr11,-,799814,800244,799814,800014,800130,800244,2657,"65,90,87","66,47,78","90,61,92","20,32,28",265,149,0.000603905965159,0.00217417925243,"0.356,0.518,0.385","0.717,0.517,0.649",-0.208,116,144.33333333333334,107.66666666666667,PIDD1_chr11_-_799814_800244_799814_800014_800130_800244_116
2658,ENSG00000177595,PIDD1,chr11,-,800761,801120,800761,800912,800984,801120,2658,"43,29,36","19,19,26","42,41,54","11,6,7",221,149,1.70762969333e-05,8.219776828910509e-05,"0.604,0.507,0.483","0.72,0.822,0.839",-0.262,72,57.33333333333333,53.666666666666664,PIDD1_chr11_-_800761_801120_800761_800912_800984_801120_72
2661,ENSG00000177595,PIDD1,chr11,-,801444,802090,801444,801624,801964,802090,2661,"7,7,4","62,64,59","35,15,34","41,32,32",489,149,1.5432100042299997e-14,1.780478542380363e-13,"0.033,0.032,0.02","0.206,0.125,0.245",-0.164,340,67.66666666666666,63.0,PIDD1_chr11_-_801444_802090_801444_801624_801964_802090_340
2667,ENSG00000154134,ROBO3,chr11,+,124878583,124879341,124878583,124878796,124879189,124879341,2667,"35,37,39","46,30,48","44,43,35","13,17,20",542,149,5.45007234608e-05,0.0002419923884753,"0.173,0.253,0.183","0.482,0.41,0.325",-0.203,393,78.33333333333334,57.33333333333333,ROBO3_chr11_+_124878583_124879341_124878583_124878796_124879189_124879341_393
2703,ENSG00000086189,DIMT1,chr5,-,62390875,62392990,62390875,62390982,62392925,62392990,2703,"26,28,25","0,0,0","42,33,50","9,6,6",2092,149,7.62361285211e-11,6.455591433483972e-10,"1.0,1.0,1.0","0.249,0.281,0.372",0.699,1943,26.333333333333332,48.666666666666664,DIMT1_chr5_-_62390875_62392990_62390875_62390982_62392925_62392990_1943
2720,ENSG00000131435,PDLIM4,chr5,+,132271302,132271908,132271302,132271466,132271790,132271908,2720,"9,8,4","35,29,26","6,14,13","9,5,10",473,149,2.78555458831e-05,0.0001300160245264,"0.075,0.08,0.046","0.174,0.469,0.291",-0.244,324,37.0,19.0,PDLIM4_chr5_+_132271302_132271908_132271302_132271466_132271790_132271908_324
2721,ENSG00000108262,GIT1,chr17,-,29575287,29575703,29575287,29575470,29575629,29575703,2721,"1,3,3","55,61,39","10,15,20","24,26,14",308,149,3.0818680940600005e-12,2.9592345912274435e-11,"0.009,0.023,0.036","0.168,0.218,0.409",-0.242,159,54.0,36.33333333333333,GIT1_chr17_-_29575287_29575703_29575287_29575470_29575629_29575703_159
2737,ENSG00000160201,U2AF1,chr21,-,43092955,43094563,43092955,43093249,43094470,43094563,2737,"7,15,11","13,12,12","43,44,52","12,9,7",1370,149,1.04422466785e-07,6.595855387001198e-07,"0.055,0.12,0.091","0.28,0.347,0.447",-0.269,1221,23.333333333333336,55.66666666666667,U2AF1_chr21_-_43092955_43094563_43092955_43093249_43094470_43094563_1221
2758,ENSG00000115661,STK16,chr2,+,219245895,219246876,219245895,219246085,219246656,219246876,2758,"44,33,39","108,81,95","108,119,89","52,42,42",720,149,0.0,0.0,"0.078,0.078,0.078","0.301,0.37,0.305",-0.247,571,133.33333333333334,150.66666666666666,STK16_chr2_+_219245895_219246876_219245895_219246085_219246656_219246876_571
2762,ENSG00000124177,CHD6,chr20,-,41496808,41498226,41496808,41497501,41498167,41498226,2762,"7,13,6","15,14,19","9,15,14","6,5,11",815,149,0.00241079101336,0.0076334823510507,"0.079,0.145,0.055","0.215,0.354,0.189",-0.16,666,24.666666666666664,20.0,CHD6_chr20_-_41496808_41498226_41496808_41497501_41498167_41498226_666
2887,ENSG00000184205,TSPYL2,chrX,+,53084531,53084866,53084531,53084622,53084754,53084866,2887,"37,45,50","80,86,94","373,340,311","38,28,36",281,149,0.0,0.0,"0.197,0.217,0.22","0.839,0.866,0.821",-0.631,132,130.66666666666669,375.3333333333333,TSPYL2_chrX_+_53084531_53084866_53084531_53084622_53084754_53084866_132
2896,ENSG00000162413,KLHL21,chr1,-,6590723,6595557,6590723,6593658,6595484,6595557,2896,"104,118,140","46,54,58","268,163,243","33,10,27",1975,149,7.5698336488e-12,7.048631987735082e-11,"0.146,0.142,0.154","0.38,0.552,0.404",-0.298,1826,173.33333333333334,248.0,KLHL21_chr1_-_6590723_6595557_6590723_6593658_6595484_6595557_1826
2900,ENSG00000103502,CDIPT,chr16,-,29860580,29861259,29860580,29860662,29861105,29861259,2900,"26,25,18","269,301,304","187,185,216","158,144,151",592,149,0.0,0.0,"0.024,0.02,0.015","0.23,0.244,0.265",-0.227,443,314.3333333333333,347.0,CDIPT_chr16_-_29860580_29861259_29860580_29860662_29861105_29861259_443
2901,ENSG00000103502,CDIPT,chr16,-,29862585,29862869,29862585,29862720,29862814,29862869,2901,"44,43,44","347,339,384","101,67,78","159,160,186",243,149,0.0,0.0,"0.072,0.072,0.066","0.28,0.204,0.205",-0.16,94,400.33333333333337,250.33333333333334,CDIPT_chr16_-_29862585_29862869_29862585_29862720_29862814_29862869_94
2910,ENSG00000099949,LZTR1,chr22,+,20994103,20994727,20994103,20994269,20994557,20994727,2910,"82,82,91","59,51,62","114,58,80","28,24,15",437,149,5.4047170797e-05,0.0002401229297021,"0.322,0.354,0.334","0.581,0.452,0.645",-0.223,288,142.33333333333334,106.33333333333333,LZTR1_chr22_+_20994103_20994727_20994103_20994269_20994557_20994727_288
2954,ENSG00000105443,CYTH2,chr19,+,48474837,48478145,48474837,48474949,48478068,48478145,2954,"67,70,46","43,37,40","238,151,242","22,20,30",3268,149,0.0,0.0,"0.066,0.079,0.05","0.33,0.256,0.269",-0.22,3119,101.0,234.33333333333334,CYTH2_chr19_+_48474837_48478145_48474837_48474949_48478068_48478145_3119
2964,ENSG00000127419,TMEM175,chr4,+,947708,948154,947708,947892,948115,948154,2964,"18,14,16","24,30,33","23,11,19","12,11,15",372,149,0.00248747172055,0.0078493552070688,"0.231,0.157,0.163","0.434,0.286,0.337",-0.169,223,45.0,30.333333333333336,TMEM175_chr4_+_947708_948154_947708_947892_948115_948154_223
2996,ENSG00000174720,LARP7,chr4,+,112647033,112647549,112647033,112647127,112647198,112647549,2996,"3,7,7","85,78,67","14,17,16","31,34,35",220,149,2.71955125086e-10,2.192267078204175e-09,"0.023,0.057,0.066","0.234,0.253,0.236",-0.192,71,82.33333333333334,49.0,LARP7_chr4_+_112647033_112647549_112647033_112647127_112647198_112647549_71
3020,ENSG00000160972,PPP1R16A,chr8,+,144500095,144500391,144500095,144500199,144500266,144500391,3020,"54,59,58","29,57,47","107,73,97","25,19,44",216,149,9.19150341758e-05,0.0003923124926902,"0.562,0.417,0.46","0.747,0.726,0.603",-0.212,67,101.33333333333334,121.66666666666666,PPP1R16A_chr8_+_144500095_144500391_144500095_144500199_144500266_144500391_67
3022,ENSG00000083838,ZNF446,chr19,+,58479642,58480019,58479642,58479727,58479929,58480019,3022,"22,12,15","13,14,18","12,30,22","4,6,7",351,149,0.000489623721265,0.0017960166705517,"0.418,0.267,0.261","0.56,0.68,0.572",-0.289,202,31.333333333333332,27.0,ZNF446_chr19_+_58479642_58480019_58479642_58479727_58479929_58480019_202
3047,ENSG00000077232,DNAJC10,chr2,+,182717015,182718290,182717015,182717072,182718156,182718290,3047,"124,116,119","0,0,0","75,68,85","3,1,2",1233,149,0.00120956551855,0.004096987059162,"1.0,1.0,1.0","0.751,0.892,0.837",0.173,1084,119.66666666666667,78.0,DNAJC10_chr2_+_182717015_182718290_182717015_182717072_182718156_182718290_1084
3067,ENSG00000123737,EXOSC9,chr4,+,121813865,121816447,121813865,121814047,121816368,121816447,3067,"287,311,298","116,105,120","441,374,495","67,57,59",2470,149,8.54871728961e-15,9.987931719379785e-14,"0.13,0.152,0.13","0.284,0.284,0.336",-0.164,2321,412.33333333333337,497.6666666666667,EXOSC9_chr4_+_121813865_121816447_121813865_121814047_121816368_121816447_2321
3110,ENSG00000105821,DNAJC2,chr7,-,103322510,103322794,103322510,103322632,103322702,103322794,3110,"12,24,24","38,67,64","100,131,117","27,38,34",219,149,0.0,0.0,"0.177,0.196,0.203","0.716,0.701,0.701",-0.514,70,76.33333333333334,149.0,DNAJC2_chr7_-_103322510_103322794_103322510_103322632_103322702_103322794_70
3138,ENSG00000100650,SRSF5,chr14,+,69768797,69769251,69768797,69768896,69769181,69769251,3138,"209,337,314","835,782,853","865,762,731","759,593,696",434,149,0.0,0.0,"0.079,0.129,0.112","0.281,0.306,0.265",-0.177,285,1110.0,1468.6666666666665,SRSF5_chr14_+_69768797_69769251_69768797_69768896_69769181_69769251_285
3148,ENSG00000203875,SNHG5,chr6,-,85677423,85677875,85677423,85677492,85677790,85677875,3148,"41,52,52","16,22,26","107,78,103","17,18,18",447,149,0.000108978433372,0.0004587780798283,"0.461,0.441,0.4","0.677,0.591,0.656",-0.207,298,69.66666666666667,113.66666666666667,SNHG5_chr6_-_85677423_85677875_85677423_85677492_85677790_85677875_298
3165,ENSG00000251022,THAP9-AS1,chr4,-,82900076,82900566,82900076,82900223,82900333,82900566,3165,"5,8,8","210,257,240","162,168,143","416,413,361",259,149,0.0,0.0,"0.014,0.018,0.019","0.183,0.19,0.186",-0.169,110,242.66666666666666,554.3333333333334,THAP9-AS1_chr4_-_82900076_82900566_82900076_82900223_82900333_82900566_110
3170,ENSG00000141562,NARF,chr17,+,82483715,82484950,82483715,82483779,82484812,82484950,3170,"155,236,187","195,211,167","279,171,227","86,64,80",1182,149,0.0,0.0,"0.091,0.124,0.124","0.29,0.252,0.263",-0.155,1033,383.66666666666663,302.3333333333333,NARF_chr17_+_82483715_82484950_82483715_82483779_82484812_82484950_1033
3201,ENSG00000163161,ERCC3,chr2,-,127289336,127289824,127289336,127289501,127289688,127289824,3201,"48,33,45","99,94,94","108,58,89","89,76,72",336,149,2.1991946908e-07,1.3365311602359834e-06,"0.177,0.135,0.175","0.35,0.253,0.354",-0.157,187,137.66666666666669,164.0,ERCC3_chr2_-_127289336_127289824_127289336_127289501_127289688_127289824_187
3223,ENSG00000184661,CDCA2,chr8,+,25460239,25460554,25460239,25460300,25460383,25460554,3223,"4,6,2","28,24,17","71,71,50","20,19,21",232,149,0.0,0.0,"0.084,0.138,0.07","0.695,0.706,0.605",-0.571,83,27.0,84.0,CDCA2_chr8_+_25460239_25460554_25460239_25460300_25460383_25460554_83
3286,ENSG00000182481,KPNA2,chr17,+,68043837,68044503,68043837,68044071,68044324,68044503,3286,"58,57,42","0,0,0","148,127,140","14,11,19",402,149,3.47413764423e-10,2.764335384158871e-09,"1.0,1.0,1.0","0.797,0.811,0.732",0.22,253,52.333333333333336,153.0,KPNA2_chr17_+_68043837_68044503_68043837_68044071_68044324_68044503_253
3291,ENSG00000160789,LMNA,chr1,+,156135860,156136436,156135860,156136121,156136213,156136436,3291,"3,0,3","110,118,134","53,38,50","103,112,117",241,149,0.0,0.0,"0.017,0.0,0.014","0.241,0.173,0.209",-0.197,92,122.66666666666667,157.66666666666669,LMNA_chr1_+_156135860_156136436_156135860_156136121_156136213_156136436_92
3295,ENSG00000160789,LMNA,chr1,+,156137653,156138757,156137653,156137743,156138487,156138757,3295,"53,43,61","48,52,35","156,122,160","49,28,34",893,149,7.07179870219e-11,6.022856011184655e-10,"0.156,0.121,0.225","0.347,0.421,0.44",-0.235,744,97.33333333333334,183.0,LMNA_chr1_+_156137653_156138757_156137653_156137743_156138487_156138757_744
3299,ENSG00000182504,CEP97,chr3,+,101757062,101758423,101757062,101757196,101757810,101758423,3299,"21,27,33","0,1,0","24,30,30","0,2,4",763,149,0.00105808692809,0.0036406868019648,"1.0,0.841,1.0","1.0,0.745,0.594",0.167,614,27.333333333333332,30.0,CEP97_chr3_+_101757062_101758423_101757062_101757196_101757810_101758423_614
3301,ENSG00000066654,THUMPD1,chr16,-,20733663,20737286,20733663,20736358,20736859,20737286,3301,"136,129,106","17,20,21","224,218,221","20,13,13",650,149,0.000361568659796,0.0013656383549532,"0.647,0.597,0.536","0.72,0.794,0.796",-0.177,501,143.0,236.33333333333334,THUMPD1_chr16_-_20733663_20737286_20733663_20736358_20736859_20737286_501
3318,ENSG00000089818,NECAP1,chr12,+,8090194,8092784,8090194,8090299,8092675,8092784,3318,"112,135,132","5,4,7","197,169,188","29,26,19",2525,149,6.49624997408e-05,0.0002850166952383,"0.569,0.666,0.527","0.286,0.277,0.369",0.277,2376,131.66666666666666,209.33333333333331,NECAP1_chr12_+_8090194_8092784_8090194_8090299_8092675_8092784_2376
3322,ENSG00000089818,NECAP1,chr12,+,8090194,8093055,8090194,8092784,8092871,8093055,3322,"7,16,6","106,92,93","47,69,59","67,57,68",236,149,0.0,0.0,"0.04,0.099,0.039","0.307,0.433,0.354",-0.305,87,106.66666666666667,122.33333333333334,NECAP1_chr12_+_8090194_8093055_8090194_8092784_8092871_8093055_87
3324,ENSG00000198218,QRICH1,chr3,-,49032621,49033228,49032621,49032773,49033119,49033228,3324,"102,126,114","131,120,124","207,147,190","105,75,77",495,149,2.32009522705e-10,1.8867382330988107e-09,"0.19,0.24,0.217","0.372,0.371,0.426",-0.174,346,239.0,267.0,QRICH1_chr3_-_49032621_49033228_49032621_49032773_49033119_49033228_346
3339,ENSG00000178035,IMPDH2,chr3,-,49027709,49028532,49027709,49027916,49028430,49028532,3339,"103,131,127","48,45,47","308,240,245","41,51,44",663,149,1.59961584134e-06,8.814599531682507e-06,"0.325,0.395,0.378","0.628,0.514,0.556",-0.2,514,167.0,309.66666666666663,IMPDH2_chr3_-_49027709_49028532_49027709_49027916_49028430_49028532_514
3341,ENSG00000178035,IMPDH2,chr3,-,49028430,49028806,49028430,49028532,49028721,49028806,3341,"29,48,25","7,6,6","50,33,49","0,0,1",338,149,5.18421827689e-09,3.7201426391210664e-08,"0.646,0.779,0.647","1.0,1.0,0.956",-0.295,189,40.333333333333336,44.333333333333336,IMPDH2_chr3_-_49028430_49028806_49028430_49028532_49028721_49028806_189
3348,ENSG00000075826,SEC31B,chr10,-,100488857,100489398,100488857,100488977,100489251,100489398,3348,"34,49,47","7,4,11","49,34,56","4,0,0",423,149,5.3255164528e-05,0.0002371348067196,"0.631,0.812,0.601","0.812,1.0,1.0",-0.256,274,50.66666666666667,47.66666666666667,SEC31B_chr10_-_100488857_100489398_100488857_100488977_100489251_100489398_274
3357,ENSG00000206573,THUMPD3-AS1,chr3,-,9390289,9391826,9390289,9390497,9391678,9391826,3357,"491,516,510","57,60,58","490,395,424","24,30,24",1330,149,7.44125556176e-05,0.0003230231103353,"0.491,0.491,0.496","0.696,0.596,0.664",-0.159,1181,564.0,462.3333333333333,THUMPD3-AS1_chr3_-_9390289_9391826_9390289_9390497_9391678_9391826_1181
3370,ENSG00000162736,NCSTN,chr1,+,160354117,160356347,160354117,160354290,160356259,160356347,3370,"48,48,47","0,0,0","96,100,125","0,1,8",2118,149,3.55749100485e-05,0.0001632598730877,"1.0,1.0,1.0","1.0,0.876,0.524",0.2,1969,47.666666666666664,110.0,NCSTN_chr1_+_160354117_160356347_160354117_160354290_160356259_160356347_1969
3375,ENSG00000162736,NCSTN,chr1,+,160355862,160357253,160355862,160356754,160357040,160357253,3375,"54,48,42","159,186,186","112,86,96","71,54,64",435,149,0.0,0.0,"0.104,0.081,0.072","0.351,0.353,0.339",-0.262,286,225.0,161.0,NCSTN_chr1_+_160355862_160357253_160355862_160356754_160357040_160357253_286
3381,ENSG00000149480,MTA2,chr11,-,62597315,62597712,62597315,62597415,62597609,62597712,3381,"13,9,16","276,237,247","177,143,173","209,177,191",343,149,0.0,0.0,"0.02,0.016,0.027","0.269,0.26,0.282",-0.249,194,266.0,356.6666666666667,MTA2_chr11_-_62597315_62597712_62597315_62597415_62597609_62597712_194
3392,ENSG00000250337,PURPL,chr5,+,27475534,27477801,27475534,27475695,27477638,27477801,3392,"131,187,154","20,22,12","142,153,152","5,5,8",2092,149,0.000421095313423,0.0015601444025666,"0.318,0.377,0.478","0.669,0.685,0.575",-0.252,1943,175.33333333333334,155.0,PURPL_chr5_+_27475534_27477801_27475534_27475695_27477638_27477801_1943
3406,ENSG00000114416,FXR1,chr3,+,180962882,180963090,180962882,180962940,180963027,180963090,3406,"139,140,131","429,517,481","169,185,170","201,177,218",236,149,0.0,0.0,"0.17,0.146,0.147","0.347,0.398,0.33",-0.204,87,612.3333333333334,373.3333333333333,FXR1_chr3_+_180962882_180963090_180962882_180962940_180963027_180963090_87
3447,ENSG00000114745,GORASP1,chr3,-,39100304,39100877,39100304,39100503,39100787,39100877,3447,"24,42,29","3,4,0","50,38,45","0,0,0",433,149,0.000434313363375,0.0016058937782478,"0.734,0.783,1.0","1.0,1.0,1.0",-0.161,284,34.0,44.333333333333336,GORASP1_chr3_-_39100304_39100877_39100304_39100503_39100787_39100877_284
3450,ENSG00000114745,GORASP1,chr3,-,39100304,39101102,39100304,39100877,39101015,39101102,3450,"9,12,27","54,60,55","35,23,30","40,30,40",287,149,1.08231461018e-05,5.3564417436790345e-05,"0.08,0.094,0.203","0.312,0.285,0.28",-0.167,138,72.33333333333334,66.0,GORASP1_chr3_-_39100304_39101102_39100304_39100877_39101015_39101102_138
3461,ENSG00000115524,SF3B1,chr2,-,197418508,197420542,197418508,197418588,197418895,197420542,3461,"22,24,21","3,0,2","42,22,44","9,9,12",456,149,0.0021114070118,0.0067608973873075,"0.706,1.0,0.774","0.604,0.444,0.545",0.296,307,24.0,46.0,SF3B1_chr2_-_197418508_197420542_197418508_197418588_197418895_197420542_307
3476,ENSG00000179222,MAGED1,chrX,+,51897794,51900296,51897794,51898193,51900181,51900296,3476,"104,137,121","0,0,0","135,113,156","2,9,5",2137,149,1.34130236917e-08,9.247597286602503e-08,"1.0,1.0,1.0","0.825,0.467,0.685",0.341,1988,120.66666666666667,140.0,MAGED1_chrX_+_51897794_51900296_51897794_51898193_51900181_51900296_1988
3490,ENSG00000161204,ABCF3,chr3,+,184187396,184187761,184187396,184187443,184187663,184187761,3490,"9,19,14","73,67,89","66,49,59","51,28,41",369,149,0.0,0.0,"0.047,0.103,0.06","0.343,0.414,0.368",-0.305,220,90.33333333333333,98.0,ABCF3_chr3_+_184187396_184187761_184187396_184187443_184187663_184187761_220
3491,ENSG00000161204,ABCF3,chr3,+,184187663,184187983,184187663,184187761,184187860,184187983,3491,"8,6,7","73,72,77","30,30,25","48,42,59",248,149,1.1310952174900001e-12,1.1106392401524147e-11,"0.062,0.048,0.052","0.273,0.3,0.203",-0.205,99,81.0,78.0,ABCF3_chr3_+_184187663_184187983_184187663_184187761_184187860_184187983_99
3493,ENSG00000161204,ABCF3,chr3,+,184189254,184189443,184189254,184189277,184189387,184189443,3493,"2,0,4","56,49,45","16,10,16","34,38,32",259,149,1.17963638857e-10,9.80904852837937e-10,"0.02,0.0,0.049","0.213,0.131,0.223",-0.166,110,52.0,48.666666666666664,ABCF3_chr3_+_184189254_184189443_184189254_184189277_184189387_184189443_110
3494,ENSG00000161204,ABCF3,chr3,+,184189387,184189757,184189387,184189443,184189556,184189757,3494,"2,8,4","68,52,46","21,20,13","42,36,43",262,149,1.84763030431e-08,1.257410337974658e-07,"0.016,0.08,0.047","0.221,0.24,0.147",-0.155,113,60.0,58.333333333333336,ABCF3_chr3_+_184189387_184189757_184189387_184189443_184189556_184189757_113
3495,ENSG00000161204,ABCF3,chr3,+,184192600,184192896,184192600,184192689,184192804,184192896,3495,"11,12,4","73,82,91","39,39,52","58,43,49",264,149,0.0,0.0,"0.078,0.076,0.024","0.275,0.339,0.375",-0.27,115,91.0,93.33333333333334,ABCF3_chr3_+_184192600_184192896_184192600_184192689_184192804_184192896_115
3501,ENSG00000158411,MITD1,chr2,-,99169262,99169610,99169262,99169470,99169549,99169610,3501,"21,16,22","64,58,44","29,20,44","28,24,19",228,149,1.70903011881e-05,8.221158565011753e-05,"0.177,0.153,0.246","0.404,0.353,0.602",-0.261,79,75.0,54.66666666666667,MITD1_chr2_-_99169262_99169610_99169262_99169470_99169549_99169610_79
3502,ENSG00000151967,SCHIP1,chr3,+,159886206,159888943,159886206,159886324,159888819,159888943,3502,"23,37,30","0,0,0","23,17,29","0,4,1",2644,149,0.000210134618139,0.0008342118388916,"1.0,1.0,1.0","1.0,0.193,0.62",0.396,2495,30.0,24.666666666666668,SCHIP1_chr3_+_159886206_159888943_159886206_159886324_159888819_159888943_2495
3541,ENSG00000013441,CLK1,chr2,-,200856890,200857884,200856890,200856985,200857717,200857884,3541,"33,28,31","147,164,104","229,184,211","129,131,156",881,149,0.0,0.0,"0.037,0.028,0.048","0.231,0.192,0.186",-0.165,732,169.0,346.66666666666663,CLK1_chr2_-_200856890_200857884_200856890_200856985_200857717_200857884_732
3542,ENSG00000013441,CLK1,chr2,-,200859679,200861466,200859679,200859746,200861237,200861466,3542,"173,240,259","81,101,76","435,394,446","45,32,41",1640,149,0.0,0.0,"0.163,0.178,0.236","0.468,0.528,0.497",-0.305,1491,310.0,464.3333333333333,CLK1_chr2_-_200859679_200861466_200859679_200859746_200861237_200861466_1491
3556,ENSG00000168291,PDHB,chr3,-,58429707,58430238,58429707,58429941,58430127,58430238,3556,"16,9,11","0,1,2","13,3,11","5,4,6",335,149,0.000127315863117,0.0005302314344365,"1.0,0.8,0.71","0.536,0.25,0.449",0.425,186,13.0,14.0,PDHB_chr3_-_58429707_58430238_58429707_58429941_58430127_58430238_186
3573,ENSG00000240303,ACAD11,chr3,-,132578795,132579558,132578795,132579056,132579491,132579558,3573,"208,245,240","22,7,17","109,44,110","26,11,19",584,149,7.37872036383e-06,3.736932178773712e-05,"0.707,0.899,0.783","0.517,0.505,0.596",0.257,435,246.33333333333334,106.33333333333334,ACAD11_chr3_-_132578795_132579558_132578795_132579056_132579491_132579558_435
3589,ENSG00000163930,BAP1,chr3,-,52402778,52403298,52402778,52402940,52403137,52403298,3589,"15,25,18","23,24,23","74,62,50","12,8,8",346,149,2.33146835171e-15,2.8268575220076583e-14,"0.219,0.31,0.252","0.726,0.769,0.729",-0.481,197,42.666666666666664,71.33333333333333,BAP1_chr3_-_52402778_52403298_52402778_52402940_52403137_52403298_197
3590,ENSG00000163930,BAP1,chr3,-,52406252,52406907,52406252,52406322,52406828,52406907,3590,"116,135,137","31,31,15","173,145,129","5,12,4",655,149,4.13435271995e-06,2.1620439436339093e-05,"0.46,0.498,0.675","0.887,0.733,0.88",-0.289,506,155.0,156.0,BAP1_chr3_-_52406252_52406907_52406252_52406322_52406828_52406907_506
3608,ENSG00000213523,SRA1,chr5,-,140551060,140552184,140551060,140551169,140551981,140552184,3608,"25,22,20","51,53,63","69,32,60","27,28,36",961,149,3.00004465714e-11,2.65934330712146e-10,"0.071,0.06,0.047","0.284,0.151,0.205",-0.154,812,78.0,84.0,SRA1_chr5_-_140551060_140552184_140551060_140551169_140551981_140552184_812
3614,ENSG00000156976,EIF4A2,chr3,+,186784563,186786051,186784563,186784696,186785882,186786051,3614,"120,151,135","374,402,323","1390,1339,1293","603,555,545",1335,149,0.0,0.0,"0.035,0.04,0.045","0.205,0.212,0.209",-0.169,1186,501.66666666666663,1908.3333333333335,EIF4A2_chr3_+_186784563_186786051_186784563_186784696_186785882_186786051_1186
3616,ENSG00000165782,PIP4P1,chr14,-,20457857,20459296,20457857,20458702,20459205,20459296,3616,"32,30,40","89,94,101","156,137,153","66,81,78",652,149,0.0,0.0,"0.076,0.068,0.083","0.351,0.279,0.31",-0.238,503,128.66666666666669,223.66666666666666,PIP4P1_chr14_-_20457857_20459296_20457857_20458702_20459205_20459296_503
3630,ENSG00000010295,IFFO1,chr12,-,6548064,6548545,6548064,6548160,6548424,6548545,3630,"53,47,51","49,44,39","76,55,90","21,16,29",413,149,4.14808867255e-08,2.737219549428883e-07,"0.281,0.278,0.321","0.566,0.554,0.528",-0.256,264,94.33333333333334,95.66666666666667,IFFO1_chr12_-_6548064_6548545_6548064_6548160_6548424_6548545_264
3631,ENSG00000155975,VPS37A,chr8,+,17280238,17280443,17280238,17280297,17280374,17280443,3631,"1,0,4","31,34,32","9,11,5","11,17,16",226,149,4.31819510149e-08,2.8418496104636504e-07,"0.021,0.0,0.076","0.35,0.299,0.171",-0.241,77,34.0,23.0,VPS37A_chr8_+_17280238_17280443_17280238_17280297_17280374_17280443_77
3636,ENSG00000165195,PIGA,chrX,-,15324664,15325152,15324664,15324871,15325019,15325152,3636,"6,12,9","25,19,34","18,17,26","22,23,16",297,149,0.0010482578877,0.0036091915118816,"0.107,0.241,0.117","0.291,0.271,0.449",-0.182,148,35.0,40.666666666666664,PIGA_chrX_-_15324664_15325152_15324664_15324871_15325019_15325152_148
3641,ENSG00000060971,ACAA1,chr3,-,38125825,38126700,38125825,38125881,38126161,38126700,3641,"13,7,23","94,68,66","81,65,59","59,66,64",429,149,0.0,0.0,"0.046,0.035,0.108","0.323,0.255,0.243",-0.211,280,90.33333333333333,131.33333333333331,ACAA1_chr3_-_38125825_38126700_38125825_38125881_38126161_38126700_280
3643,ENSG00000060971,ACAA1,chr3,-,38126161,38126700,38126161,38126341,38126509,38126700,3643,"36,33,24","74,48,53","99,59,92","36,52,45",317,149,1.20846913143e-07,7.568563245529363e-07,"0.186,0.244,0.175","0.564,0.348,0.49",-0.266,168,89.33333333333334,127.66666666666666,ACAA1_chr3_-_38126161_38126700_38126161_38126341_38126509_38126700_168
3667,ENSG00000178149,DALRD3,chr3,-,49015818,49016086,49015818,49015872,49015972,49016086,3667,"14,43,29","57,43,36","45,43,57","28,25,32",249,149,0.00018312551177,0.0007380997701472,"0.128,0.374,0.325","0.49,0.507,0.516",-0.229,100,74.0,76.66666666666667,DALRD3_chr3_-_49015818_49016086_49015818_49015872_49015972_49016086_100
3669,ENSG00000178149,DALRD3,chr3,-,49015972,49016340,49015972,49016060,49016157,49016340,3669,"22,35,34","20,10,5","47,50,35","6,4,3",246,149,0.00272013518836,0.0085180145169,"0.4,0.679,0.805","0.826,0.883,0.876",-0.234,97,42.0,48.333333333333336,DALRD3_chr3_-_49015972_49016340_49015972_49016060_49016157_49016340_97
3670,ENSG00000178149,DALRD3,chr3,-,49015972,49016340,49015972,49016086,49016157,49016340,3670,"13,23,26","45,45,50","41,39,24","24,23,23",220,149,1.04080418706e-06,5.86216484916174e-06,"0.164,0.257,0.26","0.536,0.535,0.414",-0.268,71,67.33333333333333,58.0,DALRD3_chr3_-_49015972_49016340_49015972_49016086_49016157_49016340_71
3671,ENSG00000178149,DALRD3,chr3,-,49017227,49017513,49017227,49017356,49017433,49017513,3671,"18,22,17","83,103,89","16,34,35","46,32,47",226,149,1.20308750785e-05,5.9066477114125e-05,"0.125,0.123,0.112","0.187,0.412,0.329",-0.189,77,110.66666666666667,70.0,DALRD3_chr3_-_49017227_49017513_49017227_49017356_49017433_49017513_77
3673,ENSG00000157020,SEC13,chr3,-,10319138,10319316,10319138,10319172,10319256,10319316,3673,"17,12,19","2,3,2","19,13,12","1,0,0",233,149,0.000827847606412,0.0029039556891905,"0.845,0.719,0.859","0.924,1.0,1.0",-0.167,84,18.333333333333332,15.0,SEC13_chr3_-_10319138_10319316_10319138_10319172_10319256_10319316_84
3690,ENSG00000187514,PTMA,chr2,+,231711347,231711983,231711347,231711419,231711886,231711983,3690,"175,204,216","1237,1195,1154","1421,1254,1288","722,694,703",616,149,0.0,0.0,"0.033,0.04,0.043","0.323,0.304,0.307",-0.273,467,1393.6666666666665,2027.3333333333335,PTMA_chr2_+_231711347_231711983_231711347_231711419_231711886_231711983_467
3704,ENSG00000171224,FAM241B,chr10,+,69631479,69631839,69631479,69631547,69631708,69631839,3704,"6,15,10","105,125,131","41,29,29","63,54,68",310,149,1.11022302463e-16,1.4586987213288112e-15,"0.027,0.055,0.035","0.238,0.205,0.17",-0.165,161,130.66666666666666,94.66666666666666,FAM241B_chr10_+_69631479_69631839_69631479_69631547_69631708_69631839_161
3710,ENSG00000007923,DNAJC11,chr1,-,6637446,6638364,6637446,6637504,6638082,6638364,3710,"26,34,29","2,0,0","30,15,32","5,4,6",727,149,3.75953277876e-06,1.9857217480946958e-05,"0.727,1.0,1.0","0.552,0.435,0.522",0.406,578,30.333333333333336,30.666666666666668,DNAJC11_chr1_-_6637446_6638364_6637446_6637504_6638082_6638364_578
3719,ENSG00000103064,SLC7A6,chr16,+,68297233,68301819,68297233,68297476,68298490,68301819,3719,"268,287,247","16,14,17","238,208,248","3,6,8",1163,149,0.00151012820996,0.0049962165781214,"0.682,0.724,0.651","0.91,0.816,0.799",-0.156,1014,283.0,237.0,SLC7A6_chr16_+_68297233_68301819_68297233_68297476_68298490_68301819_1014
3726,ENSG00000164073,MFSD8,chr4,-,127917824,127920836,127917824,127919338,127920556,127920836,3726,"58,92,81","0,6,4","52,61,61","1,0,0",1367,149,6.89633371159e-05,0.0003009605681228,"1.0,0.626,0.688","0.85,1.0,1.0",-0.179,1218,80.33333333333333,58.333333333333336,MFSD8_chr4_-_127917824_127920836_127917824_127919338_127920556_127920836_1218
3730,ENSG00000111642,CHD4,chr12,-,6578028,6578546,6578028,6578117,6578408,6578546,3730,"109,84,78","4,4,2","132,105,112","15,16,14",440,149,4.16522890657e-05,0.0001879954171522,"0.902,0.877,0.93","0.749,0.69,0.73",0.18,291,93.66666666666666,131.33333333333331,CHD4_chr12_-_6578028_6578546_6578028_6578117_6578408_6578546_291
3743,ENSG00000175110,MRPS22,chr3,+,139350178,139351060,139350178,139350322,139351030,139351060,3743,"79,115,92","13,11,6","105,94,101","1,3,3",857,149,8.16739644641e-05,0.0003519456442449,"0.514,0.645,0.727","0.948,0.845,0.854",-0.254,708,105.33333333333333,102.33333333333333,MRPS22_chr3_+_139350178_139351060_139350178_139350322_139351030_139351060_708
3744,ENSG00000175110,MRPS22,chr3,+,139350178,139352792,139350178,139350322,139352646,139352792,3744,"52,80,62","0,0,2","158,135,154","8,24,15",2473,149,1.93131321402e-06,1.0563567979499022e-05,"1.0,1.0,0.651","0.543,0.253,0.382",0.491,2324,65.33333333333334,164.66666666666666,MRPS22_chr3_+_139350178_139352792_139350178_139350322_139352646_139352792_2324
3750,ENSG00000133275,CSNK1G2,chr19,+,1978858,1979248,1978858,1979093,1979162,1979248,3750,"36,42,44","250,238,254","84,55,59","106,96,134",218,149,3.5860203695399997e-14,3.9938422939190605e-13,"0.09,0.108,0.106","0.351,0.281,0.231",-0.186,69,288.0,178.0,CSNK1G2_chr19_+_1978858_1979248_1978858_1979093_1979162_1979248_69
3756,ENSG00000054967,RELT,chr11,+,73394476,73395285,73394476,73394734,73395086,73395285,3756,"5,7,9","44,49,51","21,18,23","24,28,19",501,149,2.91172863598e-10,2.3395216809658668e-09,"0.033,0.041,0.05","0.206,0.161,0.265",-0.169,352,55.0,44.333333333333336,RELT_chr11_+_73394476_73395285_73394476_73394734_73395086_73395285_352
3791,ENSG00000092098,RNF31,chr14,+,24157519,24158011,24157519,24157638,24157897,24158011,3791,"8,13,1","24,22,35","48,34,39","17,20,10",408,149,5.5900839512900005e-12,5.2649464153476217e-11,"0.109,0.177,0.01","0.508,0.383,0.588",-0.394,259,34.333333333333336,56.0,RNF31_chr14_+_24157519_24158011_24157519_24157638_24157897_24158011_259
3793,ENSG00000092098,RNF31,chr14,+,24157519,24158199,24157519,24158011,24158141,24158199,3793,"8,9,13","31,23,28","36,26,27","13,6,16",279,149,1.06620856588e-09,8.124751342061835e-09,"0.121,0.173,0.199","0.597,0.698,0.474",-0.425,130,37.33333333333333,41.333333333333336,RNF31_chr14_+_24157519_24158199_24157519_24158011_24158141_24158199_130
3800,ENSG00000112473,SLC39A7,chr6,+,33200825,33201656,33200825,33200938,33201241,33201656,3800,"839,867,835","323,351,340","798,666,640","124,118,126",452,149,5.4400928206599996e-15,6.447776145706813e-14,"0.461,0.449,0.447","0.68,0.65,0.626",-0.2,303,1185.0,824.0,SLC39A7_chr6_+_33200825_33201656_33200825_33200938_33201241_33201656_303
3801,ENSG00000112473,SLC39A7,chr6,+,33201241,33201913,33201241,33201656,33201744,33201913,3801,"7,3,6","226,222,220","36,55,34","114,104,147",237,149,0.0,0.0,"0.019,0.008,0.017","0.166,0.25,0.127",-0.166,88,228.0,163.33333333333334,SLC39A7_chr6_+_33201241_33201913_33201241_33201656_33201744_33201913_88
3807,ENSG00000112473,SLC39A7,chr6,+,33202909,33204417,33202909,33203106,33203540,33204417,3807,"44,51,48","442,470,395","287,279,296","228,203,217",583,149,0.0,0.0,"0.025,0.027,0.03","0.243,0.26,0.259",-0.227,434,483.33333333333337,503.3333333333333,SLC39A7_chr6_+_33202909_33204417_33202909_33203106_33203540_33204417_434
3808,ENSG00000143862,ARL8A,chr1,-,202135458,202135800,202135458,202135526,202135706,202135800,3808,"18,16,19","125,102,113","104,76,90","83,81,68",329,149,0.0,0.0,"0.061,0.066,0.071","0.362,0.298,0.375",-0.279,180,131.0,167.33333333333331,ARL8A_chr1_-_202135458_202135800_202135458_202135526_202135706_202135800_180
3827,ENSG00000015479,MATR3,chr5,+,139314674,139316188,139314674,139314736,139316075,139316188,3827,"152,187,155","31,47,48","122,71,97","65,69,56",1488,149,2.37158614969e-09,1.7494297831479483e-08,"0.329,0.285,0.244","0.158,0.093,0.148",0.153,1339,206.66666666666666,160.0,MATR3_chr5_+_139314674_139316188_139314674_139314736_139316075_139316188_1339
3831,ENSG00000131876,SNRPA1,chr15,-,101285725,101287010,101285725,101285801,101286907,101287010,3831,"537,617,551","31,24,24","483,394,504","65,93,64",1255,149,3.85912413137e-11,3.3883201648080947e-10,"0.673,0.753,0.732","0.469,0.335,0.483",0.29,1106,594.6666666666667,534.3333333333333,SNRPA1_chr15_-_101285725_101287010_101285725_101285801_101286907_101287010_1106
3836,ENSG00000146063,TRIM41,chr5,+,181233412,181233763,181233412,181233435,181233635,181233763,3836,"77,80,75","65,80,67","121,100,126","51,50,39",349,149,2.23992032178e-06,1.2152514074962176e-05,"0.336,0.299,0.323","0.503,0.461,0.58",-0.195,200,148.0,162.33333333333334,TRIM41_chr5_+_181233412_181233763_181233412_181233435_181233635_181233763_200
3845,ENSG00000038274,MAT2B,chr5,+,163512001,163513994,163512001,163512196,163513841,163513994,3845,"3,20,18","0,0,0","30,23,17","8,9,1",1794,149,3.34237082456e-11,2.9451152945764966e-10,"1.0,1.0,1.0","0.237,0.175,0.585",0.668,1645,13.666666666666666,29.333333333333332,MAT2B_chr5_+_163512001_163513994_163512001_163512196_163513841_163513994_1645
3869,ENSG00000132781,MUTYH,chr1,-,45331660,45332086,45331660,45331849,45332022,45332086,3869,"35,22,21","53,61,60","37,29,29","19,30,15",322,149,3.80833870195e-06,2.005761267845849e-05,"0.234,0.143,0.139","0.474,0.309,0.472",-0.246,173,84.0,53.0,MUTYH_chr1_-_45331660_45332086_45331660_45331849_45332022_45332086_173
3883,ENSG00000168389,MFSD2A,chr1,+,39967627,39967916,39967627,39967711,39967803,39967916,3883,"1,3,1","20,10,17","11,14,21","18,4,16",241,149,3.06106304193e-07,1.83465012188402e-06,"0.03,0.156,0.035","0.274,0.684,0.448",-0.395,92,17.333333333333332,28.0,MFSD2A_chr1_+_39967627_39967916_39967627_39967711_39967803_39967916_92
3900,ENSG00000145020,AMT,chr3,-,49416777,49417718,49416777,49417367,49417614,49417718,3900,"42,62,29","4,3,3","32,16,28","1,0,0",396,149,0.000172330924855,0.0006976379107068,"0.798,0.886,0.784","0.923,1.0,1.0",-0.152,247,47.66666666666667,25.666666666666664,AMT_chr3_-_49416777_49417718_49416777_49417367_49417614_49417718_247
3920,ENSG00000213672,NCKIPSD,chr3,-,48678876,48679183,48678876,48678969,48679054,48679183,3920,"12,22,13","90,67,62","33,15,23","48,43,24",234,149,0.00010119919616,0.0004277360414684,"0.078,0.173,0.118","0.304,0.182,0.379",-0.165,85,88.66666666666667,62.0,NCKIPSD_chr3_-_48678876_48679183_48678876_48678969_48679054_48679183_85
3944,ENSG00000197989,SNHG12,chr1,-,28580559,28581229,28580559,28580646,28581093,28581229,3944,"59,72,66","22,15,25","215,175,214","22,20,22",596,149,5.04388454747e-06,2.604478566329964e-05,"0.401,0.545,0.398","0.71,0.686,0.709",-0.254,447,86.33333333333334,222.66666666666669,SNHG12_chr1_-_28580559_28581229_28580559_28580646_28581093_28581229_447
3946,ENSG00000197989,SNHG12,chr1,-,28580559,28581229,28580559,28580646,28581110,28581229,3946,"65,79,71","139,166,149","219,184,217","142,94,148",613,149,0.0,0.0,"0.102,0.104,0.104","0.273,0.322,0.263",-0.183,464,223.0,334.66666666666663,SNHG12_chr1_-_28580559_28581229_28580559_28580646_28581110_28581229_464
3986,ENSG00000186501,TMEM222,chr1,+,27334150,27336399,27334150,27334281,27335378,27336399,3986,"69,72,89","71,72,75","167,128,151","49,30,45",1246,149,7.216449660059999e-15,8.48507393151004e-14,"0.104,0.107,0.124","0.29,0.338,0.286",-0.193,1097,149.33333333333334,190.0,TMEM222_chr1_+_27334150_27336399_27334150_27334281_27335378_27336399_1097
3987,ENSG00000127054,INTS11,chr1,-,1312225,1312501,1312225,1312368,1312439,1312501,3987,"18,7,13","142,116,136","37,37,28","76,39,79",220,149,1.06629149954e-11,9.854188276099323e-11,"0.079,0.039,0.061","0.248,0.391,0.194",-0.218,71,144.0,98.66666666666667,INTS11_chr1_-_1312225_1312501_1312225_1312368_1312439_1312501_71
4010,ENSG00000123136,DDX39A,chr19,-,14409302,14409645,14409302,14409447,14409535,14409645,4010,"47,45,50","308,260,254","471,364,456","240,235,257",237,149,0.0,0.0,"0.088,0.098,0.11","0.552,0.493,0.527",-0.425,88,321.3333333333333,674.3333333333333,DDX39A_chr19_-_14409302_14409645_14409302_14409447_14409535_14409645_88
4011,ENSG00000123136,DDX39A,chr19,-,14409741,14410334,14409741,14409873,14410215,14410334,4011,"199,223,234","294,226,285","827,711,674","214,215,210",491,149,0.0,0.0,"0.17,0.23,0.199","0.54,0.501,0.493",-0.312,342,487.0,950.3333333333334,DDX39A_chr19_-_14409741_14410334_14409741_14409873_14410215_14410334_342
4013,ENSG00000123136,DDX39A,chr19,-,14412550,14413224,14412550,14412678,14413012,14413224,4013,"49,59,41","275,305,317","413,347,400","338,269,253",483,149,0.0,0.0,"0.052,0.056,0.038","0.274,0.285,0.328",-0.247,334,348.6666666666667,673.3333333333334,DDX39A_chr19_-_14412550_14413224_14412550_14412678_14413012_14413224_334
4021,ENSG00000110172,CHORDC1,chr11,-,90210535,90214175,90210535,90210594,90214017,90214175,4021,"12,30,32","0,0,0","99,108,122","3,6,5",3572,149,1.8780534905e-09,1.397938203009274e-08,"1.0,1.0,1.0","0.579,0.429,0.504",0.496,3423,24.666666666666668,114.33333333333334,CHORDC1_chr11_-_90210535_90214175_90210535_90210594_90214017_90214175_3423
4072,ENSG00000143258,USP21,chr1,+,161164533,161164942,161164533,161164612,161164834,161164942,4072,"132,136,146","140,123,122","154,107,134","74,50,58",371,149,4.65548702921e-07,2.7413170832285995e-06,"0.275,0.308,0.325","0.455,0.462,0.481",-0.163,222,266.33333333333337,192.33333333333331,USP21_chr1_+_161164533_161164942_161164533_161164612_161164834_161164942_222
4097,ENSG00000134222,PSRC1,chr1,-,109280776,109281251,109280776,109281046,109281136,109281251,4097,"38,42,61","72,63,65","110,100,124","48,34,39",239,149,7.749356711879999e-14,8.439712383557806e-13,"0.248,0.294,0.369","0.588,0.647,0.665",-0.33,90,113.66666666666667,151.66666666666666,PSRC1_chr1_-_109280776_109281251_109280776_109281046_109281136_109281251_90
4129,ENSG00000117266,CDK18,chr1,+,205523146,205523625,205523146,205523297,205523482,205523625,4129,"4,7,10","35,38,30","4,8,11","11,9,12",334,149,0.00183464144487,0.0059625846958275,"0.049,0.076,0.129","0.14,0.284,0.29",-0.153,185,41.333333333333336,18.333333333333332,CDK18_chr1_+_205523146_205523625_205523146_205523297_205523482_205523625_185
4145,ENSG00000103168,TAF1C,chr16,-,84180169,84181186,84180169,84180344,84181042,84181186,4145,"134,162,167","55,45,43","218,180,252","43,29,36",847,149,0.000337799037465,0.0012850634171259,"0.3,0.388,0.406","0.471,0.522,0.552",-0.15,698,202.0,252.66666666666666,TAF1C_chr16_-_84180169_84181186_84180169_84180344_84181042_84181186_698
4146,ENSG00000103168,TAF1C,chr16,-,84181327,84181663,84181327,84181463,84181591,84181663,4146,"77,75,56","38,29,18","124,83,129","11,11,23",277,149,8.12361912961e-07,4.657205252565236e-06,"0.522,0.582,0.626","0.858,0.802,0.751",-0.227,128,97.66666666666666,127.0,TAF1C_chr16_-_84181327_84181663_84181327_84181463_84181591_84181663_128
4148,ENSG00000103168,TAF1C,chr16,-,84183075,84183328,84183075,84183149,84183243,84183328,4148,"0,4,2","32,47,70","15,17,11","38,30,36",243,149,7.42705896783e-11,6.303609588328359e-10,"0.0,0.05,0.017","0.195,0.258,0.158",-0.181,94,51.666666666666664,49.0,TAF1C_chr16_-_84183075_84183328_84183075_84183149_84183243_84183328_94
4183,ENSG00000155363,MOV10,chr1,+,112698286,112699810,112698286,112698789,112699457,112699810,4183,"144,134,157","16,21,24","87,57,80","3,0,4",817,149,1.97631465161e-05,9.420986047442376e-05,"0.621,0.538,0.544","0.841,1.0,0.785",-0.308,668,165.33333333333334,77.0,MOV10_chr1_+_112698286_112699810_112698286_112698789_112699457_112699810_668
4196,ENSG00000141577,CEP131,chr17,-,81189596,81189975,81189596,81189843,81189914,81189975,4196,"8,6,9","54,51,56","11,16,13","20,19,20",220,149,3.55360406767e-07,2.1161139061028453e-06,"0.091,0.074,0.098","0.271,0.363,0.306",-0.226,71,61.33333333333333,33.0,CEP131_chr17_-_81189596_81189975_81189596_81189843_81189914_81189975_71
4206,ENSG00000154222,CC2D1B,chr1,-,52357780,52358461,52357780,52357898,52358330,52358461,4206,"15,10,13","29,15,21","23,29,24","11,15,25",581,149,0.00118102099666,0.0040187368844872,"0.117,0.146,0.137","0.349,0.331,0.198",-0.159,432,34.333333333333336,42.33333333333333,CC2D1B_chr1_-_52357780_52358461_52357780_52357898_52358330_52358461_432
4222,ENSG00000095906,NUBP2,chr16,+,1786536,1786955,1786536,1786655,1786737,1786955,4222,"40,48,44","6,15,12","45,27,49","5,1,4",231,149,0.00134300810217,0.0044994427524606,"0.811,0.674,0.703","0.853,0.946,0.888",-0.166,82,55.0,43.66666666666667,NUBP2_chr16_+_1786536_1786955_1786536_1786655_1786737_1786955_82
4254,ENSG00000110619,CARS1,chr11,-,3001969,3002600,3001969,3002174,3002540,3002600,4254,"60,73,54","9,5,6","124,99,111","2,6,1",515,149,0.000528021031558,0.0019225381149034,"0.659,0.809,0.723","0.947,0.827,0.97",-0.184,366,69.0,114.33333333333333,CARS1_chr11_-_3001969_3002600_3001969_3002174_3002540_3002600_366
4269,ENSG00000111653,ING4,chr12,-,6652661,6653050,6652661,6652770,6652935,6653050,4269,"9,15,10","32,37,28","13,10,23","14,12,20",314,149,0.000385403110756,0.001444576938996,"0.118,0.161,0.145","0.306,0.283,0.353",-0.173,165,43.66666666666667,30.666666666666668,ING4_chr12_-_6652661_6653050_6652661_6652770_6652935_6653050_165
4270,ENSG00000111653,ING4,chr12,-,6652661,6653050,6652661,6652767,6652944,6653050,4270,"14,21,14","18,19,22","20,15,25","6,7,8",326,149,0.000131584627335,0.000546161263767,"0.262,0.336,0.225","0.604,0.495,0.588",-0.288,177,36.0,27.0,ING4_chr12_-_6652661_6653050_6652661_6652767_6652944_6653050_177
4271,ENSG00000111653,ING4,chr12,-,6652661,6653050,6652661,6652770,6652944,6653050,4271,"13,21,14","6,5,3","20,15,25","3,0,1",323,149,0.0016153576897,0.0053083227328637,"0.5,0.66,0.683","0.755,1.0,0.92",-0.277,174,20.666666666666668,21.333333333333332,ING4_chr12_-_6652661_6653050_6652661_6652770_6652944_6653050_174
4273,ENSG00000145916,RMND5B,chr5,+,178142582,178142992,178142582,178142728,178142851,178142992,4273,"7,4,7","91,85,72","23,20,23","40,32,55",272,149,1.64646074552e-13,1.7367808778456686e-12,"0.04,0.025,0.051","0.24,0.255,0.186",-0.188,123,88.66666666666667,64.33333333333334,RMND5B_chr5_+_178142582_178142992_178142582_178142728_178142851_178142992_123
4287,ENSG00000042429,MED17,chr11,+,93793727,93794035,93793727,93793864,93793950,93794035,4287,"7,16,6","33,31,37","52,64,59","26,42,31",235,149,1.7844614674800002e-12,1.738319719772074e-11,"0.119,0.247,0.093","0.559,0.491,0.547",-0.379,86,43.33333333333333,91.33333333333334,MED17_chr11_+_93793727_93794035_93793727_93793864_93793950_93794035_86
4293,ENSG00000160688,FLAD1,chr1,+,154990158,154990528,154990158,154990257,154990338,154990528,4293,"31,22,36","87,59,56","81,75,65","41,46,36",230,149,5.51891865541e-13,5.536915129286337e-12,"0.188,0.195,0.294","0.561,0.514,0.539",-0.312,81,97.0,114.66666666666667,FLAD1_chr1_+_154990158_154990528_154990158_154990257_154990338_154990528_81
4329,ENSG00000159377,PSMB4,chr1,+,151401238,151401630,151401238,151401355,151401541,151401630,4329,"93,133,119","1146,1188,1337","614,627,579","836,915,977",335,149,0.0,0.0,"0.035,0.047,0.038","0.246,0.234,0.209",-0.19,186,1338.6666666666667,1516.0,PSMB4_chr1_+_151401238_151401630_151401238_151401355_151401541_151401630_186
4359,ENSG00000167110,GOLGA2,chr9,-,128262562,128263092,128262562,128262704,128263033,128263092,4359,"14,25,12","99,93,91","24,14,14","24,23,16",478,149,5.3727975402e-09,3.8479861335438226e-08,"0.042,0.077,0.039","0.238,0.159,0.214",-0.151,329,111.33333333333333,38.33333333333333,GOLGA2_chr9_-_128262562_128263092_128262562_128262704_128263033_128263092_329
4372,ENSG00000197530,MIB2,chr1,+,1625545,1626754,1625545,1625653,1626649,1626754,4372,"70,103,101","46,36,30","135,90,102","20,11,14",1145,149,9.61071383476e-07,5.436804634223872e-06,"0.165,0.271,0.305","0.468,0.516,0.487",-0.243,996,128.66666666666666,124.0,MIB2_chr1_+_1625545_1626754_1625545_1625653_1626649_1626754_996
4381,ENSG00000065989,PDE4A,chr19,+,10461525,10461999,10461525,10461680,10461876,10461999,4381,"2,1,3","11,13,15","6,7,7","10,3,2",345,149,4.079084338e-05,0.0001844455526747,"0.073,0.032,0.08","0.206,0.502,0.602",-0.375,196,15.0,11.666666666666668,PDE4A_chr19_+_10461525_10461999_10461525_10461680_10461876_10461999_196
4386,ENSG00000291113,,chr5,+,177882651,177884272,177882651,177882752,177883666,177884272,4386,"27,39,29","18,16,14","148,114,107","9,10,13",1063,149,2.387358089e-10,1.939301664375798e-09,"0.174,0.255,0.225","0.697,0.615,0.536",-0.398,914,47.66666666666667,133.66666666666666,nan_chr5_+_177882651_177884272_177882651_177882752_177883666_177884272_914
4390,ENSG00000091483,FH,chr1,-,241500436,241504245,241500436,241500590,241504041,241504245,4390,"38,26,20","0,0,0","88,79,64","8,2,5",3600,149,9.88075177233e-11,8.300281124787794e-10,"1.0,1.0,1.0","0.313,0.62,0.346",0.574,3451,28.0,82.0,FH_chr1_-_241500436_241504245_241500436_241500590_241504041_241504245_3451
4410,ENSG00000126107,HECTD3,chr1,-,45005793,45006116,45005793,45005883,45005996,45006116,4410,"7,2,12","53,40,54","16,17,20","34,27,33",262,149,9.43489292249e-07,5.354900026108083e-06,"0.07,0.028,0.112","0.211,0.264,0.256",-0.174,113,56.0,49.0,HECTD3_chr1_-_45005793_45006116_45005793_45005883_45005996_45006116_113
4428,ENSG00000087085,ACHE,chr7,-,100892333,100894252,100892333,100892554,100893164,100894252,4428,"20,28,16","4,3,0","43,37,44","2,0,0",759,149,0.000419704745948,0.0015565544169161,"0.495,0.647,1.0","0.808,1.0,1.0",-0.222,610,23.666666666666664,42.0,ACHE_chr7_-_100892333_100894252_100892333_100892554_100893164_100894252_610
4455,ENSG00000138750,NUP54,chr4,-,76130655,76132719,76130655,76130749,76132522,76132719,4455,"57,67,50","6,2,0","35,33,32","15,14,6",1922,149,9.37452171014e-05,0.0003998929422742,"0.424,0.722,1.0","0.153,0.155,0.293",0.515,1773,60.666666666666664,45.0,NUP54_chr4_-_76130655_76132719_76130655_76130749_76132522_76132719_1773
4456,ENSG00000138750,NUP54,chr4,-,76130655,76132719,76130655,76130792,76132522,76132719,4456,"54,58,46","0,0,1","31,25,26","5,3,7",1879,149,5.81451664594e-10,4.5481346306801855e-09,"1.0,1.0,0.785","0.33,0.398,0.228",0.61,1730,53.0,32.33333333333333,NUP54_chr4_-_76130655_76132719_76130655_76130792_76132522_76132719_1730
4473,ENSG00000171824,EXOSC10,chr1,-,11076841,11077651,11076841,11076948,11077600,11077651,4473,"338,377,373","8,4,3","217,146,221","6,12,13",801,149,3.75832029049e-05,0.0001714109760653,"0.887,0.946,0.959","0.871,0.694,0.76",0.156,652,367.6666666666667,205.0,EXOSC10_chr1_-_11076841_11077651_11076841_11076948_11077600_11077651_652
4481,ENSG00000111011,RSRC2,chr12,-,122518838,122521428,122518838,122519051,122521384,122521428,4481,"233,298,286","3,6,4","457,414,466","30,28,42",2482,149,2.51464760126e-09,1.8475778992740142e-08,"0.823,0.749,0.811","0.478,0.47,0.4",0.345,2333,276.66666666666663,479.0,RSRC2_chr12_-_122518838_122521428_122518838_122519051_122521384_122521428_2333
4488,ENSG00000171163,ZNF692,chr1,-,248855557,248855946,248855557,248855635,248855724,248855946,4488,"76,79,67","56,44,47","62,57,73","18,15,28",238,149,0.000154096313801,0.0006296885340932,"0.459,0.529,0.472","0.683,0.704,0.62",-0.182,89,123.0,84.33333333333333,ZNF692_chr1_-_248855557_248855946_248855557_248855635_248855724_248855946_89
4538,ENSG00000143621,ILF2,chr1,-,153663018,153663276,153663018,153663133,153663214,153663276,4538,"113,146,104","1343,1336,1250","474,473,511","907,909,838",230,149,0.0,0.0,"0.052,0.066,0.051","0.253,0.252,0.283",-0.206,81,1430.6666666666667,1370.6666666666665,ILF2_chr1_-_153663018_153663276_153663018_153663133_153663214_153663276_81
4542,ENSG00000001497,LAS1L,chrX,-,65520701,65523707,65520701,65520817,65523559,65523707,4542,"89,75,81","0,4,2","183,151,211","2,0,0",2891,149,0.00037603330395,0.0014123244742455,"1.0,0.491,0.676","0.825,1.0,1.0",-0.219,2742,83.66666666666667,182.33333333333331,LAS1L_chrX_-_65520701_65523707_65520701_65520817_65523559_65523707_2742
4576,ENSG00000010292,NCAPD2,chr12,+,6514264,6514587,6514264,6514392,6514463,6514587,4576,"7,10,6","226,213,207","45,37,47","93,76,107",220,149,0.0,0.0,"0.021,0.031,0.019","0.247,0.248,0.229",-0.218,71,223.0,135.0,NCAPD2_chr12_+_6514264_6514587_6514264_6514392_6514463_6514587_71
4602,ENSG00000167962,ZNF598,chr16,-,1999495,2000481,1999495,2000256,2000390,2000481,4602,"15,15,14","93,96,116","69,55,56","48,26,51",283,149,0.0,0.0,"0.078,0.076,0.06","0.431,0.527,0.366",-0.37,134,116.33333333333334,101.66666666666666,ZNF598_chr16_-_1999495_2000481_1999495_2000256_2000390_2000481_134
4603,ENSG00000167962,ZNF598,chr16,-,1999495,2000481,1999495,2000256,2000408,2000481,4603,"24,31,21","66,54,69","77,63,72","30,15,26",301,149,0.0,0.0,"0.153,0.221,0.131","0.56,0.675,0.578",-0.436,152,88.33333333333333,94.33333333333334,ZNF598_chr16_-_1999495_2000481_1999495_2000256_2000408_2000481_152
4604,ENSG00000167962,ZNF598,chr16,-,2002205,2002732,2002205,2002423,2002520,2002732,4604,"21,11,14","179,146,165","54,39,52","87,35,65",246,149,0.0,0.0,"0.066,0.044,0.049","0.273,0.403,0.326",-0.281,97,178.66666666666669,110.66666666666667,ZNF598_chr16_-_2002205_2002732_2002205_2002423_2002520_2002732_97
4627,ENSG00000005448,WDR54,chr2,+,74423318,74423982,74423318,74423385,74423854,74423982,4627,"25,49,41","8,6,15","45,41,51","0,1,5",618,149,0.000103008175893,0.0004343874190713,"0.43,0.663,0.397","1.0,0.908,0.711",-0.376,469,48.0,47.666666666666664,WDR54_chr2_+_74423318_74423982_74423318_74423385_74423854_74423982_469
4648,ENSG00000112039,FANCE,chr6,+,35457555,35458440,35457555,35457600,35458296,35458440,4648,"39,47,38","17,21,9","68,70,81","8,12,13",845,149,0.00118761825901,0.0040358347218802,"0.288,0.283,0.427","0.6,0.507,0.524",-0.211,696,57.0,84.0,FANCE_chr6_+_35457555_35458440_35457555_35457600_35458296_35458440_696
4662,ENSG00000137409,MTCH1,chr6,-,36977198,36978155,36977198,36977250,36978077,36978155,4662,"35,35,49","0,0,0","143,98,177","5,3,4",976,149,1.94563513275e-05,9.298750692702912e-05,"1.0,1.0,1.0","0.814,0.833,0.871",0.161,827,39.666666666666664,143.33333333333334,MTCH1_chr6_-_36977198_36978155_36977198_36977250_36978077_36978155_827
4666,ENSG00000158793,NIT1,chr1,+,161119133,161119612,161119133,161119388,161119492,161119612,4666,"18,12,23","4,1,3","37,45,35","0,0,1",253,149,6.74502816549e-05,0.0002952299227858,"0.726,0.876,0.819","1.0,1.0,0.954",-0.178,104,20.333333333333336,39.333333333333336,NIT1_chr1_+_161119133_161119612_161119133_161119388_161119492_161119612_104
4667,ENSG00000158793,NIT1,chr1,+,161119133,161119612,161119133,161119388,161119508,161119612,4667,"21,15,28","149,140,146","42,50,41","74,62,62",269,149,3.33066907388e-16,4.25495855389791e-15,"0.072,0.056,0.096","0.239,0.309,0.268",-0.197,120,166.33333333333334,110.33333333333334,NIT1_chr1_+_161119133_161119612_161119133_161119388_161119508_161119612_120
4678,ENSG00000135506,OS9,chr12,+,57695961,57696373,57695961,57695976,57696274,57696373,4678,"94,87,102","4,3,1","89,75,55","6,7,8",447,149,0.00126262755452,0.0042533037694232,"0.887,0.906,0.971","0.832,0.781,0.696",0.152,298,97.0,80.0,OS9_chr12_+_57695961_57696373_57695961_57695976_57696274_57696373_298
4680,ENSG00000135506,OS9,chr12,+,57715759,57716193,57715759,57715970,57716088,57716193,4680,"6,3,5","56,48,49","14,21,21","32,36,44",267,149,6.46722819742e-09,4.6094607152267646e-08,"0.056,0.034,0.054","0.196,0.246,0.21",-0.169,118,55.666666666666664,56.0,OS9_chr12_+_57715759_57716193_57715759_57715970_57716088_57716193_118
4683,ENSG00000135506,OS9,chr12,+,57716091,57716512,57716091,57716193,57716381,57716512,4683,"10,18,16","2,3,2","30,47,27","2,0,0",337,149,0.000338610024838,0.0012874852849659,"0.689,0.726,0.78","0.869,1.0,1.0",-0.225,188,17.0,35.33333333333333,OS9_chr12_+_57716091_57716512_57716091_57716193_57716381_57716512_188
4700,ENSG00000065526,SPEN,chr1,+,15938717,15940456,15938717,15938876,15939295,15940456,4700,"149,176,133","443,418,431","271,164,280","292,113,215",568,149,0.0,0.0,"0.081,0.099,0.075","0.196,0.276,0.255",-0.157,419,583.3333333333334,445.0,SPEN_chr1_+_15938717_15940456_15938717_15938876_15939295_15940456_419
4705,ENSG00000158552,ZFAND2B,chr2,+,219208255,219208486,219208255,219208348,219208425,219208486,4705,"12,23,18","65,73,81","25,26,31","29,28,39",226,149,1.78043227939e-08,1.213916154295084e-07,"0.109,0.172,0.128","0.362,0.38,0.344",-0.226,77,90.66666666666667,59.33333333333333,ZFAND2B_chr2_+_219208255_219208486_219208255_219208348_219208425_219208486_77
4717,ENSG00000291006,,chr6,+,52666388,52669155,52666388,52666518,52666748,52669155,4717,"22,27,18","20,28,21","41,20,29","11,4,11",379,149,1.52707143422e-05,7.408604119763785e-05,"0.302,0.275,0.252","0.594,0.663,0.509",-0.312,230,45.33333333333333,38.666666666666664,nan_chr6_+_52666388_52669155_52666388_52666518_52666748_52669155_230
4734,ENSG00000170445,HARS1,chr5,-,140677654,140679127,140677654,140677753,140677907,140679127,4734,"23,25,23","166,183,205","89,59,89","165,128,125",303,149,0.0,0.0,"0.064,0.063,0.052","0.21,0.185,0.259",-0.158,154,208.33333333333331,218.33333333333334,HARS1_chr5_-_140677654_140679127_140677654_140677753_140677907_140679127_154
4736,ENSG00000170445,HARS1,chr5,-,140677907,140679127,140677907,140678015,140679001,140679127,4736,"89,115,108","151,132,167","305,204,303","125,100,109",1135,149,0.0,0.0,"0.072,0.103,0.078","0.243,0.211,0.267",-0.156,986,254.0,382.0,HARS1_chr5_-_140677907_140679127_140677907_140678015_140679001_140679127_986
4746,ENSG00000070761,CFAP20,chr16,-,58114809,58115457,58114809,58114920,58115268,58115457,4746,"21,36,38","188,173,197","238,250,227","220,207,213",497,149,0.0,0.0,"0.032,0.059,0.055","0.245,0.266,0.242",-0.202,348,217.66666666666666,451.6666666666667,CFAP20_chr16_-_58114809_58115457_58114809_58114920_58115268_58115457_348
4779,ENSG00000048162,NOP16,chr5,-,176388234,176388598,176388234,176388343,176388432,176388598,4779,"17,47,30","394,424,500","286,282,280","504,434,497",238,149,0.0,0.0,"0.026,0.065,0.036","0.262,0.289,0.261",-0.228,89,470.66666666666663,761.0,NOP16_chr5_-_176388234_176388598_176388234_176388343_176388432_176388598_89
4789,ENSG00000147274,RBMX,chrX,-,136872267,136875168,136872267,136872345,136875085,136875168,4789,"5800,5380,5460","87,109,97","3721,3207,3474","131,114,128",2889,149,3.24306470567e-10,2.594451764536e-09,"0.775,0.718,0.744","0.594,0.592,0.583",0.156,2740,5644.333333333334,3591.666666666667,RBMX_chrX_-_136872267_136875168_136872267_136872345_136875085_136875168_2740
4824,ENSG00000104872,PIH1D1,chr19,-,49447826,49448010,49447826,49447908,49448000,49448010,4824,"38,33,35","180,180,168","193,110,140","126,120,109",241,149,0.0,0.0,"0.115,0.102,0.114","0.486,0.362,0.443",-0.32,92,211.33333333333334,266.0,PIH1D1_chr19_-_49447826_49448010_49447826_49447908_49448000_49448010_92
4839,ENSG00000185963,BICD2,chr9,-,92711362,92715463,92711362,92713461,92715252,92715463,4839,"154,233,214","37,29,35","611,417,511","22,14,14",1940,149,1.4432899320099999e-15,1.767371949910753e-14,"0.242,0.382,0.32","0.681,0.696,0.737",-0.39,1791,234.0,529.6666666666666,BICD2_chr9_-_92711362_92715463_92711362_92713461_92715252_92715463_1791
4842,ENSG00000179632,MAF1,chr8,+,144106342,144106674,144106342,144106464,144106554,144106674,4842,"95,67,63","464,415,459","111,130,175","221,216,191",239,149,0.0,0.0,"0.113,0.091,0.079","0.238,0.273,0.364",-0.197,90,521.0,348.0,MAF1_chr8_+_144106342_144106674_144106342_144106464_144106554_144106674_90
4858,ENSG00000117616,RSRP1,chr1,-,25243549,25245301,25243549,25243633,25245149,25245301,4858,"534,585,555","13,42,25","605,580,662","70,62,56",1665,149,0.000337757738181,0.0012850634171259,"0.786,0.555,0.665","0.436,0.456,0.514",0.2,1516,584.6666666666666,678.3333333333333,RSRP1_chr1_-_25243549_25245301_25243549_25243633_25245149_25245301_1516
4864,ENSG00000082068,WDR70,chr5,+,37721114,37725050,37721114,37721215,37724933,37725050,4864,"27,19,19","1,0,1","34,43,53","14,4,6",3867,149,0.00149789372804,0.0049620669752567,"0.51,1.0,0.423","0.086,0.293,0.254",0.433,3718,22.333333333333336,51.333333333333336,WDR70_chr5_+_37721114_37725050_37721114_37721215_37724933_37725050_3718
4878,ENSG00000122678,POLM,chr7,-,44074130,44074530,44074130,44074233,44074397,44074530,4878,"28,29,43","10,15,14","26,17,28","2,1,2",313,149,9.81361551311e-06,4.87642913518198e-05,"0.571,0.479,0.594","0.861,0.89,0.87",-0.326,164,46.333333333333336,25.333333333333336,POLM_chr7_-_44074130_44074530_44074130_44074233_44074397_44074530_164
4888,ENSG00000075151,EIF4G3,chr1,-,21176174,21176836,21176174,21176358,21176721,21176836,4888,"48,35,62","110,110,103","59,66,81","60,38,45",512,149,3.11234149564e-10,2.492573709740321e-09,"0.113,0.085,0.149","0.222,0.336,0.344",-0.185,363,156.0,116.33333333333334,EIF4G3_chr1_-_21176174_21176836_21176174_21176358_21176721_21176836_363
4890,ENSG00000166484,MAPK7,chr17,+,19380607,19382466,19380607,19381686,19381780,19382466,4890,"8,5,10","29,18,20","29,25,25","16,9,8",243,149,6.72892963571e-10,5.230149097903436e-09,"0.145,0.146,0.235","0.526,0.63,0.657",-0.429,94,30.0,37.33333333333333,MAPK7_chr17_+_19380607_19382466_19380607_19381686_19381780_19382466_94
4911,ENSG00000170581,STAT2,chr12,-,56349425,56349636,56349425,56349509,56349588,56349636,4911,"5,5,3","41,38,29","9,3,9","15,7,12",228,149,6.98422860155e-05,0.0003040774999637,"0.074,0.079,0.063","0.282,0.219,0.329",-0.205,79,40.333333333333336,18.333333333333336,STAT2_chr12_-_56349425_56349636_56349425_56349509_56349588_56349636_79
4914,ENSG00000170581,STAT2,chr12,-,56349425,56350432,56349425,56349636,56350096,56350432,4914,"13,18,14","38,40,25","20,9,15","13,5,5",609,149,1.35774953094e-05,6.621943551163118e-05,"0.077,0.099,0.121","0.273,0.306,0.423",-0.235,460,49.333333333333336,22.333333333333332,STAT2_chr12_-_56349425_56350432_56349425_56349636_56350096_56350432_460
4918,ENSG00000170581,STAT2,chr12,-,56350096,56350432,56350096,56350190,56350411,56350432,4918,"15,24,16","23,28,18","15,8,18","5,3,3",370,149,7.83440643415e-05,0.0003386958847175,"0.208,0.257,0.264","0.547,0.518,0.707",-0.348,221,41.33333333333333,17.333333333333332,STAT2_chr12_-_56350096_56350432_56350096_56350190_56350411_56350432_221
4936,ENSG00000130713,EXOSC2,chr9,+,130699328,130702310,130699328,130699394,130702142,130702310,4936,"699,844,682","18,18,18","821,576,797","5,3,15",2897,149,0.00155916422003,0.0051350885819364,"0.666,0.707,0.661","0.894,0.908,0.732",-0.167,2748,759.6666666666666,739.0,EXOSC2_chr9_+_130699328_130702310_130699328_130699394_130702142_130702310_2748
4952,ENSG00000227057,WDR46,chr6,-,33279107,33279610,33279107,33279374,33279496,33279610,4952,"15,22,26","153,136,158","161,128,117","91,100,97",271,149,0.0,0.0,"0.051,0.082,0.083","0.493,0.413,0.399",-0.363,122,170.0,231.33333333333334,WDR46_chr6_-_33279107_33279610_33279107_33279374_33279496_33279610_122
4959,ENSG00000143575,HAX1,chr1,+,154273335,154273961,154273335,154273598,154273749,154273961,4959,"39,31,31","8,13,3","57,59,48","2,1,6",300,149,0.000896951980828,0.0031211561858783,"0.708,0.542,0.837","0.934,0.967,0.799",-0.204,151,41.666666666666664,57.666666666666664,HAX1_chr1_+_154273335_154273961_154273335_154273598_154273749_154273961_151
4976,ENSG00000116691,MIIP,chr1,+,12029222,12029894,12029222,12029281,12029764,12029894,4976,"72,103,76","59,45,48","107,108,104","29,34,36",632,149,0.000343069532463,0.0013024295258132,"0.223,0.35,0.272","0.465,0.428,0.405",-0.151,483,134.33333333333334,139.33333333333331,MIIP_chr1_+_12029222_12029894_12029222_12029281_12029764_12029894_483
4983,ENSG00000204435,CSNK2B,chr6,+,31666820,31668654,31666820,31666903,31668538,31668654,4983,"29,38,22","0,0,0","121,101,135","4,6,8",1784,149,1.24824770187e-07,7.811068670006847e-07,"1.0,1.0,1.0","0.716,0.584,0.585",0.372,1635,29.666666666666668,125.0,CSNK2B_chr6_+_31666820_31668654_31666820_31666903_31668538_31668654_1635
5009,ENSG00000168000,BSCL2,chr11,-,62690786,62691141,62690786,62690867,62691074,62691141,5009,"16,14,25","95,114,85","146,127,146","83,92,82",356,149,0.0,0.0,"0.066,0.049,0.11","0.424,0.366,0.427",-0.331,207,116.33333333333333,225.33333333333331,BSCL2_chr11_-_62690786_62691141_62690786_62690867_62691074_62691141_207
5011,ENSG00000168000,BSCL2,chr11,-,62690786,62691421,62690786,62691141,62691279,62691421,5011,"17,17,7","98,100,73","73,56,68","65,51,50",287,149,0.0,0.0,"0.083,0.081,0.047","0.368,0.363,0.414",-0.311,138,104.0,121.0,BSCL2_chr11_-_62690786_62691421_62690786_62691141_62691279_62691421_138
5012,ENSG00000168000,BSCL2,chr11,-,62690786,62692473,62690786,62691421,62692375,62692473,5012,"3,6,2","63,92,68","82,79,89","58,51,57",1103,149,0.0,0.0,"0.006,0.009,0.004","0.16,0.173,0.174",-0.163,954,78.0,138.66666666666666,BSCL2_chr11_-_62690786_62692473_62690786_62691421_62692375_62692473_954
5014,ENSG00000168000,BSCL2,chr11,-,62690786,62692797,62690786,62692473,62692662,62692797,5014,"4,8,2","71,88,65","28,36,43","65,47,43",338,149,0.0,0.0,"0.024,0.039,0.013","0.16,0.252,0.306",-0.214,189,79.33333333333334,87.33333333333333,BSCL2_chr11_-_62690786_62692797_62690786_62692473_62692662_62692797_189
5017,ENSG00000075702,WDR62,chr19,+,36101213,36102851,36101213,36101317,36101663,36102851,5017,"26,32,23","36,31,40","51,40,49","21,25,26",495,149,2.53882930836e-05,0.0001191781030701,"0.179,0.237,0.148","0.422,0.325,0.362",-0.182,346,62.666666666666664,70.66666666666666,WDR62_chr19_+_36101213_36102851_36101213_36101317_36101663_36102851_346
5018,ENSG00000075702,WDR62,chr19,+,36101213,36102151,36101213,36101317,36102013,36102151,5018,"32,39,29","5,6,8","69,52,67","3,0,4",845,149,0.000187733861632,0.0007533585181657,"0.53,0.534,0.39","0.802,1.0,0.747",-0.365,696,39.66666666666667,65.0,WDR62_chr19_+_36101213_36102151_36101213_36101317_36102013_36102151_696
5019,ENSG00000075702,WDR62,chr19,+,36101663,36102851,36101663,36101774,36102013,36102851,5019,"10,12,11","61,40,49","24,16,23","24,22,26",388,149,1.38467951216e-07,8.606459190058451e-07,"0.059,0.103,0.079","0.277,0.218,0.254",-0.169,239,61.0,45.0,WDR62_chr19_+_36101663_36102851_36101663_36101774_36102013_36102851_239
5023,ENSG00000075702,WDR62,chr19,+,36101213,36102851,36101213,36102151,36102736,36102851,5023,"42,38,55","30,33,27","69,42,82","22,11,20",734,149,6.75937747695e-05,0.0002956827209111,"0.221,0.189,0.293","0.389,0.437,0.454",-0.192,585,75.0,82.0,WDR62_chr19_+_36101213_36102851_36101213_36102151_36102736_36102851_585
5027,ENSG00000075702,WDR62,chr19,+,36102947,36103207,36102947,36103074,36103155,36103207,5027,"6,5,4","55,68,45","26,8,18","47,24,38",230,149,1.54582329159e-08,1.0598290793965237e-07,"0.066,0.045,0.054","0.264,0.178,0.235",-0.171,81,61.0,53.66666666666667,WDR62_chr19_+_36102947_36103207_36102947_36103074_36103155_36103207_81
5048,ENSG00000142871,CCN1,chr1,+,85581364,85582284,85581364,85581578,85581927,85582284,5048,"2,4,0","14,10,10","21,7,17","15,12,12",498,149,4.07260963053e-06,2.1327765611229448e-05,"0.041,0.107,0.0","0.295,0.149,0.298",-0.198,349,13.333333333333334,28.0,CCN1_chr1_+_85581364_85582284_85581364_85581578_85581927_85582284_349
5061,ENSG00000132155,RAF1,chr3,-,12585121,12587637,12585121,12585799,12587590,12587637,5061,"366,431,341","124,112,130","815,670,799","86,90,101",1940,149,2.22044604925e-16,2.8916708338028217e-15,"0.185,0.228,0.168","0.421,0.364,0.378",-0.194,1791,501.3333333333333,853.6666666666667,RAF1_chr3_-_12585121_12587637_12585121_12585799_12587590_12587637_1791
5065,ENSG00000132155,RAF1,chr3,-,12590797,12591792,12590797,12590974,12591707,12591792,5065,"16,15,23","249,310,276","351,353,327","199,143,175",882,149,0.0,0.0,"0.011,0.008,0.014","0.23,0.294,0.24",-0.244,733,296.3333333333333,516.0,RAF1_chr3_-_12590797_12591792_12590797_12590974_12591707_12591792_733
5071,ENSG00000141504,SAT2,chr17,-,7627142,7627414,7627142,7627226,7627362,7627414,5071,"42,72,54","193,207,215","219,161,173","94,112,87",285,149,0.0,0.0,"0.102,0.154,0.116","0.549,0.429,0.51",-0.372,136,261.0,282.0,SAT2_chr17_-_7627142_7627414_7627142_7627226_7627362_7627414_136
5072,ENSG00000141504,SAT2,chr17,-,7627362,7627802,7627362,7627414,7627552,7627802,5072,"36,52,40","97,88,117","112,88,114","56,74,55",287,149,2.60236276972e-13,2.683777470895598e-12,"0.162,0.235,0.151","0.509,0.382,0.518",-0.287,138,143.33333333333334,166.33333333333334,SAT2_chr17_-_7627362_7627802_7627362_7627414_7627552_7627802_138
5073,ENSG00000141504,SAT2,chr17,-,7627362,7627805,7627362,7627414,7627569,7627805,5073,"48,76,54","70,79,75","130,120,139","32,42,29",304,149,0.0,0.0,"0.252,0.32,0.261","0.666,0.583,0.701",-0.372,155,134.0,164.0,SAT2_chr17_-_7627362_7627805_7627362_7627414_7627569_7627805_155
5111,ENSG00000011009,LYPLA2,chr1,+,23794223,23794600,23794223,23794325,23794426,23794600,5111,"25,25,34","137,127,130","43,56,42","80,65,74",250,149,2.55032917007e-09,1.8719314703575432e-08,"0.098,0.105,0.135","0.243,0.339,0.253",-0.166,101,159.33333333333334,120.0,LYPLA2_chr1_+_23794223_23794600_23794223_23794325_23794426_23794600_101
5131,ENSG00000104381,GDAP1,chr8,+,74361883,74363053,74361883,74361978,74362938,74363053,5131,"7,6,8","26,12,21","29,18,18","8,7,18",1109,149,8.44207637019e-07,4.832270691277749e-06,"0.035,0.063,0.049","0.328,0.257,0.118",-0.185,960,26.666666666666668,32.66666666666667,GDAP1_chr8_+_74361883_74363053_74361883_74361978_74362938_74363053_960
5156,ENSG00000116337,AMPD2,chr1,+,109628082,109628495,109628082,109628277,109628363,109628495,5156,"22,26,16","137,98,116","54,43,35","62,44,45",235,149,3.33066907388e-16,4.25495855389791e-15,"0.092,0.144,0.08","0.356,0.383,0.33",-0.251,86,138.33333333333334,94.33333333333334,AMPD2_chr1_+_109628082_109628495_109628082_109628277_109628363_109628495_86
5160,ENSG00000116337,AMPD2,chr1,+,109628082,109629235,109628082,109628495,109629108,109629235,5160,"67,45,63","6,2,3","54,57,58","17,8,11",762,149,0.00073806239245,0.0026113333521086,"0.686,0.815,0.804","0.383,0.582,0.508",0.277,613,62.0,68.33333333333334,AMPD2_chr1_+_109628082_109629235_109628082_109628495_109629108_109629235_613
5172,ENSG00000146282,RARS2,chr6,-,87514212,87514499,87514212,87514308,87514427,87514499,5172,"21,16,14","3,7,8","12,8,16","0,0,3",268,149,0.000733760077099,0.002598151361903,"0.796,0.56,0.493","1.0,1.0,0.748",-0.3,119,23.0,13.0,RARS2_chr6_-_87514212_87514499_87514212_87514308_87514427_87514499_119
5187,ENSG00000010270,STARD3NL,chr7,+,38215027,38217305,38215027,38215105,38217187,38217305,5187,"23,29,15","11,5,6","120,110,140","10,8,4",2231,149,9.23043923973e-06,4.5990258668128426e-05,"0.123,0.279,0.143","0.445,0.479,0.7",-0.36,2082,29.666666666666664,130.66666666666666,STARD3NL_chr7_+_38215027_38217305_38215027_38215105_38217187_38217305_2082
5218,ENSG00000173846,PLK3,chr1,+,44802954,44803391,44802954,44803153,44803267,44803391,5218,"2,4,2","6,13,11","13,17,16","5,9,5",263,149,1.16502707148e-07,7.31510195221796e-07,"0.159,0.148,0.093","0.596,0.517,0.644",-0.452,114,12.666666666666666,21.666666666666668,PLK3_chr1_+_44802954_44803391_44802954_44803153_44803267_44803391_114
5219,ENSG00000173846,PLK3,chr1,+,44803599,44804024,44803599,44803691,44803930,44804024,5219,"1,5,4","10,12,6","10,10,29","8,16,13",388,149,0.00214441406023,0.0068606383972003,"0.037,0.138,0.204","0.324,0.194,0.461",-0.2,239,12.666666666666668,28.666666666666664,PLK3_chr1_+_44803599_44804024_44803599_44803691_44803930_44804024_239
5221,ENSG00000132604,TERF2,chr16,-,69368375,69368595,69368375,69368482,69368586,69368595,5221,"5,5,6","7,9,11","18,8,13","2,3,2",253,149,1.74824787791e-06,9.597815859098468e-06,"0.296,0.247,0.243","0.841,0.611,0.793",-0.486,104,14.333333333333332,15.333333333333334,TERF2_chr16_-_69368375_69368595_69368375_69368482_69368586_69368595_104
5253,ENSG00000204410,MSH5,chr6,+,31743903,31744299,31743903,31744025,31744138,31744299,5253,"14,32,20","3,3,4","8,9,17","0,1,0",262,149,0.000175136244094,0.0007074431216576,"0.726,0.858,0.74","1.0,0.837,1.0",-0.171,113,25.333333333333332,11.666666666666668,MSH5_chr6_+_31743903_31744299_31743903_31744025_31744138_31744299_113
5256,ENSG00000162298,SYVN1,chr11,-,65130001,65130379,65130001,65130172,65130250,65130379,5256,"5,6,13","14,25,19","24,23,32","7,11,14",227,149,6.81827880822e-08,4.408596385279902e-07,"0.19,0.136,0.31","0.692,0.578,0.6",-0.411,78,27.333333333333332,37.0,SYVN1_chr11_-_65130001_65130379_65130001_65130172_65130250_65130379_78
5257,ENSG00000162298,SYVN1,chr11,-,65130001,65130379,65130001,65130175,65130250,65130379,5257,"2,6,6","25,28,24","24,23,32","13,2,19",224,149,3.96214283604e-10,3.145856204442942e-09,"0.051,0.125,0.143","0.551,0.884,0.528",-0.548,75,30.333333333333336,37.666666666666664,SYVN1_chr11_-_65130001_65130379_65130001_65130175_65130250_65130379_75
5258,ENSG00000162298,SYVN1,chr11,-,65131273,65131596,65131273,65131373,65131469,65131596,5258,"6,5,5","108,73,56","22,14,24","50,26,40",245,149,3.21631610234e-13,3.2985108471775777e-12,"0.033,0.04,0.052","0.211,0.247,0.267",-0.2,96,84.33333333333333,58.666666666666664,SYVN1_chr11_-_65131273_65131596_65131273_65131373_65131469_65131596_96
5260,ENSG00000162298,SYVN1,chr11,-,65132247,65132780,65132247,65132351,65132731,65132780,5260,"9,22,22","91,79,85","79,55,86","42,24,35",529,149,0.0,0.0,"0.027,0.073,0.068","0.346,0.392,0.409",-0.326,380,102.66666666666667,107.0,SYVN1_chr11_-_65132247_65132780_65132247_65132351_65132731_65132780_380
5261,ENSG00000162298,SYVN1,chr11,-,65132921,65133320,65132921,65133074,65133159,65133320,5261,"7,4,1","135,124,118","17,16,22","68,38,67",234,149,2.10942374679e-15,2.5660601229484942e-14,"0.032,0.02,0.005","0.137,0.211,0.173",-0.155,85,129.66666666666669,76.0,SYVN1_chr11_-_65132921_65133320_65132921_65133074_65133159_65133320_85
5265,ENSG00000129968,ABHD17A,chr19,-,1877507,1880115,1877507,1877687,1879920,1880115,5265,"432,513,491","224,175,199","1459,1204,1335","103,110,120",2382,149,0.0,0.0,"0.108,0.155,0.134","0.47,0.406,0.41",-0.296,2233,678.0,1443.6666666666667,ABHD17A_chr19_-_1877507_1880115_1877507_1877687_1879920_1880115_2233
5266,ENSG00000160051,IQCC,chr1,+,32206153,32206761,32206153,32206297,32206508,32206761,5266,"26,32,49","35,33,34","85,68,60","29,21,22",360,149,2.37702055661e-06,1.286797638563654e-05,"0.235,0.286,0.374","0.548,0.573,0.53",-0.252,211,69.66666666666666,95.0,IQCC_chr1_+_32206153_32206761_32206153_32206297_32206508_32206761_211
5315,ENSG00000107566,ERLIN1,chr10,-,100185513,100186029,100185513,100185637,100185903,100186029,5315,"30,23,36","54,48,48","47,36,30","28,30,25",415,149,9.56340776969e-05,0.0004072445384739,"0.166,0.147,0.212","0.376,0.301,0.301",-0.151,266,79.66666666666667,65.33333333333333,ERLIN1_chr10_-_100185513_100186029_100185513_100185637_100185903_100186029_266
5324,ENSG00000232956,SNHG15,chr7,-,44983022,44984426,44983022,44984046,44984356,44984426,5324,"208,209,256","239,185,222","1641,1552,1527","652,609,546",459,149,0.0,0.0,"0.22,0.268,0.272","0.45,0.453,0.476",-0.206,310,439.6666666666667,2175.6666666666665,SNHG15_chr7_-_44983022_44984426_44983022_44984046_44984356_44984426_310
5329,ENSG00000232956,SNHG15,chr7,-,44983821,44986097,44983821,44984426,44986020,44986097,5329,"462,511,516","331,278,274","5471,5794,5175","695,603,636",1743,149,0.0,0.0,"0.107,0.136,0.139","0.402,0.451,0.41",-0.294,1594,790.6666666666666,6124.666666666667,SNHG15_chr7_-_44983821_44986097_44983821_44984426_44986020_44986097_1594
5339,ENSG00000147813,NAPRT,chr8,-,143576077,143576572,143576077,143576162,143576431,143576572,5339,"21,19,24","27,25,27","34,31,43","13,14,16",418,149,6.20461674794e-06,3.1705806274594434e-05,"0.217,0.213,0.241","0.482,0.441,0.489",-0.247,269,47.666666666666664,50.333333333333336,NAPRT_chr8_-_143576077_143576572_143576077_143576162_143576431_143576572_269
5376,ENSG00000183258,DDX41,chr5,-,177512495,177512876,177512495,177512645,177512779,177512876,5376,"24,20,24","372,483,764","157,161,134","218,191,219",283,149,0.0,0.0,"0.033,0.021,0.016","0.275,0.307,0.244",-0.252,134,562.3333333333333,360.0,DDX41_chr5_-_177512495_177512876_177512495_177512645_177512779_177512876_134
5377,ENSG00000183258,DDX41,chr5,-,177513352,177513847,177513352,177513484,177513684,177513847,5377,"26,19,32","336,352,691","167,162,173","163,170,202",349,149,0.0,0.0,"0.032,0.023,0.019","0.304,0.289,0.268",-0.262,200,485.33333333333337,345.6666666666667,DDX41_chr5_-_177513352_177513847_177513352_177513484_177513684_177513847_200
5379,ENSG00000183258,DDX41,chr5,-,177515928,177516193,177515928,177515989,177516118,177516193,5379,"38,39,40","366,400,725","132,125,113","199,169,156",278,149,0.0,0.0,"0.053,0.05,0.029","0.262,0.284,0.28",-0.231,129,536.0,298.0,DDX41_chr5_-_177515928_177516193_177515928_177515989_177516118_177516193_129
5389,ENSG00000164076,CAMKV,chr3,-,49861438,49861865,49861438,49861577,49861790,49861865,5389,"21,18,29","26,27,21","28,22,29","11,8,12",362,149,0.000387798971598,0.0014520829646448,"0.25,0.215,0.362","0.512,0.531,0.499",-0.238,213,47.333333333333336,36.666666666666664,CAMKV_chr3_-_49861438_49861865_49861438_49861577_49861790_49861865_213
5395,ENSG00000135924,DNAJB2,chr2,+,219280577,219281771,219280577,219280687,219281717,219281771,5395,"18,13,11","45,38,39","41,55,34","20,25,20",1179,149,7.31636973228e-14,8.003566533800817e-13,"0.048,0.041,0.034","0.206,0.218,0.177",-0.159,1030,54.666666666666664,65.0,DNAJB2_chr2_+_219280577_219281771_219280577_219280687_219281717_219281771_1030
5401,ENSG00000003756,RBM5,chr3,+,50117073,50117379,50117073,50117171,50117249,50117379,5401,"53,68,67","290,253,287","197,206,165","167,136,149",227,149,0.0,0.0,"0.107,0.15,0.133","0.436,0.499,0.421",-0.322,78,339.33333333333337,340.0,RBM5_chr3_+_50117073_50117379_50117073_50117171_50117249_50117379_78
5412,ENSG00000169228,RAB24,chr5,-,177301924,177302496,177301924,177301987,177302127,177302496,5412,"21,29,21","218,190,194","66,53,73","154,88,110",289,149,0.0,0.0,"0.047,0.073,0.053","0.181,0.237,0.255",-0.167,140,224.33333333333331,181.33333333333331,RAB24_chr5_-_177301924_177302496_177301924_177301987_177302127_177302496_140
5417,ENSG00000246695,RASSF8-AS1,chr12,-,25952757,25955241,25952757,25953076,25955137,25955241,5417,"12,12,20","3,0,2","9,16,7","1,0,0",2210,149,9.96058621195e-05,0.0004222099230139,"0.212,1.0,0.403","0.378,1.0,1.0",-0.254,2061,16.333333333333332,11.0,RASSF8-AS1_chr12_-_25952757_25955241_25952757_25953076_25955137_25955241_2061
5420,ENSG00000186470,BTN3A2,chr6,+,26373275,26373413,26373275,26373296,26373386,26373413,5420,"0,1,0","45,21,31","9,3,5","14,16,16",239,149,2.42121106497e-08,1.6282534156410276e-07,"0.0,0.029,0.0","0.286,0.105,0.163",-0.175,90,32.66666666666667,21.0,BTN3A2_chr6_+_26373275_26373413_26373275_26373296_26373386_26373413_90
5465,ENSG00000166526,ZNF3,chr7,-,100075134,100075630,100075134,100075261,100075541,100075630,5465,"15,15,8","41,34,25","81,71,73","49,34,41",429,149,9.58788604066e-13,9.464832957785219e-12,"0.113,0.133,0.1","0.365,0.42,0.382",-0.274,280,46.0,116.33333333333334,ZNF3_chr7_-_100075134_100075630_100075134_100075261_100075541_100075630_280
5491,ENSG00000159658,EFCAB14,chr1,-,46686783,46689691,46686783,46686870,46689586,46689691,5491,"35,53,50","13,20,17","85,76,76","9,7,7",2865,149,1.39336591964e-06,7.724184647613935e-06,"0.123,0.121,0.133","0.329,0.361,0.361",-0.225,2716,62.66666666666667,86.66666666666667,EFCAB14_chr1_-_46686783_46689691_46686783_46686870_46689586_46689691_2716
5494,ENSG00000214941,ZSWIM7,chr17,-,15976559,15978163,15976559,15977092,15978043,15978163,5494,"115,120,130","8,9,4","101,93,78","15,13,13",1100,149,0.00129096137965,0.004340828245599,"0.661,0.644,0.815","0.477,0.492,0.448",0.234,951,128.66666666666669,104.33333333333334,ZSWIM7_chr17_-_15976559_15978163_15976559_15977092_15978043_15978163_951
5505,ENSG00000087191,PSMC5,chr17,+,63831326,63831616,63831326,63831425,63831505,63831616,5505,"15,13,16","383,322,345","122,143,137","324,251,269",229,149,0.0,0.0,"0.025,0.026,0.029","0.197,0.27,0.249",-0.212,80,364.6666666666667,415.3333333333333,PSMC5_chr17_+_63831326_63831616_63831326_63831425_63831505_63831616_80
5517,ENSG00000008128,CDK11A,chr1,-,1703475,1703940,1703475,1703624,1703823,1703940,5517,"14,20,24","40,26,36","61,61,72","45,49,53",348,149,9.66860395192e-05,0.0004112498362959,"0.13,0.248,0.222","0.367,0.348,0.368",-0.161,199,53.33333333333333,113.66666666666667,CDK11A_chr1_-_1703475_1703940_1703475_1703624_1703823_1703940_199
5518,ENSG00000008128,CDK11A,chr1,-,1704038,1704344,1704038,1704146,1704222,1704344,5518,"7,5,2","37,32,38","24,35,30","22,20,21",225,149,1.11022302463e-15,1.3731803708321476e-14,"0.111,0.094,0.034","0.419,0.537,0.486",-0.401,76,40.33333333333333,50.66666666666667,CDK11A_chr1_-_1704038_1704344_1704038_1704146_1704222_1704344_76
5519,ENSG00000008128,CDK11A,chr1,-,1704222,1704655,1704222,1704344,1704549,1704655,5519,"9,30,19","15,13,10","60,58,56","8,9,7",354,149,1.09509120582e-05,5.412418650451727e-05,"0.202,0.493,0.444","0.759,0.731,0.771",-0.374,205,32.0,66.0,CDK11A_chr1_-_1704222_1704655_1704222_1704344_1704549_1704655_205
5557,ENSG00000241878,PISD,chr22,-,31620995,31621472,31620995,31621142,31621333,31621472,5557,"15,13,25","59,72,70","44,32,50","35,23,40",340,149,5.5955240441099995e-14,6.175986478581203e-13,"0.1,0.073,0.135","0.355,0.379,0.354",-0.26,191,84.66666666666667,74.66666666666666,PISD_chr22_-_31620995_31621472_31620995_31621142_31621333_31621472_191
5558,ENSG00000241878,PISD,chr22,-,31620995,31621885,31620995,31621472,31621648,31621885,5558,"12,16,15","59,49,70","31,21,30","30,21,50",325,149,4.13659517973e-07,2.451414029464392e-06,"0.085,0.13,0.089","0.321,0.314,0.216",-0.182,176,73.66666666666667,61.0,PISD_chr22_-_31620995_31621885_31620995_31621472_31621648_31621885_176
5605,ENSG00000132463,GRSF1,chr4,-,70825295,70826245,70825295,70825431,70826123,70826245,5605,"55,94,89","198,238,206","209,188,232","128,118,116",841,149,0.0,0.0,"0.047,0.065,0.071","0.224,0.22,0.262",-0.174,692,293.3333333333333,330.3333333333333,GRSF1_chr4_-_70825295_70826245_70825295_70825431_70826123_70826245_692
5607,ENSG00000132680,KHDC4,chr1,-,155913044,155915964,155913044,155914320,155915872,155915964,5607,"642,810,689","171,199,193","1356,1032,1372","190,143,157",1701,149,3.08523206982e-11,2.731577170689554e-10,"0.247,0.263,0.238","0.385,0.387,0.434",-0.153,1552,901.3333333333333,1416.6666666666665,KHDC4_chr1_-_155913044_155915964_155913044_155914320_155915872_155915964_1552
5619,ENSG00000197077,KIAA1671,chr22,+,25174239,25177522,25174239,25174489,25177347,25177522,5619,"6,4,2","26,27,23","51,46,59","17,14,10",3007,149,0.0,0.0,"0.011,0.007,0.004","0.129,0.14,0.226",-0.158,2858,29.333333333333332,65.66666666666667,KIAA1671_chr22_+_25174239_25177522_25174239_25174489_25177347_25177522_2858
5620,ENSG00000189077,TMEM120A,chr7,-,75988082,75988341,75988082,75988148,75988251,75988341,5620,"12,10,23","67,56,66","18,20,19","30,21,30",252,149,2.47070413416e-05,0.0001160539397368,"0.096,0.096,0.171","0.262,0.36,0.272",-0.177,103,78.0,46.0,TMEM120A_chr7_-_75988082_75988341_75988082_75988148_75988251_75988341_103
5623,ENSG00000185163,DDX51,chr12,-,132140830,132141420,132140830,132141020,132141102,132141420,5623,"18,29,22","11,19,16","45,44,48","9,8,13",231,149,6.18082335547e-05,0.0002718237025419,"0.513,0.496,0.47","0.763,0.78,0.704",-0.256,82,38.333333333333336,55.666666666666664,DDX51_chr12_-_132140830_132141420_132140830_132141020_132141102_132141420_82
5624,ENSG00000185163,DDX51,chr12,-,132140830,132141420,132140830,132141020,132141274,132141420,5624,"37,56,49","43,33,42","87,74,83","27,33,30",403,149,0.000125831177265,0.0005243439124857,"0.241,0.386,0.301","0.544,0.453,0.506",-0.192,254,86.66666666666667,111.33333333333333,DDX51_chr12_-_132140830_132141420_132140830_132141020_132141274_132141420_254
5625,ENSG00000185163,DDX51,chr12,-,132141497,132141956,132141497,132141606,132141849,132141956,5625,"48,69,78","21,33,32","83,70,90","23,17,10",392,149,0.0024130571906,0.0076373828955809,"0.465,0.443,0.481","0.578,0.61,0.774",-0.191,243,93.66666666666667,97.66666666666667,DDX51_chr12_-_132141497_132141956_132141497_132141606_132141849_132141956_243
5641,ENSG00000138382,METTL5,chr2,-,169824488,169824905,169824488,169824640,169824867,169824905,5641,"50,40,41","81,88,89","81,83,95","60,60,58",376,149,1.06427311408e-10,8.909969018556372e-10,"0.197,0.153,0.154","0.349,0.354,0.394",-0.198,227,129.66666666666666,145.66666666666666,METTL5_chr2_-_169824488_169824905_169824488_169824640_169824867_169824905_227
5646,ENSG00000040487,SLC66A1,chr1,+,19312325,19312889,19312325,19312358,19312728,19312889,5646,"27,19,20","49,22,41","42,30,44","23,30,16",519,149,0.000118089857889,0.0004937573673003,"0.137,0.199,0.123","0.344,0.223,0.441",-0.183,370,59.333333333333336,61.666666666666664,SLC66A1_chr1_+_19312325_19312889_19312325_19312358_19312728_19312889_370
5671,ENSG00000179335,CLK3,chr15,+,74620008,74622216,74620008,74620225,74622119,74622216,5671,"286,325,316","196,180,216","760,723,778","118,62,107",2043,149,0.0,0.0,"0.096,0.116,0.096","0.32,0.46,0.347",-0.273,1894,506.33333333333337,849.3333333333333,CLK3_chr15_+_74620008_74622216_74620008_74620225_74622119_74622216_1894
5676,ENSG00000163472,TMEM79,chr1,+,156285183,156286473,156285183,156285983,156286259,156286473,5676,"7,11,12","11,18,12","76,54,63","13,4,8",425,149,2.49578135936e-13,2.5883215670666066e-12,"0.182,0.176,0.26","0.672,0.826,0.734",-0.538,276,23.666666666666664,72.66666666666666,TMEM79_chr1_+_156285183_156286473_156285183_156285983_156286259_156286473_276
5685,ENSG00000156873,PHKG2,chr16,+,30751105,30751603,30751105,30751281,30751548,30751603,5685,"126,125,137","142,91,101","263,140,226","54,73,56",416,149,2.76379088182e-06,1.4842059542806456e-05,"0.241,0.33,0.327","0.636,0.407,0.591",-0.245,267,240.66666666666669,270.66666666666663,PHKG2_chr16_+_30751105_30751603_30751105_30751281_30751548_30751603_267
5711,ENSG00000121940,CLCC1,chr1,-,108962308,108963453,108962308,108962464,108963360,108963453,5711,"14,18,8","1,7,2","23,21,18","0,0,0",1045,149,7.26174675947e-11,6.170395635434577e-10,"0.666,0.268,0.363","1.0,1.0,1.0",-0.568,896,16.666666666666668,20.666666666666668,CLCC1_chr1_-_108962308_108963453_108962308_108962464_108963360_108963453_896
5715,ENSG00000121940,CLCC1,chr1,-,108962308,108963484,108962308,108962469,108963400,108963484,5715,"12,19,8","1,5,1","22,20,17","1,1,0",1080,149,0.000224858213161,0.0008859941547389,"0.623,0.344,0.525","0.752,0.734,1.0",-0.331,931,15.333333333333334,20.333333333333336,CLCC1_chr1_-_108962308_108963484_108962308_108962469_108963400_108963484_931
5723,ENSG00000143793,C1orf35,chr1,-,228102079,228102382,228102079,228102165,228102309,228102382,5723,"91,73,103","230,235,210","305,240,273","152,116,139",293,149,0.0,0.0,"0.168,0.136,0.2","0.505,0.513,0.5",-0.338,144,314.0,408.33333333333337,C1orf35_chr1_-_228102079_228102382_228102079_228102165_228102309_228102382_144
5724,ENSG00000143793,C1orf35,chr1,-,228102309,228102560,228102309,228102382,228102477,228102560,5724,"49,34,55","229,211,208","201,155,148","142,108,132",244,149,0.0,0.0,"0.116,0.09,0.139","0.464,0.467,0.406",-0.331,95,262.0,295.3333333333333,C1orf35_chr1_-_228102309_228102560_228102309_228102382_228102477_228102560_95
5750,ENSG00000138398,PPIG,chr2,+,169630773,169631933,169630773,169630987,169631765,169631933,5750,"15,25,29","33,67,63","218,182,194","32,37,44",927,149,0.0,0.0,"0.068,0.057,0.069","0.523,0.442,0.415",-0.395,778,77.33333333333334,235.66666666666666,PPIG_chr2_+_169630773_169631933_169630773_169630987_169631765_169631933_778
5779,ENSG00000183963,SMTN,chr22,+,31099061,31099896,31099061,31099179,31099744,31099896,5779,"12,12,7","29,42,36","37,34,36","21,13,16",714,149,1.29896093881e-14,1.5081018195240631e-13,"0.079,0.056,0.039","0.269,0.353,0.32",-0.256,565,46.0,52.33333333333333,SMTN_chr22_+_31099061_31099896_31099061_31099179_31099744_31099896_565
5780,ENSG00000177954,RPS27,chr1,+,153990762,153991034,153990762,153990802,153990913,153991034,5780,"46,50,37","46,59,53","64,55,49","24,15,32",260,149,1.88606534727e-05,9.025641278550674e-05,"0.364,0.327,0.286","0.604,0.678,0.467",-0.257,111,97.0,79.66666666666667,RPS27_chr1_+_153990762_153991034_153990762_153990802_153990913_153991034_111
5785,ENSG00000160741,CRTC2,chr1,-,153954872,153955166,153954872,153954989,153955064,153955166,5785,"8,3,2","90,74,76","53,47,58","35,44,57",224,149,0.0,0.0,"0.056,0.026,0.017","0.502,0.415,0.404",-0.407,75,84.33333333333333,98.0,CRTC2_chr1_-_153954872_153955166_153954872_153954989_153955064_153955166_75
5818,ENSG00000204469,PRRC2A,chr6,+,31636732,31637136,31636732,31636945,31637041,31637136,5818,"14,5,6","514,438,475","79,66,79","306,140,234",245,149,0.0,0.0,"0.016,0.007,0.008","0.136,0.223,0.17",-0.166,96,484.0,301.3333333333333,PRRC2A_chr6_+_31636732_31637136_31636732_31636945_31637041_31637136_96
5819,ENSG00000204469,PRRC2A,chr6,+,31637233,31637771,31637233,31637324,31637445,31637771,5819,"20,25,26","656,600,658","228,196,209","345,173,239",270,149,0.0,0.0,"0.017,0.022,0.021","0.267,0.385,0.326",-0.306,121,661.6666666666666,463.33333333333337,PRRC2A_chr6_+_31637233_31637771_31637233_31637324_31637445_31637771_121
5823,ENSG00000089685,BIRC5,chr17,+,78215965,78216781,78215965,78216034,78216663,78216781,5823,"26,45,31","56,43,44","135,91,119","23,27,38",778,149,8.43769498715e-15,9.88951425160565e-14,"0.082,0.167,0.119","0.529,0.392,0.375",-0.309,629,81.66666666666666,144.33333333333334,BIRC5_chr17_+_78215965_78216781_78215965_78216034_78216663_78216781_629
5825,ENSG00000076706,MCAM,chr11,-,119310755,119311185,119310755,119310903,119311089,119311185,5825,"15,14,9","43,49,43","23,22,18","27,15,14",335,149,3.51876887628e-07,2.097061289947661e-06,"0.134,0.113,0.085","0.275,0.395,0.364",-0.234,186,57.666666666666664,39.66666666666667,MCAM_chr11_-_119310755_119311185_119310755_119310903_119311089_119311185_186
5826,ENSG00000076706,MCAM,chr11,-,119310755,119311421,119310755,119311185,119311279,119311421,5826,"12,3,4","67,65,59","16,9,18","25,22,25",243,149,4.91922647061e-09,3.540308797171953e-08,"0.099,0.028,0.04","0.282,0.201,0.306",-0.207,94,70.0,38.333333333333336,MCAM_chr11_-_119310755_119311421_119310755_119311185_119311279_119311421_94
5827,ENSG00000076706,MCAM,chr11,-,119312769,119314576,119312769,119312949,119314488,119314576,5827,"4,12,12","37,27,50","32,21,43","8,13,23",1688,149,2.32036612147e-14,2.6318868572864024e-13,"0.009,0.038,0.021","0.261,0.125,0.142",-0.153,1539,47.333333333333336,46.666666666666664,MCAM_chr11_-_119312769_119314576_119312769_119312949_119314488_119314576_1539
5831,ENSG00000117410,ATP6V0B,chr1,+,43977025,43978295,43977025,43977216,43977980,43978295,5831,"53,42,46","240,237,267","460,422,472","322,322,307",913,149,0.0,0.0,"0.035,0.028,0.027","0.189,0.176,0.201",-0.159,764,295.0,768.3333333333333,ATP6V0B_chr1_+_43977025_43978295_43977025_43977216_43977980_43978295_764
5848,ENSG00000055609,KMT2C,chr7,-,152144712,152145295,152144712,152144881,152145164,152145295,5848,"5,21,10","34,15,26","23,15,15","12,8,14",432,149,0.00141264634428,0.0047092463233243,"0.048,0.326,0.117","0.398,0.393,0.27",-0.19,283,37.0,29.0,KMT2C_chr7_-_152144712_152145295_152144712_152144881_152145164_152145295_283
5877,ENSG00000143578,CREB3L4,chr1,+,153968929,153969455,153968929,153969176,153969333,153969455,5877,"5,11,3","30,27,25","14,7,10","9,6,14",306,149,5.52065115922e-05,0.0002446848028792,"0.075,0.166,0.055","0.431,0.362,0.258",-0.252,157,33.666666666666664,20.0,CREB3L4_chr1_+_153968929_153969455_153968929_153969176_153969333_153969455_157
5905,ENSG00000135837,CEP350,chr1,+,180110996,180114860,180110996,180111195,180112436,180114860,5905,"100,141,121","5,14,9","177,152,198","4,3,2",1390,149,3.07261457697e-05,0.0001424242689036,"0.682,0.519,0.59","0.826,0.845,0.914",-0.265,1241,130.0,178.66666666666666,CEP350_chr1_+_180110996_180114860_180110996_180111195_180112436_180114860_1241
5923,ENSG00000143093,STRIP1,chr1,+,110049111,110050409,110049111,110049238,110050342,110050409,5923,"23,21,28","5,6,3","123,74,110","2,6,1",1253,149,0.00015762093005,0.0006430237278945,"0.354,0.294,0.526","0.88,0.595,0.929",-0.41,1104,28.666666666666668,105.33333333333333,STRIP1_chr1_+_110049111_110050409_110049111_110049238_110050342_110050409_1104
5954,ENSG00000168610,STAT3,chr17,-,42316788,42317224,42316788,42316901,42317181,42317224,5954,"0,2,1","45,38,31","14,14,22","26,20,16",429,149,1.11022302463e-15,1.3731803708321476e-14,"0.0,0.018,0.011","0.158,0.196,0.323",-0.216,280,39.0,37.333333333333336,STAT3_chr17_-_42316788_42317224_42316788_42316901_42317181_42317224_280
5978,ENSG00000144381,HSPD1,chr2,-,197494156,197495376,197494156,197494250,197495293,197495376,5978,"240,290,271","11,16,20","457,476,505","64,76,79",1192,149,1.49194440358e-07,9.242044862445234e-07,"0.732,0.694,0.629","0.472,0.439,0.444",0.233,1043,282.6666666666667,552.3333333333333,HSPD1_chr2_-_197494156_197495376_197494156_197494250_197495293_197495376_1043
5983,ENSG00000197355,UAP1L1,chr9,+,137081997,137084538,137081997,137082064,137082636,137084538,5983,"23,20,16","23,24,24","58,24,38","25,9,11",721,149,4.54976014352e-06,2.3658752746304e-05,"0.171,0.147,0.121","0.324,0.355,0.417",-0.219,572,43.333333333333336,55.0,UAP1L1_chr9_+_137081997_137084538_137081997_137082064_137082636_137084538_572
5993,ENSG00000215305,VPS16,chr20,+,2863948,2864287,2863948,2864083,2864178,2864287,5993,"7,4,4","74,56,93","19,14,13","38,36,43",244,149,3.14939063717e-09,2.291142902942195e-08,"0.055,0.042,0.026","0.234,0.192,0.156",-0.153,95,79.33333333333333,54.333333333333336,VPS16_chr20_+_2863948_2864287_2863948_2864083_2864178_2864287_95
6022,ENSG00000120889,TNFRSF10B,chr8,-,23028330,23028602,23028330,23028441,23028528,23028602,6022,"122,123,140","54,57,43","286,216,264","27,28,48",236,149,3.36641714505e-10,2.684408660804449e-09,"0.588,0.577,0.673","0.87,0.83,0.776",-0.213,87,179.66666666666669,289.6666666666667,TNFRSF10B_chr8_-_23028330_23028602_23028330_23028441_23028528_23028602_87
6026,ENSG00000103253,HAGHL,chr16,+,728115,728424,728115,728233,728315,728424,6026,"6,5,10","50,45,42","14,7,10","14,23,22",231,149,0.000705598147065,0.0025060782674016,"0.072,0.067,0.133","0.392,0.164,0.227",-0.17,82,52.666666666666664,30.0,HAGHL_chr16_+_728115_728424_728115_728233_728315_728424_82
6039,ENSG00000116809,ZBTB17,chr1,-,15943598,15943895,15943598,15943715,15943807,15943895,6039,"10,7,9","44,43,27","43,31,34","32,22,30",241,149,5.9491300774500005e-12,5.588851970978473e-11,"0.123,0.091,0.171","0.454,0.466,0.412",-0.316,92,46.666666666666664,64.0,ZBTB17_chr1_-_15943598_15943895_15943598_15943715_15943807_15943895_92
6058,ENSG00000169242,EFNA1,chr1,+,155133502,155133780,155133502,155133568,155133729,155133780,6058,"2,7,2","25,15,14","40,24,23","12,11,18",310,149,7.97863664026e-10,6.14971325174111e-09,"0.037,0.183,0.064","0.616,0.512,0.38",-0.408,161,21.666666666666668,42.666666666666664,EFNA1_chr1_+_155133502_155133780_155133502_155133568_155133729_155133780_161
6084,ENSG00000013573,DDX11,chr12,+,31089402,31090094,31089402,31089490,31089885,31090094,6084,"100,124,123","73,62,66","131,69,120","33,29,18",544,149,0.000860633329514,0.0030075326574213,"0.273,0.354,0.338","0.521,0.395,0.646",-0.199,395,182.66666666666669,133.33333333333334,DDX11_chr12_+_31089402_31090094_31089402_31089490_31089885_31090094_395
6088,ENSG00000067445,TRO,chrX,+,54926582,54927105,54926582,54926625,54927042,54927105,6088,"105,115,138","26,29,23","135,111,95","12,8,13",566,149,0.00084535615688,0.0029597486308212,"0.515,0.511,0.612","0.748,0.785,0.658",-0.184,417,145.33333333333331,124.66666666666667,TRO_chrX_+_54926582_54927105_54926582_54926625_54927042_54927105_417
6091,ENSG00000112855,HARS2,chr5,+,140693490,140693665,140693490,140693508,140693590,140693665,6091,"12,16,9","5,4,2","42,28,32","2,1,2",231,149,0.00072260154998,0.0025615409721806,"0.608,0.721,0.744","0.931,0.948,0.912",-0.239,82,16.0,35.666666666666664,HARS2_chr5_+_140693490_140693665_140693490_140693508_140693590_140693665_82
6129,ENSG00000147533,GOLGA7,chr8,+,41505910,41507121,41505910,41506012,41507053,41507121,6129,"13,30,16","13,6,14","148,170,173","3,14,7",1190,149,6.97450652787e-10,5.403961826001268e-09,"0.111,0.385,0.125","0.861,0.603,0.756",-0.533,1041,30.666666666666668,171.66666666666666,GOLGA7_chr8_+_41505910_41507121_41505910_41506012_41507053_41507121_1041
6149,ENSG00000198755,RPL10A,chr6,+,35468946,35469529,35468946,35469285,35469380,35469529,6149,"402,446,463","293,319,279","1712,1640,1595","214,205,204",244,149,0.0,0.0,"0.456,0.461,0.503","0.83,0.83,0.827",-0.356,95,734.0,1856.6666666666667,RPL10A_chr6_+_35468946_35469529_35468946_35469285_35469380_35469529_95
6183,ENSG00000088205,DDX18,chr2,+,117826268,117829466,117826268,117826382,117829288,117829466,6183,"72,74,59","0,0,0","122,110,145","4,2,12",3055,149,7.45812811509e-09,5.2498396569899495e-08,"1.0,1.0,1.0","0.598,0.728,0.371",0.434,2906,68.33333333333333,131.66666666666669,DDX18_chr2_+_117826268_117829466_117826268_117826382_117829288_117829466_2906
6196,ENSG00000136718,IMP4,chr2,+,130342893,130343194,130342893,130342962,130343085,130343194,6196,"44,38,47","55,73,72","92,92,85","23,46,37",272,149,5.11382047819e-11,4.4581405443866537e-10,"0.305,0.222,0.263","0.687,0.523,0.557",-0.326,123,109.66666666666667,125.0,IMP4_chr2_+_130342893_130343194_130342893_130342962_130343085_130343194_123
6199,ENSG00000136718,IMP4,chr2,+,130345778,130346112,130345778,130345933,130346017,130346112,6199,"17,13,20","269,286,301","134,123,127","213,208,202",233,149,0.0,0.0,"0.039,0.028,0.041","0.287,0.274,0.287",-0.247,84,302.0,335.66666666666663,IMP4_chr2_+_130345778_130346112_130345778_130345933_130346017_130346112_84
6209,ENSG00000135974,C2orf49,chr2,+,105342847,105343223,105342847,105342974,105343100,105343223,6209,"133,83,95","42,49,42","137,189,119","8,22,9",275,149,4.24216217709e-13,4.320569036638974e-12,"0.632,0.479,0.551","0.903,0.823,0.878",-0.314,126,148.0,161.33333333333334,C2orf49_chr2_+_105342847_105343223_105342847_105342974_105343100_105343223_126
6237,ENSG00000106636,YKT6,chr7,+,44208132,44211124,44208132,44208198,44211022,44211124,6237,"73,107,78","221,207,188","701,748,698","195,165,144",2973,149,0.0,0.0,"0.016,0.025,0.02","0.153,0.185,0.195",-0.157,2824,291.33333333333337,883.6666666666666,YKT6_chr7_+_44208132_44211124_44208132_44208198_44211022_44211124_2824
6242,ENSG00000115317,HTRA2,chr2,+,74530910,74531371,74530910,74531105,74531338,74531371,6242,"22,32,34","165,148,150","42,51,58","66,92,58",382,149,9.31033028451e-13,9.215479734694615e-12,"0.049,0.078,0.081","0.199,0.178,0.281",-0.15,233,183.66666666666669,122.33333333333334,HTRA2_chr2_+_74530910_74531371_74530910_74531105_74531338_74531371_233
6245,ENSG00000115317,HTRA2,chr2,+,74531338,74531702,74531338,74531371,74531596,74531702,6245,"22,26,27","145,130,143","42,42,65","57,78,55",374,149,3.81250586656e-13,3.904513636432599e-12,"0.057,0.074,0.07","0.227,0.177,0.32",-0.174,225,164.33333333333334,113.0,HTRA2_chr2_+_74531338_74531702_74531338_74531371_74531596_74531702_225
6268,ENSG00000123374,CDK2,chr12,+,55966830,55967934,55966830,55967124,55967856,55967934,6268,"126,167,174","295,266,284","265,207,243","113,95,108",881,149,0.0,0.0,"0.067,0.096,0.094","0.284,0.269,0.276",-0.191,732,437.33333333333337,343.6666666666667,CDK2_chr12_+_55966830_55967934_55966830_55967124_55967856_55967934_732
6314,ENSG00000166986,MARS1,chr12,+,57516244,57516655,57516244,57516337,57516434,57516655,6314,"11,6,12","441,389,430","166,138,108","273,289,237",246,149,0.0,0.0,"0.015,0.009,0.017","0.269,0.224,0.216",-0.223,97,429.6666666666667,403.66666666666663,MARS1_chr12_+_57516244_57516655_57516244_57516337_57516434_57516655_97
6315,ENSG00000160753,RUSC1,chr1,+,155325101,155325490,155325101,155325178,155325315,155325490,6315,"29,24,25","168,170,145","48,44,55","67,49,71",286,149,0.0,0.0,"0.083,0.069,0.082","0.272,0.319,0.288",-0.215,137,187.0,111.33333333333334,RUSC1_chr1_+_155325101_155325490_155325101_155325178_155325315_155325490_137
6316,ENSG00000160753,RUSC1,chr1,+,155325863,155327132,155325863,155325910,155326579,155327132,6316,"26,33,28","167,144,151","107,89,98","66,68,83",818,149,0.0,0.0,"0.028,0.04,0.033","0.228,0.193,0.177",-0.166,669,183.0,170.33333333333331,RUSC1_chr1_+_155325863_155327132_155325863_155325910_155326579_155327132_669
6318,ENSG00000160753,RUSC1,chr1,+,155325863,155327132,155325863,155325910,155326897,155327132,6318,"386,314,338","28,19,26","283,244,289","16,5,4",1136,149,0.00147970400098,0.0049128301903041,"0.644,0.684,0.63","0.699,0.865,0.905",-0.17,987,370.3333333333333,280.3333333333333,RUSC1_chr1_+_155325863_155327132_155325863_155325910_155326897_155327132_987
6332,ENSG00000237765,FAM200B,chr4,+,15686235,15687148,15686235,15686462,15686931,15687148,6332,"76,77,59","2,9,8","78,64,82","2,1,2",618,149,0.00154714389529,0.0050977735487824,"0.902,0.673,0.64","0.904,0.939,0.908",-0.179,469,77.0,76.33333333333334,FAM200B_chr4_+_15686235_15687148_15686235_15686462_15686931_15687148_469
6334,ENSG00000237765,FAM200B,chr4,+,15686235,15690447,15686235,15687148,15688550,15690447,6334,"74,113,114","28,38,20","149,133,135","16,17,14",1551,149,6.90090195273e-05,0.0003009820438213,"0.202,0.222,0.354","0.472,0.429,0.481",-0.201,1402,129.0,154.66666666666666,FAM200B_chr4_+_15686235_15690447_15686235_15687148_15688550_15690447_1402
6353,ENSG00000157379,DHRS1,chr14,-,24291138,24291625,24291138,24291219,24291555,24291625,6353,"28,17,23","14,13,16","37,31,45","5,5,5",485,149,9.60795237703e-07,5.436804634223872e-06,"0.381,0.287,0.306","0.695,0.656,0.734",-0.37,336,37.0,42.666666666666664,DHRS1_chr14_-_24291138_24291625_24291138_24291219_24291555_24291625_336
6354,ENSG00000157379,DHRS1,chr14,-,24292183,24292784,24292183,24292330,24292651,24292784,6354,"25,47,35","29,29,31","47,36,47","10,17,14",470,149,0.000487116098778,0.0017877063982985,"0.215,0.339,0.264","0.598,0.402,0.516",-0.233,321,65.33333333333333,57.0,DHRS1_chr14_-_24292183_24292784_24292183_24292330_24292651_24292784_321
6358,ENSG00000173540,GMPPB,chr3,-,49722595,49723114,49722595,49722754,49722971,49723114,6358,"18,8,14","79,77,80","35,60,54","68,64,47",366,149,1.85673698638e-12,1.803966566767095e-11,"0.085,0.041,0.067","0.173,0.276,0.319",-0.192,217,92.0,109.33333333333333,GMPPB_chr3_-_49722595_49723114_49722595_49722754_49722971_49723114_217
6360,ENSG00000173540,GMPPB,chr3,-,49722595,49723302,49722595,49723114,49723253,49723302,6360,"9,8,11","88,72,77","37,40,39","45,39,58",288,149,0.0,0.0,"0.05,0.054,0.069","0.298,0.347,0.258",-0.243,139,88.33333333333333,86.0,GMPPB_chr3_-_49722595_49723302_49722595_49723114_49723253_49723302_139
6366,ENSG00000173559,NABP1,chr2,+,191685598,191696662,191685598,191693416,191695964,191696662,6366,"28,21,27","0,1,0","11,13,16","1,2,2",2697,149,5.34739597746e-06,2.755420230116165e-05,"1.0,0.537,1.0","0.378,0.264,0.307",0.529,2548,25.666666666666664,15.0,NABP1_chr2_+_191685598_191696662_191685598_191693416_191695964_191696662_2548
6382,ENSG00000239779,WBP1,chr2,+,74459437,74459745,74459437,74459562,74459642,74459745,6382,"63,58,41","15,19,12","57,55,63","4,5,10",229,149,0.000667404881196,0.0023784351557679,"0.732,0.665,0.69","0.903,0.877,0.804",-0.166,80,69.33333333333333,64.66666666666667,WBP1_chr2_+_74459437_74459745_74459437_74459562_74459642_74459745_80
6415,ENSG00000160695,VPS11,chr11,+,119078172,119078997,119078172,119078334,119078794,119078997,6415,"9,15,15","0,0,0","114,87,120","12,11,15",609,149,3.37762817826e-07,2.014572412622927e-06,"1.0,1.0,1.0","0.699,0.659,0.662",0.327,460,13.0,119.66666666666667,VPS11_chr11_+_119078172_119078997_119078172_119078334_119078794_119078997_460
6466,ENSG00000111665,CDCA3,chr12,-,6849322,6849858,6849322,6849429,6849564,6849858,6466,"18,30,20","149,122,160","90,51,72","93,59,76",284,149,0.0,0.0,"0.06,0.114,0.062","0.337,0.312,0.332",-0.248,135,166.33333333333331,147.0,CDCA3_chr12_-_6849322_6849858_6849322_6849429_6849564_6849858_135
6467,ENSG00000111665,CDCA3,chr12,-,6850466,6851009,6850466,6850596,6850832,6851009,6467,"27,19,18","165,153,131","131,112,139","119,117,136",385,149,0.0,0.0,"0.06,0.046,0.05","0.299,0.27,0.283",-0.232,236,171.0,251.33333333333331,CDCA3_chr12_-_6850466_6851009_6850466_6850596_6850832_6851009_236
6470,ENSG00000163516,ANKZF1,chr2,+,219233078,219233433,219233078,219233191,219233285,219233433,6470,"24,26,18","65,82,77","25,24,38","49,21,35",243,149,4.95962461666e-05,0.000221413955075,"0.185,0.163,0.125","0.238,0.412,0.4",-0.192,94,97.33333333333334,64.0,ANKZF1_chr2_+_219233078_219233433_219233078_219233191_219233285_219233433_94
6471,ENSG00000163516,ANKZF1,chr2,+,219234132,219235312,219234132,219234288,219234825,219235312,6471,"146,161,206","136,95,85","143,81,136","44,32,31",686,149,0.000395496084668,0.001475328709814,"0.189,0.269,0.345","0.414,0.355,0.488",-0.151,537,276.3333333333333,155.66666666666666,ANKZF1_chr2_+_219234132_219235312_219234132_219234288_219234825_219235312_537
6476,ENSG00000163938,GNL3,chr3,+,52690591,52691071,52690591,52690704,52690944,52691071,6476,"133,178,195","609,598,574","388,378,326","365,350,390",389,149,0.0,0.0,"0.077,0.102,0.115","0.289,0.293,0.243",-0.177,240,762.3333333333333,732.3333333333333,GNL3_chr3_+_52690591_52691071_52690591_52690704_52690944_52691071_240
6478,ENSG00000137497,NUMA1,chr11,-,72007188,72008845,72007188,72007435,72008687,72008845,6478,"300,311,313","95,113,84","700,543,624","45,34,28",1401,149,0.0,0.0,"0.251,0.226,0.284","0.623,0.629,0.703",-0.398,1252,405.3333333333333,658.0,NUMA1_chr11_-_72007188_72008845_72007188_72007435_72008687_72008845_1252
6489,ENSG00000039650,PNKP,chr19,-,49864178,49864403,49864178,49864236,49864323,49864403,6489,"17,25,20","128,128,112","34,24,28","60,38,68",236,149,5.03147057351e-08,3.284914121555954e-07,"0.077,0.11,0.101","0.263,0.285,0.206",-0.155,87,143.33333333333334,84.0,PNKP_chr19_-_49864178_49864403_49864178_49864236_49864323_49864403_87
6506,ENSG00000125875,TBC1D20,chr20,-,440247,441689,440247,440317,441587,441689,6506,"57,74,83","1,4,4","78,83,82","0,0,2",1419,149,0.000219574213203,0.0008684177773384,"0.857,0.66,0.685","1.0,1.0,0.812",-0.203,1270,74.33333333333333,81.66666666666667,TBC1D20_chr20_-_440247_441689_440247_440317_441587_441689_1270
6522,ENSG00000123983,ACSL3,chr2,+,222927016,222928936,222927016,222927242,222928861,222928936,6522,"21,21,19","2,0,0","22,23,23","2,3,3",1768,149,0.00100687259291,0.003479058131047,"0.469,1.0,1.0","0.481,0.393,0.393",0.401,1619,21.0,25.333333333333336,ACSL3_chr2_+_222927016_222928936_222927016_222927242_222928861_222928936_1619
6538,ENSG00000160710,ADAR,chr1,-,154588124,154588673,154588124,154588258,154588550,154588673,6538,"19,27,35","193,159,176","75,69,79","75,84,115",441,149,0.0,0.0,"0.032,0.054,0.063","0.253,0.217,0.188",-0.17,292,203.0,165.66666666666666,ADAR_chr1_-_154588124_154588673_154588124_154588258_154588550_154588673_292
6551,ENSG00000079785,DDX1,chr2,+,15627053,15629697,15627053,15627145,15629601,15629697,6551,"46,61,72","4,2,2","85,91,79","16,28,20",2605,149,3.17519270264e-05,0.0001467185414035,"0.397,0.636,0.673","0.233,0.157,0.184",0.377,2456,62.33333333333333,106.33333333333333,DDX1_chr2_+_15627053_15629697_15627053_15627145_15629601_15629697_2456
6554,ENSG00000079785,DDX1,chr2,+,15628444,15629697,15628444,15628517,15629601,15629697,6554,"19,32,27","0,0,0","46,48,43","8,11,11",1233,149,3.11414227738e-11,2.750577341647598e-10,"1.0,1.0,1.0","0.41,0.345,0.321",0.641,1084,26.0,55.666666666666664,DDX1_chr2_+_15628444_15629697_15628444_15628517_15629601_15629697_1084
6588,ENSG00000125503,PPP1R12C,chr19,-,55093015,55093233,55093015,55093076,55093152,55093233,6588,"9,23,28","69,56,51","36,27,25","41,23,48",225,149,0.00199780289744,0.0064333958110322,"0.08,0.214,0.267","0.368,0.437,0.256",-0.167,76,78.66666666666666,66.66666666666667,PPP1R12C_chr19_-_55093015_55093233_55093015_55093076_55093152_55093233_76
6592,ENSG00000169045,HNRNPH1,chr5,-,179616125,179617110,179616125,179616218,179616868,179617110,6592,"268,374,276","1495,1536,1634","1728,1640,1705","1280,1131,1183",799,149,0.0,0.0,"0.032,0.043,0.031","0.201,0.213,0.212",-0.173,650,1861.0,2889.0,HNRNPH1_chr5_-_179616125_179617110_179616125_179616218_179616868_179617110_650
6593,ENSG00000169045,HNRNPH1,chr5,-,179616125,179617110,179616125,179616218,179617020,179617110,6593,"282,397,299","76,81,98","1778,1685,1776","239,250,231",951,149,6.31710069698e-07,3.672871775314985e-06,"0.368,0.434,0.323","0.538,0.514,0.546",-0.158,802,411.0,1986.3333333333333,HNRNPH1_chr5_-_179616125_179617110_179616125_179616218_179617020_179617110_802
6598,ENSG00000169045,HNRNPH1,chr5,-,179617798,179618060,179617798,179617932,179617988,179618060,6598,"165,199,192","1693,1735,1770","1325,1263,1218","1229,942,996",205,149,0.0,0.0,"0.066,0.077,0.073","0.439,0.494,0.471",-0.396,56,1918.0,2324.3333333333335,HNRNPH1_chr5_-_179617798_179618060_179617798_179617932_179617988_179618060_56
6606,ENSG00000074582,BCS1L,chr2,+,218662196,218662679,218662196,218662260,218662509,218662679,6606,"14,5,8","202,154,174","174,130,139","149,120,118",398,149,0.0,0.0,"0.025,0.012,0.017","0.304,0.289,0.306",-0.282,249,185.66666666666666,276.66666666666663,BCS1L_chr2_+_218662196_218662679_218662196_218662260_218662509_218662679_249
6607,ENSG00000074582,BCS1L,chr2,+,218662196,218662679,218662196,218662260,218662514,218662679,6607,"15,9,10","11,5,8","178,134,148","19,12,10",403,149,8.08510924877e-10,6.225281198427286e-09,"0.335,0.4,0.316","0.776,0.805,0.845",-0.458,254,19.333333333333336,167.0,BCS1L_chr2_+_218662196_218662679_218662196_218662260_218662514_218662679_254
6608,ENSG00000163481,RNF25,chr2,-,218668078,218668679,218668078,218668146,218668604,218668679,6608,"14,23,12","0,2,0","99,80,98","8,6,9",607,149,0.00145969383608,0.0048551258043309,"1.0,0.738,1.0","0.752,0.766,0.728",0.164,458,17.0,100.0,RNF25_chr2_-_218668078_218668679_218668078_218668146_218668604_218668679_458
6623,ENSG00000168763,CNNM3,chr2,+,96827730,96829134,96827730,96827900,96828995,96829134,6623,"23,8,22","0,0,0","48,49,43","2,1,8",1244,149,2.39061854979e-07,1.448099046074599e-06,"1.0,1.0,1.0","0.742,0.854,0.392",0.337,1095,17.666666666666668,50.33333333333333,CNNM3_chr2_+_96827730_96829134_96827730_96827900_96828995_96829134_1095
6640,ENSG00000115307,AUP1,chr2,-,74526940,74527363,74526940,74527059,74527247,74527363,6640,"61,69,66","501,489,407","326,250,263","373,348,382",337,149,0.0,0.0,"0.051,0.059,0.067","0.279,0.241,0.233",-0.192,188,531.0,647.3333333333334,AUP1_chr2_-_74526940_74527363_74526940_74527059_74527247_74527363_188
6641,ENSG00000115307,AUP1,chr2,-,74526940,74527363,74526940,74527121,74527247,74527363,6641,"25,24,21","54,76,48","208,158,162","137,96,119",275,149,2.33146835171e-15,2.8268575220076583e-14,"0.201,0.146,0.192","0.451,0.471,0.424",-0.269,126,82.66666666666667,293.3333333333333,AUP1_chr2_-_74526940_74527363_74526940_74527121_74527247_74527363_126
6642,ENSG00000115307,AUP1,chr2,-,74528750,74529282,74528750,74528935,74529131,74529282,6642,"99,158,136","261,288,264","444,358,400","153,169,163",345,149,0.0,0.0,"0.141,0.192,0.182","0.556,0.478,0.515",-0.345,196,402.0,562.3333333333334,AUP1_chr2_-_74528750_74529282_74528750_74528935_74529131_74529282_196
6643,ENSG00000115307,AUP1,chr2,-,74529131,74529499,74529131,74529282,74529361,74529499,6643,"25,16,32","411,443,444","285,255,269","289,250,290",228,149,0.0,0.0,"0.038,0.023,0.045","0.392,0.4,0.377",-0.354,79,457.0,546.0,AUP1_chr2_-_74529131_74529499_74529131_74529282_74529361_74529499_79
6653,ENSG00000054148,PHPT1,chr9,+,136850012,136850560,136850012,136850137,136850505,136850560,6653,"90,100,102","13,18,11","124,124,112","10,6,5",517,149,0.00125366617114,0.0042269730628756,"0.666,0.616,0.728","0.781,0.856,0.866",-0.164,368,111.33333333333333,127.0,PHPT1_chr9_+_136850012_136850560_136850012_136850137_136850505_136850560_368
6657,ENSG00000182004,SNRPE,chr1,+,203861602,203862222,203861602,203861743,203862181,203862222,6657,"154,209,178","105,88,99","816,781,705","91,99,84",587,149,0.0,0.0,"0.271,0.376,0.313","0.695,0.667,0.681",-0.361,438,277.6666666666667,858.6666666666667,SNRPE_chr1_+_203861602_203862222_203861602_203861743_203862181_203862222_438
6687,ENSG00000108465,CDK5RAP3,chr17,+,47973518,47974031,47973518,47973693,47973930,47974031,6687,"91,107,103","8,11,11","59,45,57","15,8,23",386,149,0.000402733797443,0.001497374803786,"0.815,0.79,0.783","0.603,0.685,0.489",0.204,237,110.33333333333333,69.0,CDK5RAP3_chr17_+_47973518_47974031_47973518_47973693_47973930_47974031_237
6721,ENSG00000085978,ATG16L1,chr2,+,233289853,233290353,233289853,233289974,233290247,233290353,6721,"18,15,36","27,35,25","119,94,123","22,25,28",422,149,1.18992593556e-11,1.0928374512655519e-10,"0.191,0.131,0.337","0.656,0.57,0.608",-0.392,273,52.0,137.0,ATG16L1_chr2_+_233289853_233290353_233289853_233289974_233290247_233290353_273
6745,ENSG00000141013,GAS8,chr16,+,90036380,90037399,90036380,90036586,90037231,90037399,6745,"31,22,23","36,55,60","81,57,60","24,26,25",794,149,4.32986979604e-15,5.1567352538644126e-14,"0.139,0.07,0.067","0.388,0.291,0.311",-0.238,645,75.66666666666667,91.0,GAS8_chr16_+_90036380_90037399_90036380_90036586_90037231_90037399_645
6767,ENSG00000107521,HPS1,chr10,-,98429572,98429889,98429572,98429642,98429790,98429889,6767,"15,10,15","24,22,23","21,16,10","14,10,7",297,149,0.00175552172279,0.0057256061842232,"0.239,0.186,0.247","0.429,0.445,0.417",-0.206,148,36.333333333333336,26.0,HPS1_chr10_-_98429572_98429889_98429572_98429642_98429790_98429889_148
6796,ENSG00000068912,ERLEC1,chr2,+,53812948,53814935,53812948,53813073,53814859,53814935,6796,"17,30,22","0,0,0","15,10,12","7,3,3",1935,149,2.6645352591000002e-14,3.008398830763669e-13,"1.0,1.0,1.0","0.142,0.204,0.235",0.806,1786,23.0,16.666666666666668,ERLEC1_chr2_+_53812948_53814935_53812948_53813073_53814859_53814935_1786
6822,ENSG00000178719,GRINA,chr8,+,143991691,143992373,143991691,143991804,143991877,143992373,6822,"21,23,24","432,420,431","99,78,115","238,142,194",222,149,0.0,0.0,"0.032,0.035,0.036","0.218,0.269,0.285",-0.223,73,450.33333333333337,288.6666666666667,GRINA_chr8_+_143991691_143992373_143991691_143991804_143991877_143992373_73
6829,ENSG00000198805,PNP,chr14,+,20474471,20474948,20474471,20474575,20474772,20474948,6829,"58,76,66","542,489,457","274,301,262","393,354,344",346,149,0.0,0.0,"0.044,0.063,0.059","0.231,0.268,0.247",-0.193,197,562.6666666666666,642.6666666666667,PNP_chr14_+_20474471_20474948_20474471_20474575_20474772_20474948_197
6842,ENSG00000267796,LIN37,chr19,+,35753086,35754157,35753086,35753253,35754016,35754157,6842,"69,55,79","44,37,48","113,90,116","16,15,21",912,149,3.889999433680001e-12,3.691999462505543e-11,"0.204,0.195,0.212","0.536,0.495,0.474",-0.298,763,110.66666666666667,123.66666666666666,LIN37_chr19_+_35753086_35754157_35753086_35753253_35754016_35754157_763
6843,ENSG00000267796,LIN37,chr19,+,35754245,35754519,35754245,35754319,35754392,35754519,6843,"3,2,3","12,23,19","19,2,11","13,8,13",222,149,0.000198713669855,0.0007918519903989,"0.144,0.055,0.096","0.495,0.144,0.362",-0.235,73,20.666666666666668,22.0,LIN37_chr19_+_35754245_35754519_35754245_35754319_35754392_35754519_73
6857,ENSG00000144635,DYNC1LI1,chr3,-,32530283,32533097,32530283,32530328,32532985,32533097,6857,"28,21,34","0,0,0","39,11,21","4,13,15",2806,149,1.17572618308e-13,1.260023532055547e-12,"1.0,1.0,1.0","0.341,0.043,0.069",0.849,2657,27.666666666666668,34.333333333333336,DYNC1LI1_chr3_-_32530283_32533097_32530283_32530328_32532985_32533097_2657
6862,ENSG00000163050,COQ8A,chr1,+,226983760,226984235,226983760,226983854,226984093,226984235,6862,"56,63,51","195,196,218","224,138,164","105,86,98",388,149,0.0,0.0,"0.099,0.11,0.082","0.45,0.381,0.391",-0.31,239,259.6666666666667,271.6666666666667,COQ8A_chr1_+_226983760_226984235_226983760_226983854_226984093_226984235_239
6877,ENSG00000105325,FZR1,chr19,+,3526119,3526386,3526119,3526183,3526258,3526386,6877,"5,4,3","99,98,113","6,18,13","34,31,45",224,149,4.6269399423e-10,3.650141510036665e-09,"0.033,0.026,0.017","0.105,0.279,0.161",-0.156,75,107.33333333333333,49.0,FZR1_chr19_+_3526119_3526386_3526119_3526183_3526258_3526386_75
6900,ENSG00000293434,AHSA2P,chr2,+,61185501,61186497,61185501,61185618,61186445,61186497,6900,"269,327,334","20,33,27","223,164,207","33,32,33",976,149,0.000213815463174,0.0008479126638436,"0.672,0.602,0.654","0.508,0.439,0.489",0.164,827,336.6666666666667,230.66666666666666,AHSA2P_chr2_+_61185501_61186497_61185501_61185618_61186445_61186497_827
6925,ENSG00000223960,CHROMR,chr2,+,178426365,178430889,178426365,178426680,178430769,178430889,6925,"73,80,77","3,4,0","78,99,128","0,0,2",4238,149,0.00119056403603,0.0040418964791013,"0.461,0.413,1.0","1.0,1.0,0.692",-0.273,4089,79.0,102.33333333333334,CHROMR_chr2_+_178426365_178430889_178426365_178426680_178430769_178430889_4089
6942,ENSG00000064703,DDX20,chr1,+,111761225,111762782,111761225,111761284,111762676,111762782,6942,"35,42,56","0,0,0","97,90,49","1,9,4",1541,149,8.49711122575e-08,5.428435318004437e-07,"1.0,1.0,1.0","0.904,0.492,0.542",0.354,1392,44.333333333333336,83.33333333333334,DDX20_chr1_+_111761225_111762782_111761225_111761284_111762676_111762782_1392
6954,ENSG00000084623,EIF3I,chr1,+,32228726,32231019,32228726,32228816,32230926,32231019,6954,"105,125,96","2,2,0","443,348,490","22,18,20",2259,149,0.000390617199344,0.0014611536980527,"0.776,0.805,1.0","0.57,0.56,0.618",0.278,2110,110.0,447.0,EIF3I_chr1_+_32228726_32231019_32228726_32228816_32230926_32231019_2110
6980,ENSG00000128708,HAT1,chr2,+,171965786,171966949,171965786,171965908,171966842,171966949,6980,"14,5,11","0,0,0","12,5,11","1,3,2",1083,149,1.36125504979e-07,8.475132620277707e-07,"1.0,1.0,1.0","0.623,0.187,0.431",0.586,934,10.0,11.333333333333334,HAT1_chr2_+_171965786_171966949_171965786_171965908_171966842_171966949_934
6981,ENSG00000170917,NUDT6,chr4,-,122917500,122922597,122917500,122917704,122922334,122922597,6981,"38,30,25","16,18,13","48,53,56","6,5,5",4779,149,2.55245412584e-07,1.5435971552172448e-06,"0.069,0.049,0.057","0.2,0.248,0.259",-0.177,4630,46.666666666666664,57.66666666666667,NUDT6_chr4_-_122917500_122922597_122917500_122917704_122922334_122922597_4630
7068,ENSG00000197037,ZSCAN25,chr7,+,99619560,99621574,99619560,99619993,99621372,99621574,7068,"6,7,11","25,24,15","66,71,73","10,18,21",1528,149,0.0,0.0,"0.023,0.028,0.067","0.392,0.278,0.253",-0.268,1379,29.333333333333332,86.33333333333333,ZSCAN25_chr7_+_99619560_99621574_99619560_99619993_99621372_99621574_1379
7090,ENSG00000204344,STK19,chr6,+,31979413,31980548,31979413,31979553,31980450,31980548,7090,"72,51,69","56,52,69","181,213,185","23,26,34",1046,149,0.0,0.0,"0.155,0.123,0.125","0.529,0.539,0.437",-0.367,897,123.0,220.66666666666666,STK19_chr6_+_31979413_31980548_31979413_31979553_31980450_31980548_897
7124,ENSG00000165792,METTL17,chr14,+,20990229,20990598,20990229,20990383,20990463,20990598,7124,"11,8,4","171,168,162","39,55,31","120,117,94",229,149,0.0,0.0,"0.04,0.03,0.016","0.175,0.234,0.177",-0.167,80,174.66666666666666,152.0,METTL17_chr14_+_20990229_20990598_20990229_20990383_20990463_20990598_80
7128,ENSG00000114388,NPRL2,chr3,-,50347758,50348241,50347758,50347901,50348123,50348241,7128,"64,62,56","95,105,102","126,111,141","60,39,45",371,149,0.0,0.0,"0.213,0.192,0.181","0.458,0.533,0.557",-0.321,222,161.33333333333334,174.0,NPRL2_chr3_-_50347758_50348241_50347758_50347901_50348123_50348241_222
7130,ENSG00000114388,NPRL2,chr3,-,50347758,50348563,50347758,50347901,50348526,50348563,7130,"73,82,59","1,0,0","220,195,223","15,22,14",774,149,2.25553620226e-09,1.6654879317487838e-08,"0.934,1.0,1.0","0.738,0.63,0.754",0.271,625,71.66666666666666,229.66666666666666,NPRL2_chr3_-_50347758_50348563_50347758_50347901_50348526_50348563_625
7131,ENSG00000114388,NPRL2,chr3,-,50348526,50348782,50348526,50348563,50348684,50348782,7131,"23,22,19","92,87,106","104,96,90","55,55,59",270,149,0.0,0.0,"0.121,0.122,0.09","0.511,0.491,0.457",-0.375,121,116.33333333333333,153.0,NPRL2_chr3_-_50348526_50348782_50348526_50348563_50348684_50348782_121
7132,ENSG00000114388,NPRL2,chr3,-,50348522,50348782,50348522,50348563,50348710,50348782,7132,"36,36,31","11,11,10","117,110,109","2,3,7",296,149,1.00540020753e-10,8.436221741365365e-10,"0.622,0.622,0.609","0.967,0.949,0.887",-0.317,147,45.0,116.0,NPRL2_chr3_-_50348522_50348782_50348522_50348563_50348710_50348782_147
7133,ENSG00000114388,NPRL2,chr3,-,50348684,50349010,50348684,50348782,50348873,50349010,7133,"6,5,13","108,104,119","31,37,45","88,72,98",240,149,8.881784196999999e-16,1.1040925001792592e-14,"0.033,0.029,0.064","0.179,0.242,0.222",-0.172,91,118.33333333333333,123.66666666666666,NPRL2_chr3_-_50348684_50349010_50348684_50348782_50348873_50349010_91
7134,ENSG00000114388,NPRL2,chr3,-,50349385,50349828,50349385,50349490,50349664,50349828,7134,"38,44,40","8,3,5","86,88,93","6,0,2",323,149,0.000777838384424,0.002741555432261,"0.687,0.871,0.787","0.869,1.0,0.955",-0.16,174,46.0,91.66666666666667,NPRL2_chr3_-_50349385_50349828_50349385_50349490_50349664_50349828_174
7135,ENSG00000114388,NPRL2,chr3,-,50349385,50349828,50349385,50349494,50349664,50349828,7135,"36,41,40","73,72,69","86,84,90","44,36,26",319,149,2.6201263381199997e-14,2.962789108832784e-13,"0.187,0.21,0.213","0.477,0.521,0.618",-0.335,170,110.33333333333333,122.0,NPRL2_chr3_-_50349385_50349828_50349385_50349494_50349664_50349828_170
7138,ENSG00000114388,NPRL2,chr3,-,50349664,50350022,50349664,50349828,50349930,50350022,7138,"12,6,9","16,15,15","42,38,52","14,2,6",251,149,2.40340303215e-10,1.9501898889445713e-09,"0.308,0.192,0.263","0.64,0.919,0.837",-0.544,102,24.333333333333336,51.333333333333336,NPRL2_chr3_-_50349664_50350022_50349664_50349828_50349930_50350022_102
7139,ENSG00000114388,NPRL2,chr3,-,50349664,50350022,50349664,50349833,50349930,50350022,7139,"9,5,7","50,51,45","41,38,47","34,23,28",246,149,0.0,0.0,"0.098,0.056,0.086","0.422,0.5,0.504",-0.395,97,55.666666666666664,70.33333333333333,NPRL2_chr3_-_50349664_50350022_50349664_50349833_50349930_50350022_97
7161,ENSG00000204394,VARS1,chr6,-,31782529,31782845,31782529,31782633,31782720,31782845,7161,"10,18,22","200,210,206","61,56,51","128,109,152",236,149,0.0,0.0,"0.031,0.051,0.063","0.231,0.245,0.175",-0.169,87,222.0,185.66666666666666,VARS1_chr6_-_31782529_31782845_31782529_31782633_31782720_31782845_87
7163,ENSG00000204386,NEU1,chr6,-,31860438,31861450,31860438,31860621,31861187,31861450,7163,"5,14,8","75,60,85","139,135,152","62,93,74",715,149,0.0,0.0,"0.014,0.046,0.019","0.318,0.232,0.3",-0.257,566,82.33333333333333,218.33333333333331,NEU1_chr6_-_31860438_31861450_31860438_31860621_31861187_31861450_566
7165,ENSG00000204386,NEU1,chr6,-,31860438,31862191,31860438,31861450,31861998,31862191,7165,"8,9,7","80,89,95","90,87,105","87,83,90",697,149,0.0,0.0,"0.021,0.021,0.016","0.181,0.183,0.2",-0.169,548,96.0,180.66666666666669,NEU1_chr6_-_31860438_31862191_31860438_31861450_31861998_31862191_548
7189,ENSG00000100316,RPL3,chr22,-,39313190,39314208,39313190,39313310,39314106,39314208,7189,"517,521,625","27,31,32","1779,1782,1721","269,275,216",945,149,2.94764213038e-13,3.0313912939729694e-12,"0.751,0.726,0.755","0.51,0.505,0.557",0.22,796,584.3333333333334,2014.0,RPL3_chr22_-_39313190_39314208_39313190_39313310_39314106_39314208_796
7215,ENSG00000204348,DXO,chr6,-,31970342,31970825,31970342,31970478,31970605,31970825,7215,"35,20,39","75,80,67","64,45,53","35,31,22",276,149,1.23500099036e-11,1.1328257531451232e-10,"0.201,0.119,0.239","0.497,0.439,0.565",-0.314,127,105.33333333333333,83.33333333333333,DXO_chr6_-_31970342_31970825_31970342_31970478_31970605_31970825_127
7217,ENSG00000204348,DXO,chr6,-,31970605,31971147,31970605,31970825,31970911,31971147,7217,"49,27,47","64,59,54","41,39,52","34,18,33",235,149,0.000390881499387,0.0014612842774571,"0.327,0.225,0.356","0.433,0.579,0.5",-0.201,86,100.0,72.33333333333333,DXO_chr6_-_31970605_31971147_31970605_31970825_31970911_31971147_86
7254,ENSG00000237441,RGL2,chr6,-,33293794,33294066,33293794,33293916,33294033,33294066,7254,"13,12,6","49,46,53","33,6,14","16,18,20",266,149,0.000469920418124,0.0017288950510351,"0.129,0.127,0.06","0.536,0.157,0.282",-0.22,117,59.66666666666667,35.66666666666667,RGL2_chr6_-_33293794_33294066_33293794_33293916_33294033_33294066_117
7258,ENSG00000112511,PHF1,chr6,+,33414724,33415144,33414724,33414829,33414954,33415144,7258,"12,21,12","29,21,26","67,50,63","5,5,7",274,149,0.0,0.0,"0.184,0.352,0.201","0.879,0.845,0.83",-0.606,125,40.33333333333333,65.66666666666667,PHF1_chr6_+_33414724_33415144_33414724_33414829_33414954_33415144_125
7259,ENSG00000112511,PHF1,chr6,+,33414724,33415144,33414724,33414829,33414965,33415144,7259,"18,24,14","13,19,17","74,64,69","3,6,12",285,149,1.10746967152e-11,1.02219450681296e-10,"0.42,0.398,0.301","0.928,0.848,0.75",-0.469,136,35.0,76.0,PHF1_chr6_+_33414724_33415144_33414724_33414829_33414965_33415144_136
7265,ENSG00000168036,CTNNB1,chr3,+,41239133,41239904,41239133,41239354,41239818,41239904,7265,"549,564,570","216,165,208","895,847,832","162,158,144",613,149,6.40360875437e-10,4.998334782480769e-09,"0.382,0.454,0.4","0.573,0.566,0.584",-0.162,464,757.3333333333334,1012.6666666666666,CTNNB1_chr3_+_41239133_41239904_41239133_41239354_41239818_41239904_464
7284,ENSG00000169567,HINT1,chr5,-,131159295,131162676,131159295,131162477,131162571,131162676,7284,"14,17,15","6,9,6","56,38,58","4,2,10",243,149,0.000117828712986,0.0004929445986904,"0.589,0.537,0.605","0.896,0.921,0.781",-0.289,94,22.333333333333336,56.0,HINT1_chr5_-_131159295_131162676_131159295_131162477_131162571_131162676_94
7297,ENSG00000204536,CCHCR1,chr6,-,31144686,31145073,31144686,31144788,31144884,31145073,7297,"11,5,13","85,80,80","16,21,14","33,39,37",245,149,1.99024912884e-07,1.2145454187896331e-06,"0.073,0.037,0.09","0.228,0.247,0.187",-0.154,96,91.33333333333334,53.333333333333336,CCHCR1_chr6_-_31144686_31145073_31144686_31144788_31144884_31145073_96
7306,ENSG00000177728,TMEM94,chr17,+,75498443,75498722,75498443,75498538,75498628,75498722,7306,"20,24,26","126,119,131","49,25,33","58,34,47",239,149,6.75348665879e-13,6.720720416240615e-12,"0.09,0.112,0.11","0.345,0.314,0.304",-0.217,90,148.66666666666666,82.0,TMEM94_chr17_+_75498443_75498722_75498443_75498538_75498628_75498722_90
7321,ENSG00000118873,RAB3GAP2,chr1,-,220210387,220211002,220210387,220210876,220210954,220211002,7321,"2,3,4","45,38,57","11,9,12","22,25,15",227,149,2.3538360483e-08,1.5858326077232845e-07,"0.028,0.049,0.044","0.247,0.191,0.344",-0.22,78,49.666666666666664,31.333333333333336,RAB3GAP2_chr1_-_220210387_220211002_220210387_220210876_220210954_220211002_78
7331,ENSG00000204351,SKIC2,chr6,+,31961040,31961675,31961040,31961094,31961546,31961675,7331,"22,15,24","0,1,0","26,21,19","1,4,1",601,149,0.000817402064621,0.0028700412958447,"1.0,0.788,1.0","0.866,0.566,0.825",0.177,452,20.666666666666664,24.0,SKIC2_chr6_+_31961040_31961675_31961040_31961094_31961546_31961675_452
7344,ENSG00000112365,ZBTB24,chr6,-,109475398,109476258,109475398,109475482,109476174,109476258,7344,"3,7,19","19,19,17","40,46,54","11,16,11",841,149,9.47926181993e-11,7.972080783412655e-10,"0.027,0.061,0.165","0.392,0.337,0.465",-0.314,692,28.0,59.33333333333333,ZBTB24_chr6_-_109475398_109476258_109475398_109475482_109476174_109476258_692
7364,ENSG00000231925,TAPBP,chr6,-,33304296,33305387,33304296,33304638,33304988,33305387,7364,"3,3,7","27,41,29","8,8,12","7,1,9",499,149,2.15141364823e-06,1.1706734250943493e-05,"0.032,0.021,0.067","0.254,0.705,0.285",-0.375,350,36.66666666666667,15.0,TAPBP_chr6_-_33304296_33305387_33304296_33304638_33304988_33305387_350
7381,ENSG00000105298,CACTIN,chr19,-,3610644,3612413,3610644,3610971,3611903,3612413,7381,"364,378,360","23,19,22","546,495,554","4,10,5",1081,149,1.55217283471e-10,1.2777306813264927e-09,"0.686,0.733,0.693","0.95,0.872,0.939",-0.216,932,388.66666666666663,538.0,CACTIN_chr19_-_3610644_3612413_3610644_3610971_3611903_3612413_932
7388,ENSG00000099330,OCEL1,chr19,+,17226692,17227199,17226692,17226869,17226993,17227199,7388,"47,26,30","27,27,31","19,23,26","9,4,4",273,149,0.000748640784411,0.002644958637364,"0.487,0.345,0.346","0.535,0.758,0.78",-0.298,124,62.66666666666667,28.333333333333336,OCEL1_chr19_+_17226692_17227199_17226692_17226869_17226993_17227199_124
7434,ENSG00000127824,TUBA4A,chr2,-,219251193,219251713,219251193,219251323,219251564,219251713,7434,"3,1,5","9,16,16","19,14,7","6,7,12",390,149,2.40942343098e-05,0.0001134641748364,"0.113,0.023,0.107","0.547,0.433,0.182",-0.306,241,16.666666666666664,21.666666666666668,TUBA4A_chr2_-_219251193_219251713_219251193_219251323_219251564_219251713_241
7438,ENSG00000213066,CEP43,chr6,+,167003192,167004401,167003192,167003247,167004263,167004401,7438,"4,20,12","8,8,7","29,30,22","2,3,3",1165,149,1.62403059214e-05,7.842931257267337e-05,"0.06,0.242,0.18","0.65,0.561,0.484",-0.404,1016,19.666666666666668,29.666666666666668,CEP43_chr6_+_167003192_167004401_167003192_167003247_167004263_167004401_1016
7453,ENSG00000204256,BRD2,chr6,+,32976030,32976464,32976030,32976169,32976249,32976464,7453,"154,143,150","1377,1560,1460","2539,2255,2532","574,419,587",229,149,0.0,0.0,"0.068,0.056,0.063","0.742,0.778,0.737",-0.69,80,1614.6666666666667,2968.6666666666665,BRD2_chr6_+_32976030_32976464_32976030_32976169_32976249_32976464_80
7454,ENSG00000204256,BRD2,chr6,+,32976561,32977570,32976561,32976936,32977259,32977570,7454,"204,187,192","15,12,13","713,642,730","155,130,147",472,149,1.08940190202e-10,9.089427846910371e-10,"0.811,0.831,0.823","0.592,0.609,0.611",0.218,323,207.66666666666669,839.0,BRD2_chr6_+_32976561_32977570_32976561_32976936_32977259_32977570_323
7471,ENSG00000156345,CDK20,chr9,-,87969193,87970897,87969193,87969349,87970775,87970897,7471,"131,155,163","14,13,13","169,126,153","1,5,8",1575,149,0.00308661907863,0.0095482175436128,"0.47,0.53,0.543","0.941,0.704,0.644",-0.249,1426,163.0,154.0,CDK20_chr9_-_87969193_87970897_87969193_87969349_87970775_87970897_1426
7472,ENSG00000156345,CDK20,chr9,-,87970567,87970897,87970567,87970630,87970775,87970897,7472,"28,36,29","12,5,11","25,27,30","3,2,1",294,149,0.000697903131639,0.0024823298285271,"0.542,0.785,0.572","0.809,0.872,0.938",-0.24,145,40.333333333333336,29.333333333333332,CDK20_chr9_-_87970567_87970897_87970567_87970630_87970775_87970897_145
7483,ENSG00000137221,TJAP1,chr6,+,43500743,43501687,43500743,43500772,43501525,43501687,7483,"51,70,76","78,62,49","211,164,218","64,27,33",902,149,1.43107747874e-13,1.5226334442386397e-12,"0.097,0.157,0.204","0.353,0.501,0.522",-0.306,753,128.66666666666669,239.0,TJAP1_chr6_+_43500743_43501687_43500743_43500772_43501525_43501687_753
7485,ENSG00000137221,TJAP1,chr6,+,43503622,43506553,43503622,43503706,43504760,43506553,7485,"65,75,63","82,57,82","230,123,179","66,50,47",1203,149,1.4432899320099999e-15,1.767371949910753e-14,"0.089,0.14,0.087","0.301,0.234,0.321",-0.18,1054,141.33333333333334,231.66666666666669,TJAP1_chr6_+_43503622_43506553_43503622_43503706_43504760_43506553_1054
7490,ENSG00000079616,KIF22,chr16,+,29799263,29799781,29799263,29799494,29799627,29799781,7490,"15,24,18","532,485,504","136,119,111","247,212,246",282,149,0.0,0.0,"0.015,0.025,0.019","0.225,0.229,0.193",-0.196,133,526.0,357.0,KIF22_chr16_+_29799263_29799781_29799263_29799494_29799627_29799781_133
7494,ENSG00000079616,KIF22,chr16,+,29803997,29805026,29803997,29804065,29804813,29805026,7494,"498,535,529","337,287,276","1250,900,1095","139,121,157",897,149,0.0,0.0,"0.197,0.236,0.241","0.599,0.553,0.537",-0.338,748,820.6666666666666,1220.6666666666667,KIF22_chr16_+_29803997_29805026_29803997_29804065_29804813_29805026_748
7496,ENSG00000079616,KIF22,chr16,+,29803997,29805174,29803997,29805026,29805114,29805174,7496,"19,18,22","292,300,326","116,110,150","166,129,160",237,149,0.0,0.0,"0.039,0.036,0.041","0.305,0.349,0.371",-0.303,88,325.6666666666667,277.0,KIF22_chr16_+_29803997_29805174_29803997_29805026_29805114_29805174_88
7497,ENSG00000079616,KIF22,chr16,+,29805114,29805359,29805114,29805174,29805262,29805359,7497,"3,5,14","230,218,220","89,103,132","109,85,101",237,149,0.0,0.0,"0.008,0.014,0.038","0.339,0.432,0.451",-0.387,88,230.0,206.33333333333331,KIF22_chr16_+_29805114_29805359_29805114_29805174_29805262_29805359_88
7511,ENSG00000156709,AIFM1,chrX,-,130136044,130136731,130136044,130136181,130136642,130136731,7511,"45,43,58","0,0,0","34,38,32","5,2,1",610,149,7.83393488202e-06,3.9508064587013406e-05,"1.0,1.0,1.0","0.624,0.823,0.887",0.222,461,48.666666666666664,37.33333333333333,AIFM1_chrX_-_130136044_130136731_130136044_130136181_130136642_130136731_461
7521,ENSG00000183020,AP2A2,chr11,+,1009682,1012196,1009682,1009817,1010547,1012196,7521,"18,23,21","110,104,119","98,82,107","74,66,62",879,149,0.0,0.0,"0.027,0.036,0.029","0.183,0.174,0.226",-0.164,730,131.66666666666666,163.0,AP2A2_chr11_+_1009682_1012196_1009682_1009817_1010547_1012196_730
7522,ENSG00000239857,GET4,chr7,+,893739,893971,893739,893815,893898,893971,7522,"8,5,7","176,169,179","83,41,62","104,91,114",232,149,0.0,0.0,"0.028,0.019,0.025","0.339,0.224,0.259",-0.25,83,181.33333333333331,165.0,GET4_chr7_+_893739_893971_893739_893815_893898_893971_83
7528,ENSG00000168944,CEP120,chr5,-,123389923,123391337,123389923,123390140,123391109,123391337,7528,"4,1,5","32,33,18","16,17,24","16,11,10",1118,149,4.00679489587e-13,4.0921401813421966e-12,"0.016,0.004,0.036","0.118,0.171,0.242",-0.158,969,31.0,31.333333333333336,CEP120_chr5_-_123389923_123391337_123389923_123390140_123391109_123391337_969
7534,ENSG00000167380,ZNF226,chr19,+,44165587,44165807,44165587,44165613,44165756,44165807,7534,"25,29,22","9,11,7","27,22,24","1,3,2",292,149,0.000198379130485,0.0007909457340719,"0.586,0.574,0.616","0.932,0.789,0.86",-0.268,143,34.33333333333333,26.333333333333332,ZNF226_chr19_+_44165587_44165807_44165587_44165613_44165756_44165807_143
7545,ENSG00000221829,FANCG,chr9,-,35074370,35075325,35074370,35074494,35074926,35075325,7545,"86,122,77","166,153,156","143,129,145","99,62,85",581,149,1.1324274851199999e-14,1.316825913405682e-13,"0.117,0.17,0.112","0.27,0.348,0.304",-0.174,432,253.33333333333334,221.0,FANCG_chr9_-_35074370_35075325_35074370_35074494_35074926_35075325_432
7549,ENSG00000221829,FANCG,chr9,-,35074926,35075325,35074926,35075082,35075278,35075325,7549,"61,70,54","101,132,108","144,117,130","68,50,42",345,149,0.0,0.0,"0.207,0.186,0.178","0.478,0.503,0.572",-0.327,196,175.33333333333334,183.66666666666669,FANCG_chr9_-_35074926_35075325_35074926_35075082_35075278_35075325_196
7550,ENSG00000221829,FANCG,chr9,-,35075464,35076028,35075464,35075729,35075961,35076028,7550,"33,41,36","13,9,8","63,40,70","4,5,2",381,149,9.08582282376e-05,0.0003887005546387,"0.498,0.64,0.638","0.86,0.758,0.932",-0.258,232,46.666666666666664,61.33333333333333,FANCG_chr9_-_35075464_35076028_35075464_35075729_35075961_35076028_232
7551,ENSG00000221829,FANCG,chr9,-,35075464,35076028,35075464,35075754,35075961,35076028,7551,"20,26,26","53,55,51","55,32,55","29,17,31",356,149,1.93028926176e-11,1.7467225378475292e-10,"0.136,0.165,0.176","0.443,0.441,0.426",-0.278,207,77.0,73.0,FANCG_chr9_-_35075464_35076028_35075464_35075754_35075961_35076028_207
7555,ENSG00000221829,FANCG,chr9,-,35075464,35076583,35075464,35076028,35076449,35076583,7555,"50,103,65","10,15,8","128,115,118","7,4,6",570,149,0.000140946506845,0.000580451202757,"0.567,0.642,0.68","0.827,0.883,0.837",-0.219,421,83.66666666666667,126.0,FANCG_chr9_-_35075464_35076583_35075464_35076028_35076449_35076583_421
7556,ENSG00000221829,FANCG,chr9,-,35076723,35077101,35076723,35076870,35076970,35077101,7556,"8,3,13","110,108,96","31,27,21","63,44,54",249,149,1.7430501486599998e-14,1.9985531518176154e-13,"0.042,0.016,0.075","0.227,0.269,0.189",-0.184,100,112.66666666666667,80.0,FANCG_chr9_-_35076723_35077101_35076723_35076870_35076970_35077101_100
7558,ENSG00000221829,FANCG,chr9,-,35077263,35078343,35077263,35077399,35078140,35078343,7558,"66,83,77","90,81,103","128,82,111","38,37,40",890,149,1.33781874467e-13,1.425462281478107e-12,"0.109,0.146,0.111","0.361,0.271,0.317",-0.194,741,166.66666666666666,145.33333333333334,FANCG_chr9_-_35077263_35078343_35077263_35077399_35078140_35078343_741
7560,ENSG00000221829,FANCG,chr9,-,35077263,35078736,35077263,35078343,35078604,35078736,7560,"29,35,13","110,100,102","42,48,40","55,44,54",410,149,5.53416201754e-11,4.790650918817745e-10,"0.087,0.113,0.044","0.217,0.284,0.212",-0.156,261,129.66666666666666,94.33333333333334,FANCG_chr9_-_35077263_35078736_35077263_35078343_35078604_35078736_261
7562,ENSG00000120314,WDR55,chr5,+,140668233,140668502,140668233,140668334,140668414,140668502,7562,"21,12,20","65,53,47","41,30,42","37,25,34",229,149,3.06877556699e-09,2.2411611410820632e-08,"0.174,0.128,0.217","0.419,0.438,0.446",-0.261,80,72.66666666666667,69.66666666666666,WDR55_chr5_+_140668233_140668502_140668233_140668334_140668414_140668502_80
7563,ENSG00000120314,WDR55,chr5,+,140668890,140669248,140668890,140668990,140669078,140669248,7563,"28,27,21","40,38,44","34,17,34","12,13,18",237,149,3.58936842614e-05,0.0001644162311328,"0.306,0.309,0.231","0.64,0.451,0.543",-0.263,88,66.0,42.666666666666664,WDR55_chr5_+_140668890_140669248_140668890_140668990_140669078_140669248_88
7570,ENSG00000234545,FAM133B,chr7,-,92577654,92578182,92577654,92577717,92578149,92578182,7570,"7,22,17","38,52,47","68,82,93","21,37,13",581,149,3.1086244689499997e-15,3.732371232313301e-14,"0.045,0.098,0.085","0.454,0.362,0.647",-0.412,432,61.0,104.66666666666667,FAM133B_chr7_-_92577654_92578182_92577654_92577717_92578149_92578182_432
7582,ENSG00000197363,ZNF517,chr8,+,144802869,144804238,144802869,144802947,144804124,144804238,7582,"12,7,11","2,0,0","10,16,15","2,2,4",1326,149,0.00270709330985,0.008480770895177,"0.403,1.0,1.0","0.36,0.473,0.296",0.425,1177,10.666666666666666,16.333333333333332,ZNF517_chr8_+_144802869_144804238_144802869_144802947_144804124_144804238_1177
7599,ENSG00000001631,KRIT1,chr7,-,92242033,92245908,92242033,92242137,92245789,92245908,7599,"75,88,94","1,2,2","73,49,43","0,0,0",3801,149,0.00104558791301,0.0036027163554203,"0.746,0.633,0.648","1.0,1.0,1.0",-0.324,3652,87.33333333333334,55.0,KRIT1_chr7_-_92242033_92245908_92242033_92242137_92245789_92245908_3652
7612,ENSG00000272333,KMT2B,chr19,+,35732214,35733686,35732214,35733508,35733596,35733686,7612,"6,4,7","43,39,41","27,12,21","22,8,14",237,149,3.2418512319099997e-14,3.643505250597176e-13,"0.081,0.061,0.097","0.436,0.485,0.485",-0.389,88,46.666666666666664,34.666666666666664,KMT2B_chr19_+_35732214_35733686_35732214_35733508_35733596_35733686_88
7655,ENSG00000168090,COPS6,chr7,+,100090591,100091152,100090591,100090654,100091037,100091152,7655,"30,33,49","4,3,4","60,60,62","16,16,27",532,149,0.000280625494321,0.0010837545240932,"0.677,0.755,0.774","0.512,0.512,0.391",0.264,383,41.0,80.33333333333333,COPS6_chr7_+_100090591_100091152_100090591_100090654_100091037_100091152_383
7659,ENSG00000160813,PPP1R35,chr7,-,100435630,100436064,100435630,100435767,100435847,100436064,7659,"42,67,49","26,43,51","59,44,60","22,10,21",229,149,0.000293531366954,0.0011294609763357,"0.512,0.503,0.385","0.636,0.741,0.65",-0.209,80,92.66666666666666,72.0,PPP1R35_chr7_-_100435630_100436064_100435630_100435767_100435847_100436064_80
7671,ENSG00000198556,ZNF789,chr7,+,99478273,99482326,99478273,99478356,99479660,99482326,7671,"65,104,77","5,4,6","127,87,159","0,0,4",1453,149,0.00011179703858,0.0004698402577545,"0.571,0.727,0.568","1.0,1.0,0.803",-0.312,1304,87.0,125.66666666666666,ZNF789_chr7_+_99478273_99482326_99478273_99478356_99479660_99482326_1304
7677,ENSG00000123505,AMD1,chr6,+,110892298,110892827,110892298,110892443,110892734,110892827,7677,"11,15,2","376,329,325","263,254,229","378,371,368",440,149,0.0,0.0,"0.01,0.015,0.002","0.191,0.188,0.174",-0.175,291,352.66666666666663,621.0,AMD1_chr6_+_110892298_110892827_110892298_110892443_110892734_110892827_291
7758,ENSG00000103145,HCFC1R1,chr16,-,3023232,3023530,3023232,3023361,3023473,3023530,7758,"5,30,12","38,30,29","24,16,18","11,2,11",261,149,5.50550400689e-05,0.0002441600095307,"0.07,0.363,0.191","0.555,0.82,0.483",-0.411,112,48.0,27.333333333333332,HCFC1R1_chr16_-_3023232_3023530_3023232_3023361_3023473_3023530_112
7759,ENSG00000103145,HCFC1R1,chr16,-,3023232,3023968,3023232,3023530,3023846,3023968,7759,"18,24,20","46,24,37","27,24,19","20,11,12",465,149,0.000256227700989,0.0009989362957248,"0.111,0.243,0.148","0.302,0.411,0.337",-0.183,316,56.33333333333333,37.666666666666664,HCFC1R1_chr16_-_3023232_3023968_3023232_3023530_3023846_3023968_316
7770,ENSG00000181513,ACBD4,chr17,+,45136499,45136776,45136499,45136620,45136691,45136776,7770,"6,12,9","40,52,58","7,6,11","12,11,10",220,149,0.000263429215365,0.0010216183436214,"0.092,0.135,0.095","0.283,0.27,0.427",-0.219,71,59.0,19.0,ACBD4_chr17_+_45136499_45136776_45136499_45136620_45136691_45136776_71
7788,ENSG00000196305,IARS1,chr9,-,92285721,92287910,92285721,92285839,92287790,92287910,7788,"47,85,66","4,8,5","45,43,50","14,8,11",2100,149,0.00114296859867,0.0039126936173292,"0.455,0.43,0.484","0.186,0.276,0.244",0.221,1951,71.66666666666667,57.0,IARS1_chr9_-_92285721_92287910_92285721_92285839_92287790_92287910_1951
7792,ENSG00000234741,GAS5,chr1,-,173863900,173864304,173863900,173864075,173864256,173864304,7792,"188,210,177","2004,2032,2161","1164,1054,1115","1552,1435,1470",330,149,0.0,0.0,"0.041,0.045,0.036","0.253,0.249,0.255",-0.212,181,2257.333333333333,2596.666666666667,GAS5_chr1_-_173863900_173864304_173863900_173864075_173864256_173864304_181
7806,ENSG00000234741,GAS5,chr1,-,173864256,173865547,173864256,173864304,173865470,173865547,7806,"2075,2461,2348","18,18,5","3441,3133,3403","117,141,112",1315,149,0.0,0.0,"0.929,0.939,0.982","0.769,0.716,0.775",0.197,1166,2308.333333333333,3449.0,GAS5_chr1_-_173864256_173865547_173864256_173864304_173865470_173865547_1166
7868,ENSG00000164896,FASTK,chr7,-,151076625,151077027,151076625,151076832,151076912,151077027,7868,"34,35,39","149,108,140","82,81,94","80,79,83",229,149,0.0,0.0,"0.129,0.174,0.153","0.4,0.4,0.424",-0.256,80,168.33333333333334,166.33333333333334,FASTK_chr7_-_151076625_151077027_151076625_151076832_151076912_151077027_80
7869,ENSG00000164896,FASTK,chr7,-,151076912,151077236,151076912,151077027,151077100,151077236,7869,"71,59,69","153,123,129","126,150,148","88,53,85",222,149,8.615330671089999e-14,9.341498043366895e-13,"0.237,0.244,0.264","0.49,0.655,0.539",-0.313,73,201.33333333333331,216.66666666666669,FASTK_chr7_-_151076912_151077236_151076912_151077027_151077100_151077236_73
7870,ENSG00000164896,FASTK,chr7,-,151077100,151077401,151077100,151077236,151077309,151077401,7870,"104,141,116","140,138,144","211,158,193","71,55,76",222,149,0.0,0.0,"0.333,0.407,0.351","0.666,0.658,0.63",-0.288,73,261.0,254.66666666666669,FASTK_chr7_-_151077100_151077401_151077100_151077236_151077309_151077401_73
7872,ENSG00000164896,FASTK,chr7,-,151077309,151077780,151077309,151077401,151077620,151077780,7872,"102,126,104","101,102,97","191,168,197","53,61,55",368,149,1.44328993201e-14,1.6678016992115557e-13,"0.29,0.333,0.303","0.593,0.527,0.592",-0.262,219,210.66666666666669,241.66666666666669,FASTK_chr7_-_151077309_151077780_151077309_151077401_151077620_151077780_219
7874,ENSG00000164896,FASTK,chr7,-,151076912,151078092,151076912,151077780,151077878,151078092,7874,"84,102,82","123,118,85","127,101,139","79,60,92",247,149,3.70698744856e-06,1.959821550300788e-05,"0.292,0.343,0.368","0.492,0.504,0.477",-0.157,98,198.0,199.33333333333331,FASTK_chr7_-_151076912_151078092_151076912_151077780_151077878_151078092_98
7879,ENSG00000088038,CNOT3,chr19,+,54153714,54155680,54153714,54153840,54155308,54155680,7879,"190,213,213","106,118,133","534,382,510","63,46,65",1617,149,0.0,0.0,"0.142,0.143,0.129","0.439,0.433,0.42",-0.293,1468,324.33333333333337,533.3333333333333,CNOT3_chr19_+_54153714_54155680_54153714_54153840_54155308_54155680_1468
7902,ENSG00000136247,ZDHHC4,chr7,+,6577433,6577720,6577433,6577498,6577589,6577720,7902,"23,31,48","47,30,56","41,40,42","29,12,18",240,149,0.000222767714898,0.0008791645145947,"0.233,0.391,0.347","0.467,0.674,0.592",-0.254,91,78.33333333333334,60.66666666666667,ZDHHC4_chr7_+_6577433_6577720_6577433_6577498_6577589_6577720_91
7953,ENSG00000267673,FDX2,chr19,-,10315385,10315759,10315385,10315492,10315704,10315759,7953,"8,4,7","67,76,85","123,117,100","65,94,89",361,149,0.0,0.0,"0.047,0.021,0.033","0.439,0.339,0.317",-0.331,212,82.33333333333333,196.0,FDX2_chr19_-_10315385_10315759_10315385_10315492_10315704_10315759_212
7955,ENSG00000123066,MED13L,chr12,-,115975170,115975738,115975170,115975313,115975514,115975738,7955,"0,4,5","23,34,38","11,12,7","20,14,27",350,149,1.25436570256e-05,6.150223338448233e-05,"0.0,0.048,0.053","0.19,0.267,0.099",-0.152,201,34.66666666666667,30.333333333333332,MED13L_chr12_-_115975170_115975738_115975170_115975313_115975514_115975738_201
7957,ENSG00000123066,MED13L,chr12,-,115980749,115982603,115980749,115980938,115982383,115982603,7957,"6,8,10","32,24,14","32,26,19","11,17,6",1594,149,8.72016014952e-10,6.693312114766703e-09,"0.017,0.03,0.063","0.214,0.125,0.228",-0.152,1445,31.333333333333332,37.0,MED13L_chr12_-_115980749_115982603_115980749_115980938_115982383_115982603_1445
8043,ENSG00000010318,PHF7,chr3,+,52421647,52422881,52421647,52421754,52422759,52422881,8043,"12,8,10","1,4,2","19,12,9","0,0,0",1154,149,1.69182856613e-09,1.2631407616080808e-08,"0.608,0.205,0.392","1.0,1.0,1.0",-0.598,1005,12.333333333333334,13.333333333333334,PHF7_chr3_+_52421647_52422881_52421647_52421754_52422759_52422881_1005
8044,ENSG00000077454,LRCH4,chr7,-,100576693,100577005,100576693,100576777,100576901,100577005,8044,"20,27,28","44,33,37","31,19,29","21,14,17",273,149,0.000857965323355,0.0030024720131058,"0.199,0.309,0.292","0.446,0.426,0.482",-0.185,124,63.0,43.666666666666664,LRCH4_chr7_-_100576693_100577005_100576693_100576777_100576901_100577005_124
8045,ENSG00000077454,LRCH4,chr7,-,100577085,100577389,100577085,100577154,100577272,100577389,8045,"14,16,20","39,46,41","28,20,18","33,15,18",267,149,0.00027582687625,0.0010668966234834,"0.167,0.163,0.214","0.321,0.427,0.358",-0.187,118,58.66666666666667,44.0,LRCH4_chr7_-_100577085_100577389_100577085_100577154_100577272_100577389_118
8055,ENSG00000145191,EIF2B5,chr3,+,184143051,184144224,184143051,184143565,184144098,184144224,8055,"42,45,61","90,78,103","122,78,84","59,61,53",682,149,2.92316171269e-11,2.6036943409533125e-10,"0.093,0.112,0.115","0.311,0.218,0.257",-0.155,533,139.66666666666666,152.33333333333334,EIF2B5_chr3_+_184143051_184144224_184143051_184143565_184144098_184144224_533
8058,ENSG00000145191,EIF2B5,chr3,+,184144596,184145292,184144596,184144707,184144883,184145292,8058,"5,8,3","119,106,124","48,42,42","64,67,85",325,149,0.0,0.0,"0.019,0.033,0.011","0.256,0.223,0.185",-0.2,176,121.66666666666666,116.0,EIF2B5_chr3_+_184144596_184145292_184144596_184144707_184144883_184145292_176
8068,ENSG00000159352,PSMD4,chr1,+,151266003,151266439,151266003,151266121,151266307,151266439,8068,"18,16,24","36,32,42","73,38,52","33,29,27",335,149,7.87606246888e-08,5.052723307576883e-07,"0.182,0.182,0.203","0.496,0.368,0.461",-0.253,186,56.0,84.0,PSMD4_chr1_+_151266003_151266439_151266003_151266121_151266307_151266439_186
8074,ENSG00000105819,PMPCB,chr7,+,103310314,103311896,103310314,103310475,103311807,103311896,8074,"31,20,22","0,0,0","33,30,38","2,3,0",1481,149,0.00162247893781,0.0053246153230173,"1.0,1.0,1.0","0.624,0.502,1.0",0.291,1332,24.333333333333332,35.33333333333333,PMPCB_chr7_+_103310314_103311896_103310314_103310475_103311807_103311896_1332
8093,ENSG00000026950,BTN3A1,chr6,+,26409893,26410032,26409893,26409914,26410005,26410032,8093,"1,1,4","23,24,13","6,10,4","13,3,7",240,149,9.8040249058e-05,0.0004165300339725,"0.026,0.025,0.16","0.223,0.674,0.262",-0.316,91,22.0,14.333333333333334,BTN3A1_chr6_+_26409893_26410032_26409893_26409914_26410005_26410032_91
8138,ENSG00000107897,ACBD5,chr10,-,27240318,27240797,27240318,27240484,27240673,27240797,8138,"17,7,13","37,28,36","15,14,19","10,13,6",338,149,2.17264830442e-05,0.0001030368341672,"0.168,0.099,0.137","0.398,0.322,0.583",-0.3,189,46.0,25.666666666666664,ACBD5_chr10_-_27240318_27240797_27240318_27240484_27240673_27240797_189
8143,ENSG00000119321,FKBP15,chr9,-,113186248,113187899,113186248,113186363,113187792,113187899,8143,"33,35,43","32,25,28","72,74,80","8,12,10",1578,149,5.90305582193e-13,5.9142692251195554e-12,"0.089,0.117,0.127","0.459,0.368,0.43",-0.308,1429,65.33333333333333,85.33333333333333,FKBP15_chr9_-_113186248_113187899_113186248_113186363_113187792_113187899_1429
8181,ENSG00000172613,RAD9A,chr11,+,67395911,67396175,67395911,67396021,67396110,67396175,8181,"5,4,11","65,65,37","30,10,26","29,33,22",238,149,2.01821904855e-07,1.229581638159505e-06,"0.046,0.037,0.157","0.393,0.159,0.425",-0.246,89,62.33333333333333,50.0,RAD9A_chr11_+_67395911_67396175_67395911_67396021_67396110_67396175_89
8211,ENSG00000130734,ATG4D,chr19,+,10546838,10547253,10546838,10547115,10547188,10547253,8211,"5,7,10","62,59,68","33,12,23","23,12,21",222,149,0.0,0.0,"0.051,0.074,0.09","0.491,0.402,0.424",-0.367,73,70.33333333333333,41.333333333333336,ATG4D_chr19_+_10546838_10547253_10546838_10547115_10547188_10547253_73
8212,ENSG00000130734,ATG4D,chr19,+,10551896,10552121,10551896,10551975,10552044,10552121,8212,"7,3,7","135,120,166","19,17,22","49,45,57",218,149,1.11022302463e-16,1.4586987213288112e-15,"0.034,0.017,0.028","0.21,0.205,0.209",-0.182,69,146.0,69.66666666666667,ATG4D_chr19_+_10551896_10552121_10551896_10551975_10552044_10552121_69
8237,ENSG00000167716,WDR81,chr17,+,1735571,1736218,1735571,1735717,1736038,1736218,8237,"2,2,6","19,12,12","25,17,21","11,6,11",470,149,7.08122449566e-10,5.475158290675753e-09,"0.032,0.05,0.137","0.419,0.473,0.377",-0.35,321,17.666666666666668,30.333333333333336,WDR81_chr17_+_1735571_1736218_1735571_1735717_1736038_1736218_321
8264,ENSG00000072778,ACADVL,chr17,+,7224320,7224552,7224320,7224393,7224483,7224552,8264,"11,6,10","23,26,23","33,27,32","16,15,15",239,149,3.88562437781e-09,2.8128872946812785e-08,"0.23,0.126,0.213","0.563,0.529,0.571",-0.365,90,33.0,46.0,ACADVL_chr17_+_7224320_7224552_7224320_7224393_7224483_7224552_90
8284,ENSG00000090520,DNAJB11,chr3,+,186577667,186582077,186577667,186577800,186581994,186582077,8284,"113,112,103","0,1,0","234,226,223","4,6,4",4343,149,8.63355068792e-06,4.3161908110765936e-05,"1.0,0.793,1.0","0.667,0.564,0.657",0.302,4194,109.66666666666666,232.33333333333331,DNAJB11_chr3_+_186577667_186582077_186577667_186577800_186581994_186582077_4194
8287,ENSG00000068438,FTSJ1,chrX,+,48481425,48481715,48481425,48481528,48481631,48481715,8287,"15,22,20","181,150,178","62,58,67","93,89,75",252,149,0.0,0.0,"0.047,0.08,0.062","0.283,0.278,0.346",-0.239,103,188.66666666666666,148.0,FTSJ1_chrX_+_48481425_48481715_48481425_48481528_48481631_48481715_103
8301,ENSG00000012211,PRICKLE3,chrX,-,49177992,49178475,49177992,49178179,49178271,49178475,8301,"3,3,7","51,55,52","11,14,14","15,10,18",241,149,1.15507603482e-11,1.0621521097273821e-10,"0.035,0.033,0.077","0.312,0.464,0.325",-0.319,92,57.0,27.333333333333336,PRICKLE3_chrX_-_49177992_49178475_49177992_49178179_49178271_49178475_92
8322,ENSG00000147140,NONO,chrX,+,71296850,71298508,71296850,71297047,71297360,71298508,8322,"62,81,69","1,1,2","70,43,72","5,6,5",462,149,0.000409545658187,0.0015219351484915,"0.952,0.963,0.918","0.819,0.698,0.823",0.164,313,72.0,67.0,NONO_chrX_+_71296850_71298508_71296850_71297047_71297360_71298508_313
8346,ENSG00000197114,ZGPAT,chr20,+,63733586,63734824,63733586,63733712,63734704,63734824,8346,"100,86,96","10,13,6","249,133,198","5,9,3",1141,149,0.00117663011225,0.0040093386012247,"0.566,0.463,0.676","0.867,0.659,0.896",-0.239,992,103.66666666666667,199.0,ZGPAT_chr20_+_63733586_63734824_63733586_63733712_63734704_63734824_992
8347,ENSG00000197114,ZGPAT,chr20,+,63733586,63734824,63733586,63733739,63734704,63734824,8347,"91,76,80","31,52,50","243,128,188","28,31,38",1114,149,1.24178722249e-06,6.941223959777563e-06,"0.282,0.164,0.176","0.537,0.356,0.398",-0.223,965,126.66666666666666,218.66666666666669,ZGPAT_chr20_+_63733586_63734824_63733586_63733739_63734704_63734824_965
8444,ENSG00000102103,PQBP1,chrX,+,48897930,48898576,48897930,48898093,48898491,48898576,8444,"64,51,70","46,63,64","114,67,96","39,25,29",547,149,1.51294075046e-08,1.0382485596093533e-07,"0.275,0.181,0.23","0.443,0.422,0.474",-0.218,398,119.33333333333333,123.33333333333333,PQBP1_chrX_+_48897930_48898576_48897930_48898093_48898491_48898576_398
8450,ENSG00000215021,PHB2,chr12,-,6967170,6967779,6967170,6967248,6967675,6967779,8450,"298,377,345","1575,1447,1493","1263,1121,1211","1027,982,1027",576,149,0.0,0.0,"0.047,0.063,0.056","0.241,0.228,0.234",-0.179,427,1845.0,2210.333333333333,PHB2_chr12_-_6967170_6967779_6967170_6967248_6967675_6967779_427
8453,ENSG00000215021,PHB2,chr12,-,6967170,6968021,6967170,6967779,6967891,6968021,8453,"133,134,131","1469,1341,1414","557,428,445","948,915,857",261,149,0.0,0.0,"0.049,0.054,0.05","0.251,0.211,0.229",-0.179,112,1540.6666666666667,1383.3333333333333,PHB2_chr12_-_6967170_6968021_6967170_6967779_6967891_6968021_112
8494,ENSG00000076924,XAB2,chr19,-,7620274,7620669,7620274,7620446,7620546,7620669,8494,"21,18,19","146,130,145","32,37,50","45,61,63",249,149,1.11022302463e-16,1.4586987213288112e-15,"0.079,0.077,0.073","0.299,0.266,0.322",-0.219,100,159.66666666666669,96.0,XAB2_chr19_-_7620274_7620669_7620274_7620446_7620546_7620669_100
8495,ENSG00000076924,XAB2,chr19,-,7625879,7626270,7625879,7626044,7626135,7626270,8495,"8,1,7","128,136,143","21,25,26","84,41,78",240,149,8.881784196999999e-16,1.1040925001792592e-14,"0.037,0.005,0.029","0.134,0.275,0.171",-0.17,91,141.0,91.66666666666667,XAB2_chr19_-_7625879_7626270_7625879_7626044_7626135_7626270_91
8505,ENSG00000102312,PORCN,chrX,+,48512834,48514365,48512834,48512852,48514239,48514365,8505,"9,8,7","4,9,5","22,19,23","2,3,4",1536,149,0.000191829896047,0.0007677354755615,"0.179,0.079,0.12","0.516,0.381,0.358",-0.292,1387,14.0,24.333333333333332,PORCN_chrX_+_48512834_48514365_48512834_48512852_48514239_48514365_1387
8509,ENSG00000119760,SUPT7L,chr2,-,27660983,27662281,27660983,27661388,27662178,27662281,8509,"248,245,273","30,40,45","417,399,440","33,30,31",939,149,3.86673137004e-05,0.0001759207913516,"0.567,0.493,0.49","0.667,0.679,0.693",-0.163,790,293.6666666666667,450.0,SUPT7L_chr2_-_27660983_27662281_27660983_27661388_27662178_27662281_790
8513,ENSG00000068354,TBC1D25,chrX,+,48558896,48559346,48558896,48559024,48559157,48559346,8513,"4,4,2","52,64,64","21,9,15","35,18,30",282,149,2.98128188803e-12,2.866378315262177e-11,"0.039,0.032,0.016","0.241,0.209,0.209",-0.191,133,63.333333333333336,42.66666666666667,TBC1D25_chrX_+_48558896_48559346_48558896_48559024_48559157_48559346_133
8538,ENSG00000100802,C14orf93,chr14,-,22998426,22999156,22998426,22998741,22999053,22999156,8538,"19,30,31","7,0,4","18,7,20","2,0,0",461,149,0.0020677165927,0.0066382692697812,"0.467,1.0,0.715","0.744,1.0,1.0",-0.187,312,30.333333333333336,15.666666666666666,C14orf93_chr14_-_22998426_22999156_22998426_22998741_22999053_22999156_312
8559,ENSG00000215301,DDX3X,chrX,+,41337407,41339083,41337407,41337465,41339038,41339083,8559,"110,155,143","5,10,11","147,155,189","1,5,4",1722,149,0.00189808233711,0.0061606329570198,"0.656,0.573,0.529","0.927,0.728,0.803",-0.233,1573,144.66666666666666,167.0,DDX3X_chrX_+_41337407_41339083_41337407_41337465_41339038_41339083_1573
8565,ENSG00000215301,DDX3X,chrX,+,41345179,41345548,41345179,41345324,41345403,41345548,8565,"11,22,25","673,650,608","249,275,293","399,374,378",228,149,0.0,0.0,"0.011,0.022,0.026","0.29,0.325,0.336",-0.297,79,663.0,656.0,DDX3X_chrX_+_41345179_41345548_41345179_41345324_41345403_41345548_79
8599,ENSG00000111364,DDX55,chr12,+,123607431,123607662,123607431,123607523,123607599,123607662,8599,"37,65,55","65,82,81","92,86,80","62,50,64",225,149,2.89300026846e-06,1.5502114646087547e-05,"0.274,0.344,0.31","0.496,0.532,0.453",-0.184,76,128.33333333333334,144.66666666666666,DDX55_chr12_+_123607431_123607662_123607431_123607523_123607599_123607662_76
8606,ENSG00000221914,PPP2R2A,chr8,+,26362683,26363890,26362683,26362848,26363720,26363890,8606,"23,17,13","139,170,122","271,224,287","191,114,155",1021,149,0.0,0.0,"0.024,0.014,0.015","0.172,0.223,0.213",-0.185,872,161.33333333333331,414.0,PPP2R2A_chr8_+_26362683_26363890_26362683_26362848_26363720_26363890_872
8639,ENSG00000108946,PRKAR1A,chr17,+,68524015,68525912,68524015,68524077,68525753,68525912,8639,"23,30,23","0,0,0","27,26,34","1,2,3",1825,149,4.19220949788e-06,2.1891990758377592e-05,"1.0,1.0,1.0","0.688,0.515,0.481",0.439,1676,25.333333333333332,31.0,PRKAR1A_chr17_+_68524015_68525912_68524015_68524077_68525753_68525912_1676
8667,ENSG00000182307,C8orf33,chr8,+,145052466,145052897,145052466,145052497,145052585,145052897,8667,"57,47,40","149,130,155","109,128,140","131,140,131",237,149,2.5801583092300003e-13,2.668039526680727e-12,"0.194,0.185,0.14","0.343,0.365,0.402",-0.197,88,192.66666666666666,259.6666666666667,C8orf33_chr8_+_145052466_145052897_145052466_145052497_145052585_145052897_88
8670,ENSG00000160299,PCNT,chr21,+,46442496,46444821,46442496,46442573,46443809,46444821,8670,"132,154,151","73,51,76","212,133,238","28,28,32",1385,149,1.31452082552e-09,9.904512015958858e-09,"0.163,0.245,0.176","0.449,0.338,0.444",-0.216,1236,212.33333333333331,223.66666666666669,PCNT_chr21_+_46442496_46444821_46442496_46442573_46443809_46444821_1236
8693,ENSG00000214706,IFRD2,chr3,-,50289446,50289762,50289446,50289628,50289711,50289762,8693,"25,20,33","181,166,163","57,45,52","105,99,86",232,149,4.90940621489e-13,4.952329985074829e-12,"0.081,0.072,0.115","0.259,0.226,0.28",-0.166,83,196.0,148.0,IFRD2_chr3_-_50289446_50289762_50289446_50289628_50289711_50289762_83
8695,ENSG00000214706,IFRD2,chr3,-,50290169,50290679,50290169,50290294,50290559,50290679,8695,"40,58,70","7,7,16","114,110,116","10,2,3",414,149,4.74391773817e-05,0.0002122975065372,"0.673,0.749,0.612","0.804,0.952,0.933",-0.218,265,66.0,118.33333333333333,IFRD2_chr3_-_50290169_50290679_50290169_50290294_50290559_50290679_265
8697,ENSG00000174744,BRMS1,chr11,-,66340773,66341046,66340773,66340870,66340966,66341046,8697,"5,2,1","93,83,80","34,40,19","75,73,63",245,149,0.0,0.0,"0.032,0.014,0.008","0.216,0.25,0.155",-0.189,96,88.0,101.33333333333333,BRMS1_chr11_-_66340773_66341046_66340773_66340870_66340966_66341046_96
8708,ENSG00000182325,FBXL6,chr8,-,144356299,144356713,144356299,144356531,144356599,144356713,8708,"18,22,14","36,23,26","86,64,81","21,22,21",217,149,3.27227134278e-12,3.1339107127221167e-11,"0.256,0.396,0.27","0.738,0.666,0.726",-0.403,68,46.33333333333333,98.33333333333333,FBXL6_chr8_-_144356299_144356713_144356299_144356531_144356599_144356713_68
8712,ENSG00000160948,VPS28,chr8,-,144423616,144424132,144423616,144423922,144424040,144424132,8712,"116,131,145","195,208,185","139,130,159","92,83,116",267,149,6.2357119468e-10,4.872433546578963e-09,"0.249,0.26,0.304","0.457,0.466,0.433",-0.181,118,326.66666666666663,239.66666666666666,VPS28_chr8_-_144423616_144424132_144423616_144423922_144424040_144424132_118
8713,ENSG00000160948,VPS28,chr8,-,144424214,144424819,144424214,144424268,144424717,144424819,8713,"111,131,127","320,310,307","259,198,236","194,147,166",598,149,0.0,0.0,"0.08,0.095,0.093","0.25,0.251,0.262",-0.165,449,435.3333333333333,400.0,VPS28_chr8_-_144424214_144424819_144424214_144424268_144424717_144424819_449
8719,ENSG00000160948,VPS28,chr8,-,144424945,144426208,144424945,144425772,144426179,144426208,8719,"67,72,98","2,0,1","76,75,97","8,4,5",556,149,5.8662081251e-05,0.0002589126168304,"0.9,1.0,0.963","0.718,0.834,0.839",0.157,407,80.0,88.33333333333334,VPS28_chr8_-_144424945_144426208_144424945_144425772_144426179_144426208_407
8732,ENSG00000180900,SCRIB,chr8,-,143792484,143792867,143792484,143792635,143792707,143792867,8732,"16,13,7","162,141,153","53,17,41","100,80,102",221,149,2.4281687771600003e-12,2.340678622787133e-11,"0.062,0.059,0.03","0.263,0.125,0.213",-0.15,72,164.0,131.0,SCRIB_chr8_-_143792484_143792867_143792484_143792635_143792707_143792867_72
8761,ENSG00000133794,BMAL1,chr11,+,13378336,13381254,13378336,13378445,13381160,13381254,8761,"6,6,12","17,23,17","117,102,106","10,9,7",2864,149,0.0,0.0,"0.018,0.013,0.035","0.378,0.371,0.441",-0.375,2715,27.0,117.0,BMAL1_chr11_+_13378336_13381254_13378336_13378445_13381160_13381254_2715
8773,ENSG00000104522,GFUS,chr8,-,143612617,143613295,143612617,143612965,143613195,143613295,8773,"13,23,20","118,126,119","88,129,88","114,105,130",379,149,0.0,0.0,"0.042,0.067,0.062","0.233,0.326,0.21",-0.199,230,139.66666666666666,218.0,GFUS_chr8_-_143612617_143613295_143612617_143612965_143613195_143613295_230
8774,ENSG00000104522,GFUS,chr8,-,143613523,143613817,143613523,143613603,143613750,143613817,8774,"26,15,20","164,119,158","92,83,100","140,130,126",296,149,0.0,0.0,"0.074,0.06,0.06","0.249,0.243,0.285",-0.194,147,167.33333333333334,223.66666666666669,GFUS_chr8_-_143613523_143613817_143613523_143613603_143613750_143613817_147
8775,ENSG00000104522,GFUS,chr8,-,143614319,143614697,143614319,143614453,143614623,143614697,8775,"53,58,65","137,102,120","154,122,136","103,129,113",319,149,3.34861116613e-09,2.433675674281882e-08,"0.153,0.21,0.202","0.411,0.306,0.36",-0.171,170,178.33333333333334,252.33333333333334,GFUS_chr8_-_143614319_143614697_143614319_143614453_143614623_143614697_170
8786,ENSG00000172269,DPAGT1,chr11,-,119097141,119098043,119097141,119097297,119097854,119098043,8786,"41,66,63","1,0,0","56,31,55","6,2,2",706,149,1.13740921901e-05,5.610307062905705e-05,"0.896,1.0,1.0","0.663,0.766,0.853",0.205,557,57.0,50.66666666666667,DPAGT1_chr11_-_119097141_119098043_119097141_119097297_119097854_119098043_557
8793,ENSG00000172269,DPAGT1,chr11,-,119100629,119101138,119100629,119100843,119101017,119101138,8793,"28,28,36","87,93,109","56,61,46","47,77,45",323,149,6.79642009338e-10,5.277052152420391e-09,"0.129,0.122,0.132","0.355,0.268,0.32",-0.187,174,127.0,110.66666666666667,DPAGT1_chr11_-_119100629_119101138_119100629_119100843_119101017_119101138_174
8795,ENSG00000172269,DPAGT1,chr11,-,119101017,119101860,119101017,119101138,119101494,119101860,8795,"34,40,50","130,128,138","92,65,94","80,82,73",505,149,1.84297022088e-14,2.1033218100429555e-13,"0.072,0.084,0.097","0.253,0.19,0.275",-0.155,356,173.33333333333334,162.0,DPAGT1_chr11_-_119101017_119101860_119101017_119101138_119101494_119101860_356
8801,ENSG00000142046,TMEM91,chr19,+,41382771,41384083,41382771,41382921,41383714,41384083,8801,"46,79,59","3,9,6","22,14,23","0,0,0",942,149,6.56769201246e-08,4.254020861403916e-07,"0.708,0.581,0.609","1.0,1.0,1.0",-0.367,793,67.33333333333334,19.666666666666668,TMEM91_chr19_+_41382771_41384083_41382771_41382921_41383714_41384083_793
8805,ENSG00000241852,C8orf58,chr8,+,22601971,22602312,22601971,22602080,22602199,22602312,8805,"2,6,3","23,12,19","10,8,10","4,11,11",268,149,0.000238922759729,0.0009359181208694,"0.046,0.218,0.081","0.582,0.288,0.336",-0.287,119,21.666666666666668,18.0,C8orf58_chr8_+_22601971_22602312_22601971_22602080_22602199_22602312_119
8807,ENSG00000092094,OSGEP,chr14,-,20447614,20448171,20447614,20447690,20448105,20448171,8807,"36,17,33","0,0,0","82,70,108","10,16,9",564,149,6.33255115012e-09,4.517831661109766e-08,"1.0,1.0,1.0","0.684,0.536,0.76",0.34,415,28.666666666666668,98.33333333333334,OSGEP_chr14_-_20447614_20448171_20447614_20447690_20448105_20448171_415
8810,ENSG00000147789,ZNF7,chr8,+,144829042,144829604,144829042,144829090,144829426,144829604,8810,"60,28,22","5,1,3","46,52,28","2,0,0",485,149,0.000387415320286,0.0014513824074032,"0.787,0.896,0.693","0.876,1.0,1.0",-0.167,336,39.666666666666664,42.666666666666664,ZNF7_chr8_+_144829042_144829604_144829042_144829090_144829426_144829604_336
8823,ENSG00000094914,AAAS,chr12,-,53315093,53315782,53315093,53315140,53315726,53315782,8823,"29,52,30","0,2,0","31,21,30","1,4,2",735,149,0.000352600798115,0.0013358667487332,"1.0,0.841,1.0","0.863,0.516,0.753",0.236,586,37.666666666666664,29.666666666666664,AAAS_chr12_-_53315093_53315782_53315093_53315140_53315726_53315782_586
8824,ENSG00000094914,AAAS,chr12,-,53315334,53315782,53315334,53315486,53315726,53315782,8824,"13,25,11","5,2,4","13,12,16","0,0,0",389,149,3.42530496189e-08,2.282712259801061e-07,"0.499,0.827,0.513","1.0,1.0,1.0",-0.387,240,20.0,13.666666666666666,AAAS_chr12_-_53315334_53315782_53315334_53315486_53315726_53315782_240
8835,ENSG00000064313,TAF2,chr8,-,119831676,119832841,119831676,119831731,119832481,119832841,8835,"5,4,7","44,31,47","41,61,45","29,25,22",899,149,0.0,0.0,"0.018,0.021,0.024","0.19,0.288,0.253",-0.223,750,46.0,74.33333333333333,TAF2_chr8_-_119831676_119832841_119831676_119831731_119832481_119832841_750
8842,ENSG00000147471,PLPBP,chr8,+,37765525,37765746,37765525,37765633,37765710,37765746,8842,"5,13,16","127,152,122","48,43,41","62,67,94",226,149,0.0,0.0,"0.025,0.053,0.08","0.338,0.297,0.223",-0.233,77,145.0,118.33333333333333,PLPBP_chr8_+_37765525_37765746_37765525_37765633_37765710_37765746_77
8891,ENSG00000147416,ATP6V1B2,chr8,+,20212781,20217324,20212781,20212905,20217219,20217324,8891,"46,61,47","0,0,0","155,126,164","5,4,0",4463,149,1.37580288806e-06,7.632553362460586e-06,"1.0,1.0,1.0","0.509,0.513,1.0",0.326,4314,51.333333333333336,151.33333333333334,ATP6V1B2_chr8_+_20212781_20217324_20212781_20212905_20217219_20217324_4314
8904,ENSG00000205581,HMGN1,chr21,-,39348421,39348577,39348421,39348451,39348544,39348577,8904,"96,79,85","2502,2516,2431","722,748,693","1647,1571,1590",242,149,0.0,0.0,"0.023,0.019,0.021","0.213,0.227,0.212",-0.196,93,2569.6666666666665,2323.666666666667,HMGN1_chr21_-_39348421_39348577_39348421_39348451_39348544_39348577_93
8905,ENSG00000182196,ARL6IP4,chr12,+,122981128,122981879,122981128,122981266,122981570,122981879,8905,"183,172,185","69,43,42","273,286,275","47,37,38",453,149,0.000170825842919,0.000692684252671,"0.466,0.568,0.592","0.656,0.718,0.704",-0.151,304,231.33333333333334,318.6666666666667,ARL6IP4_chr12_+_122981128_122981879_122981128_122981266_122981570_122981879_304
8906,ENSG00000182196,ARL6IP4,chr12,+,122981128,122981879,122981128,122981299,122981570,122981879,8906,"87,96,89","90,85,93","206,193,206","61,66,66",420,149,2.55351295664e-15,3.0809051751355824e-14,"0.255,0.286,0.253","0.545,0.509,0.525",-0.262,271,180.0,266.0,ARL6IP4_chr12_+_122981128_122981879_122981128_122981299_122981570_122981879_271
8908,ENSG00000182196,ARL6IP4,chr12,+,122981128,122981879,122981128,122981299,122981594,122981879,8908,"113,117,113","245,231,225","227,217,224","172,181,167",444,149,5.55111512313e-16,7.018738710478068e-15,"0.134,0.145,0.144","0.307,0.287,0.31",-0.16,295,348.0,396.0,ARL6IP4_chr12_+_122981128_122981879_122981128_122981299_122981594_122981879_295
8914,ENSG00000148926,ADM,chr11,+,10305679,10306098,10305679,10305798,10305948,10306098,8914,"5,3,3","22,21,26","12,25,12","26,18,38",299,149,0.000414731350356,0.0015404307298937,"0.102,0.066,0.054","0.187,0.409,0.136",-0.17,150,26.666666666666668,43.666666666666664,ADM_chr11_+_10305679_10306098_10305679_10305798_10305948_10306098_150
8934,ENSG00000136826,KLF4,chr9,-,107487027,107488267,107487027,107487192,107487294,107488267,8934,"2,1,2","17,7,11","10,11,5","5,9,13",251,149,8.51496973852e-05,0.0003659751836392,"0.065,0.078,0.097","0.543,0.42,0.186",-0.303,102,13.333333333333332,17.666666666666664,KLF4_chr9_-_107487027_107488267_107487027_107487192_107487294_107488267_102
8943,ENSG00000089053,ANAPC5,chr12,-,121318276,121318608,121318276,121318404,121318500,121318608,8943,"75,81,68","18,19,16","113,90,82","6,9,7",245,149,1.80617128621e-05,8.654619582981595e-05,"0.717,0.722,0.721","0.92,0.859,0.877",-0.165,96,92.33333333333334,102.33333333333333,ANAPC5_chr12_-_121318276_121318608_121318276_121318404_121318500_121318608_96
8954,ENSG00000198000,NOL8,chr9,-,92298256,92298954,92298256,92298336,92298883,92298954,8954,"105,117,97","60,53,75","296,258,296","86,82,58",696,149,2.32375708409e-06,1.2588864496640176e-05,"0.273,0.321,0.217","0.424,0.402,0.522",-0.179,547,169.0,358.66666666666663,NOL8_chr9_-_92298256_92298954_92298256_92298336_92298883_92298954_547
8957,ENSG00000198467,TPM2,chr9,-,35684487,35685139,35684487,35684550,35685063,35685139,8957,"27,26,26","2,4,1","34,29,28","0,1,0",662,149,3.07571388617e-05,0.0001424784901849,"0.752,0.594,0.854","1.0,0.867,1.0",-0.222,513,28.666666666666664,30.666666666666664,TPM2_chr9_-_35684487_35685139_35684487_35684550_35685063_35685139_513
8960,ENSG00000077463,SIRT6,chr19,-,4175027,4175760,4175027,4175111,4175679,4175760,8960,"46,68,67","14,12,11","165,154,195","4,6,5",717,149,8.61458460122e-10,6.6191563678885e-09,"0.406,0.541,0.559","0.896,0.842,0.89",-0.374,568,72.66666666666667,176.33333333333334,SIRT6_chr19_-_4175027_4175760_4175027_4175111_4175679_4175760_568
8961,ENSG00000077463,SIRT6,chr19,-,4175027,4175760,4175027,4175151,4175679,4175760,8961,"30,53,49","50,44,43","155,137,188","20,12,23",677,149,0.0,0.0,"0.117,0.21,0.201","0.63,0.715,0.643",-0.487,528,89.66666666666666,178.33333333333334,SIRT6_chr19_-_4175027_4175760_4175027_4175151_4175679_4175760_528
8964,ENSG00000077463,SIRT6,chr19,-,4175027,4175937,4175027,4175760,4175841,4175937,8964,"8,18,14","72,57,63","46,40,47","32,30,38",230,149,1.11022302463e-16,1.4586987213288112e-15,"0.067,0.17,0.126","0.482,0.463,0.445",-0.342,81,77.33333333333333,77.66666666666667,SIRT6_chr19_-_4175027_4175937_4175027_4175760_4175841_4175937_81
8970,ENSG00000197070,ARRDC1,chr9,+,137612895,137613510,137612895,137613006,137613412,137613510,8970,"38,43,52","4,5,8","28,16,33","0,0,1",555,149,1.29986426833e-06,7.249394076547371e-06,"0.718,0.698,0.636","1.0,1.0,0.899",-0.282,406,50.0,26.0,ARRDC1_chr9_+_137612895_137613510_137612895_137613006_137613412_137613510_406
8984,ENSG00000148362,PAXX,chr9,+,136992639,136993243,136992639,136992974,136993052,136993243,8984,"174,152,147","118,121,99","179,181,203","68,57,74",227,149,1.69965968855e-07,1.046729536301351e-06,"0.492,0.452,0.494","0.633,0.676,0.643",-0.171,78,270.3333333333333,254.0,PAXX_chr9_+_136992639_136993243_136992639_136992974_136993052_136993243_78
8993,ENSG00000070061,ELP1,chr9,-,108896495,108897038,108896495,108896644,108896890,108897038,8993,"21,25,28","8,13,9","19,31,22","5,1,1",395,149,0.00132871974689,0.0044576404411793,"0.498,0.42,0.54","0.589,0.921,0.892",-0.315,246,34.66666666666667,26.333333333333332,ELP1_chr9_-_108896495_108897038_108896495_108896644_108896890_108897038_246
9002,ENSG00000096746,HNRNPH3,chr10,+,68337198,68338687,68337198,68337333,68338502,68338687,9002,"171,223,209","38,41,52","256,231,248","390,369,393",1318,149,0.0,0.0,"0.337,0.381,0.312","0.069,0.066,0.067",0.276,1169,244.66666666666666,629.0,HNRNPH3_chr10_+_68337198_68338687_68337198_68337333_68338502_68338687_1169
9030,ENSG00000135047,CTSL,chr9,+,87728026,87728809,87728026,87728149,87728584,87728809,9030,"14,22,15","1,0,0","26,16,25","3,6,0",584,149,0.000122999312781,0.000513703012203,"0.781,1.0,1.0","0.689,0.405,1.0",0.229,435,17.333333333333332,25.333333333333332,CTSL_chr9_+_87728026_87728809_87728026_87728149_87728584_87728809_435
9045,ENSG00000166348,USP54,chr10,-,73575511,73576361,73575511,73575675,73576135,73576361,9045,"24,24,33","1,3,0","14,6,19","8,7,6",609,149,2.60957135689e-06,1.404451523270828e-05,"0.854,0.662,1.0","0.3,0.173,0.437",0.535,460,28.333333333333332,20.0,USP54_chr10_-_73575511_73576361_73575511_73575675_73576135_73576361_460
9053,ENSG00000213930,GALT,chr9,+,34647088,34647567,34647088,34647258,34647491,34647567,9053,"31,37,23","86,103,67","39,28,38","41,24,23",382,149,1.90314046744e-08,1.2939953233496278e-07,"0.123,0.123,0.118","0.271,0.313,0.392",-0.204,233,115.66666666666666,64.33333333333333,GALT_chr9_+_34647088_34647567_34647088_34647258_34647491_34647567_233
9055,ENSG00000213930,GALT,chr9,+,34647491,34647705,34647491,34647567,34647656,34647705,9055,"33,37,29","77,63,76","24,34,28","27,18,15",238,149,1.39753167376e-05,6.798006507934019e-05,"0.212,0.269,0.193","0.358,0.542,0.539",-0.255,89,105.0,48.66666666666667,GALT_chr9_+_34647491_34647705_34647491_34647567_34647656_34647705_89
9076,ENSG00000148400,NOTCH1,chr9,-,136499111,136500847,136499111,136499259,136500551,136500847,9076,"3,3,4","7,14,6","25,12,13","4,4,5",1441,149,1.8580134109e-07,1.1394992546582726e-06,"0.042,0.022,0.064","0.393,0.237,0.212",-0.238,1292,12.333333333333334,21.0,NOTCH1_chr9_-_136499111_136500847_136499111_136499259_136500551_136500847_1292
9103,ENSG00000137073,UBAP2,chr9,-,33922965,33923478,33922965,33923293,33923378,33923478,9103,"13,17,13","89,69,89","48,34,34","41,33,52",234,149,3.94684285254e-13,4.036494130630936e-12,"0.085,0.136,0.085","0.427,0.396,0.294",-0.27,85,96.66666666666666,80.66666666666666,UBAP2_chr9_-_33922965_33923478_33922965_33923293_33923378_33923478_85
9116,ENSG00000137207,YIPF3,chr6,-,43513068,43513451,43513068,43513200,43513358,43513451,9116,"12,10,20","221,197,224","155,90,99","145,129,134",307,149,0.0,0.0,"0.026,0.024,0.042","0.342,0.253,0.264",-0.256,158,228.0,250.66666666666669,YIPF3_chr6_-_43513068_43513451_43513068_43513200_43513358_43513451_158
9178,ENSG00000158850,B4GALT3,chr1,-,161173604,161174049,161173604,161173727,161173858,161174049,9178,"32,34,34","319,355,373","127,99,91","197,186,170",280,149,0.0,0.0,"0.051,0.048,0.046","0.255,0.221,0.222",-0.184,131,382.3333333333333,290.0,B4GALT3_chr1_-_161173604_161174049_161173604_161173727_161173858_161174049_131
9179,ENSG00000158850,B4GALT3,chr1,-,161176433,161177106,161176433,161176579,161176911,161177106,9179,"22,16,13","23,12,12","35,23,35","6,3,6",481,149,5.91628647184e-08,3.848974388375908e-07,"0.229,0.292,0.251","0.644,0.704,0.644",-0.407,332,32.666666666666664,36.0,B4GALT3_chr1_-_161176433_161177106_161176433_161176579_161176911_161177106_332
9213,ENSG00000174106,LEMD3,chr12,+,65245668,65245939,65245668,65245774,65245860,65245939,9213,"8,5,4","34,39,32","44,36,40","25,20,19",235,149,0.0,0.0,"0.13,0.075,0.073","0.527,0.533,0.572",-0.451,86,40.666666666666664,61.33333333333333,LEMD3_chr12_+_65245668_65245939_65245668_65245774_65245860_65245939_86
9220,ENSG00000165699,TSC1,chr9,-,132897183,132897610,132897183,132897345,132897422,132897610,9220,"1,5,1","13,13,13","14,4,8","13,9,7",226,149,0.000362939651972,0.0013694156311503,"0.048,0.202,0.048","0.415,0.227,0.43",-0.258,77,15.333333333333334,18.333333333333332,TSC1_chr9_-_132897183_132897610_132897183_132897345_132897422_132897610_77
9226,ENSG00000159069,FBXW5,chr9,-,136942045,136942695,136942045,136942466,136942546,136942695,9226,"22,12,28","99,116,89","47,60,48","60,40,57",229,149,3.5476066528900004e-12,3.380068067734162e-11,"0.126,0.063,0.17","0.338,0.494,0.354",-0.276,80,122.0,104.0,FBXW5_chr9_-_136942045_136942695_136942045_136942466_136942546_136942695_80
9227,ENSG00000159069,FBXW5,chr9,-,136942546,136942943,136942546,136942695,136942768,136942943,9227,"28,42,49","92,109,82","57,65,63","72,61,64",222,149,8.15276622568e-06,4.1036145746708334e-05,"0.17,0.205,0.286","0.347,0.417,0.398",-0.167,73,134.0,127.33333333333334,FBXW5_chr9_-_136942546_136942943_136942546_136942695_136942768_136942943_73
9243,ENSG00000122952,ZWINT,chr10,-,56357437,56358459,56357437,56358185,56358376,56358459,9243,"150,155,170","364,380,371","429,499,436","221,194,225",340,149,0.0,0.0,"0.153,0.152,0.167","0.46,0.53,0.459",-0.326,191,530.0,668.0,ZWINT_chr10_-_56357437_56358459_56357437_56358185_56358376_56358459_191
9244,ENSG00000122952,ZWINT,chr10,-,56359686,56360383,56359686,56359853,56360017,56360383,9244,"165,215,168","602,588,562","410,425,395","451,399,407",313,149,0.0,0.0,"0.115,0.148,0.125","0.302,0.336,0.316",-0.189,164,766.6666666666666,829.0,ZWINT_chr10_-_56359686_56360383_56359686_56359853_56360017_56360383_164
9306,ENSG00000177666,PNPLA2,chr11,+,823693,824130,823693,823855,823997,824130,9306,"11,5,11","188,155,170","122,95,112","106,48,86",291,149,0.0,0.0,"0.029,0.016,0.032","0.371,0.503,0.4",-0.399,142,180.0,189.66666666666669,PNPLA2_chr11_+_823693_824130_823693_823855_823997_824130_142
9316,ENSG00000077458,FAM76B,chr11,-,95788498,95789782,95788498,95788563,95789391,95789782,9316,"45,65,48","15,14,12","23,24,29","27,20,12",977,149,8.6090258292e-05,0.0003693727293597,"0.314,0.415,0.379","0.115,0.155,0.269",0.19,828,66.33333333333333,45.0,FAM76B_chr11_-_95788498_95789782_95788498_95788563_95789391_95789782_828
9344,ENSG00000086848,ALG9,chr11,-,111782194,111786520,111782194,111786094,111786401,111786520,9344,"25,24,21","6,3,3","33,23,13","1,0,2",456,149,0.00196616887532,0.0063564759086527,"0.577,0.723,0.696","0.915,1.0,0.68",-0.2,307,27.333333333333332,24.0,ALG9_chr11_-_111782194_111786520_111782194_111786094_111786401_111786520_307
9349,ENSG00000162231,NXF1,chr11,-,62798538,62800486,62798538,62798575,62800376,62800486,9349,"506,528,519","63,54,52","2015,1605,1976","49,55,59",1950,149,0.0,0.0,"0.38,0.428,0.433","0.759,0.69,0.719",-0.309,1801,574.0,1919.6666666666665,NXF1_chr11_-_62798538_62800486_62798538_62798575_62800376_62800486_1801
9359,ENSG00000162032,SPSB3,chr16,-,1777746,1778612,1777746,1777872,1777945,1778612,9359,"17,13,17","123,106,129","74,70,78","43,38,31",222,149,0.0,0.0,"0.085,0.076,0.081","0.536,0.553,0.628",-0.492,73,135.0,111.33333333333334,SPSB3_chr16_-_1777746_1778612_1777746_1777872_1777945_1778612_73
9361,ENSG00000162032,SPSB3,chr16,-,1777945,1778612,1777945,1778048,1778133,1778612,9361,"23,29,25","105,113,95","69,67,64","33,31,34",234,149,0.0,0.0,"0.122,0.14,0.144","0.571,0.579,0.545",-0.43,85,130.0,99.33333333333334,SPSB3_chr16_-_1777945_1778612_1777945_1778048_1778133_1778612_85
9362,ENSG00000162032,SPSB3,chr16,-,1778133,1778612,1778133,1778321,1778434,1778612,9362,"15,15,17","48,58,67","45,45,84","30,27,24",262,149,1.3544720900399999e-14,1.5700819329443265e-13,"0.151,0.128,0.126","0.46,0.487,0.666",-0.403,113,73.33333333333333,85.0,SPSB3_chr16_-_1778133_1778612_1778133_1778321_1778434_1778612_113
9368,ENSG00000213619,NDUFS3,chr11,+,47580524,47580984,47580524,47580622,47580834,47580984,9368,"39,63,53","477,478,497","232,233,232","357,351,338",361,149,0.0,0.0,"0.033,0.052,0.042","0.211,0.215,0.221",-0.173,212,535.6666666666666,581.0,NDUFS3_chr11_+_47580524_47580984_47580524_47580622_47580834_47580984_212
9389,ENSG00000166333,ILK,chr11,+,6608693,6608967,6608693,6608790,6608883,6608967,9389,"7,13,14","274,262,270","62,38,60","113,110,129",242,149,0.0,0.0,"0.015,0.03,0.031","0.253,0.175,0.223",-0.192,93,280.0,170.66666666666666,ILK_chr11_+_6608693_6608967_6608693_6608790_6608883_6608967_93
9390,ENSG00000166333,ILK,chr11,+,6608693,6609156,6608693,6608967,6609070,6609156,9390,"23,26,36","223,241,250","52,48,80","118,110,106",252,149,0.0,0.0,"0.057,0.06,0.078","0.207,0.205,0.309",-0.175,103,266.3333333333333,171.33333333333331,ILK_chr11_+_6608693_6609156_6608693_6608967_6609070_6609156_103
9402,ENSG00000186166,CENATAC,chr11,+,119011938,119012254,119011938,119012003,119012148,119012254,9402,"15,19,25","34,27,27","40,31,32","20,8,14",294,149,4.26443327761e-06,2.2237694436350448e-05,"0.183,0.263,0.319","0.503,0.663,0.537",-0.313,145,49.0,48.333333333333336,CENATAC_chr11_+_119011938_119012254_119011938_119012003_119012148_119012254_145
9442,ENSG00000122218,COPA,chr1,-,160332447,160335322,160332447,160332557,160335241,160335322,9442,"52,90,52","0,1,0","52,41,50","7,3,3",2833,149,3.07798828647e-08,2.0624197375040365e-07,"1.0,0.826,1.0","0.281,0.418,0.467",0.553,2684,65.0,52.0,COPA_chr1_-_160332447_160335322_160332447_160332557_160335241_160335322_2684
9462,ENSG00000077522,ACTN2,chr1,+,236734432,236737214,236734432,236734518,236737121,236737214,9462,"89,91,74","3,0,3","39,32,49","0,0,1",2752,149,0.000259294764704,0.001008231986611,"0.616,1.0,0.572","1.0,1.0,0.726",-0.179,2603,86.66666666666667,40.333333333333336,ACTN2_chr1_+_236734432_236737214_236734432_236734518_236737121_236737214_2603
9469,ENSG00000187531,SIRT7,chr17,-,81913773,81914167,81913773,81913880,81914086,81914167,9469,"8,8,10","54,57,49","67,39,54","62,41,41",355,149,0.0,0.0,"0.059,0.056,0.079","0.312,0.285,0.356",-0.253,206,62.0,101.33333333333334,SIRT7_chr17_-_81913773_81914167_81913773_81913880_81914086_81914167_206
9470,ENSG00000187531,SIRT7,chr17,-,81914293,81914702,81914293,81914530,81914603,81914702,9470,"8,13,9","26,30,22","68,54,62","20,25,26",222,149,8.24895707296e-14,8.957396915696564e-13,"0.171,0.225,0.215","0.695,0.592,0.615",-0.43,73,36.0,85.0,SIRT7_chr17_-_81914293_81914702_81914293_81914530_81914603_81914702_73
9472,ENSG00000187531,SIRT7,chr17,-,81914293,81915512,81914293,81914702,81915439,81915512,9472,"22,41,43","30,37,41","136,119,115","40,35,50",886,149,5.74066161274e-09,4.1034893851376736e-08,"0.11,0.157,0.15","0.364,0.364,0.279",-0.197,737,71.33333333333334,165.0,SIRT7_chr17_-_81914293_81915512_81914293_81914702_81915439_81915512_737
9473,ENSG00000187531,SIRT7,chr17,-,81917829,81918132,81917829,81917967,81918038,81918132,9473,"20,34,24","51,46,47","43,48,45","15,10,27",220,149,1.28638790731e-08,8.88558307537609e-08,"0.21,0.334,0.257","0.66,0.765,0.53",-0.385,71,74.0,62.66666666666667,SIRT7_chr17_-_81917829_81918132_81917829_81917967_81918038_81918132_71
9482,ENSG00000150433,TMEM218,chr11,-,125102131,125102809,125102131,125102351,125102636,125102809,9482,"49,20,32","8,3,6","38,21,19","1,1,1",434,149,0.000579168258553,0.0020955360297316,"0.678,0.696,0.647","0.929,0.878,0.867",-0.218,285,39.33333333333333,27.0,TMEM218_chr11_-_125102131_125102809_125102131_125102351_125102636_125102809_285
9488,ENSG00000149582,TMEM25,chr11,+,118531191,118531871,118531191,118531234,118531774,118531871,9488,"56,50,53","26,14,15","102,90,52","11,6,12",689,149,0.00172080220078,0.005622302411752,"0.318,0.436,0.433","0.667,0.764,0.484",-0.243,540,71.33333333333333,91.0,TMEM25_chr11_+_118531191_118531871_118531191_118531234_118531774_118531871_540
9497,ENSG00000110492,MDK,chr11,+,46381710,46382133,46381710,46381885,46382056,46382133,9497,"94,66,86","11,24,15","128,116,101","13,3,5",320,149,0.000159286268506,0.0006494587557417,"0.799,0.561,0.727","0.821,0.947,0.904",-0.195,171,98.66666666666667,122.0,MDK_chr11_+_46381710_46382133_46381710_46381885_46382056_46382133_171
9498,ENSG00000142186,SCYL1,chr11,+,65538269,65538704,65538269,65538324,65538441,65538704,9498,"44,62,73","163,144,191","89,56,94","76,78,69",266,149,1.51573509299e-09,1.1374174722193252e-08,"0.131,0.194,0.176","0.396,0.287,0.433",-0.205,117,225.66666666666666,154.0,SCYL1_chr11_+_65538269_65538704_65538269_65538324_65538441_65538704_117
9509,ENSG00000129255,MPDU1,chr17,+,7586691,7587271,7586691,7586838,7587160,7587271,9509,"37,45,29","0,0,0","40,29,43","3,2,3",471,149,5.94357377112e-05,0.000262170541971,"1.0,1.0,1.0","0.808,0.821,0.819",0.184,322,37.0,40.0,MPDU1_chr17_+_7586691_7587271_7586691_7586838_7587160_7587271_322
9529,ENSG00000007372,PAX6,chr11,-,31800690,31801776,31800690,31800856,31801761,31801776,9529,"103,99,85","3,2,4","75,78,75","1,0,0",1054,149,0.000153785457152,0.0006291145792855,"0.829,0.875,0.75","0.914,1.0,1.0",-0.153,905,98.66666666666667,76.33333333333333,PAX6_chr11_-_31800690_31801776_31800690_31800856_31801761_31801776_905
9533,ENSG00000030066,NUP160,chr11,-,47812063,47812429,47812063,47812224,47812301,47812429,9533,"1,0,0","104,126,95","8,18,23","57,46,60",226,149,0.0,0.0,"0.006,0.0,0.0","0.085,0.205,0.202",-0.162,77,108.66666666666666,70.66666666666667,NUP160_chr11_-_47812063_47812429_47812063_47812224_47812301_47812429_77
9540,ENSG00000149091,DGKZ,chr11,+,46379202,46379568,46379202,46379236,46379468,46379568,9540,"14,15,27","85,65,68","46,38,46","41,31,53",381,149,5.607736497380001e-12,5.2748441142234285e-11,"0.061,0.083,0.134","0.305,0.324,0.253",-0.201,232,91.33333333333334,85.0,DGKZ_chr11_+_46379202_46379568_46379202_46379236_46379468_46379568_232
9564,ENSG00000132275,RRP8,chr11,-,6600925,6601602,6600925,6601055,6601148,6601602,9564,"4,6,9","71,70,52","36,37,31","44,50,60",242,149,1.70974345792e-14,1.9664712917883614e-13,"0.034,0.05,0.096","0.335,0.313,0.241",-0.236,93,70.66666666666666,86.0,RRP8_chr11_-_6600925_6601602_6600925_6601055_6601148_6601602_93
9573,ENSG00000162241,SLC25A45,chr11,-,65376817,65379938,65376817,65377076,65379866,65379938,9573,"23,8,14","1,0,0","20,10,7","2,0,2",2939,149,0.000136603537429,0.0005641389934987,"0.538,1.0,1.0","0.336,1.0,0.151",0.35,2790,15.333333333333334,13.666666666666668,SLC25A45_chr11_-_65376817_65379938_65376817_65377076_65379866_65379938_2790
9582,ENSG00000174996,KLC2,chr11,+,66266432,66267859,66266432,66266490,66266872,66267859,9582,"32,43,32","170,174,175","63,76,89","79,57,89",531,149,0.0,0.0,"0.05,0.065,0.049","0.183,0.272,0.219",-0.17,382,208.66666666666666,151.0,KLC2_chr11_+_66266432_66267859_66266432_66266490_66266872_66267859_382
9591,ENSG00000132017,DCAF15,chr19,+,13960286,13960580,13960286,13960391,13960464,13960580,9591,"28,28,28","87,88,99","66,44,62","41,32,52",222,149,3.33066907388e-16,4.25495855389791e-15,"0.178,0.176,0.16","0.519,0.48,0.445",-0.31,73,119.33333333333333,99.0,DCAF15_chr19_+_13960286_13960580_13960286_13960391_13960464_13960580_73
9597,ENSG00000106290,TAF6,chr7,-,100112797,100113769,100112797,100112917,100113615,100113769,9597,"9,22,18","16,14,15","28,21,46","8,5,4",847,149,4.64835339473e-05,0.0002085263758607,"0.09,0.217,0.174","0.381,0.425,0.669",-0.331,698,31.333333333333332,37.333333333333336,TAF6_chr7_-_100112797_100113769_100112797_100112917_100113615_100113769_698
9604,ENSG00000133895,MEN1,chr11,-,64805634,64806368,64805634,64805770,64806231,64806368,9604,"63,55,60","208,161,195","139,114,155","99,107,112",610,149,0.0,0.0,"0.069,0.077,0.07","0.255,0.207,0.253",-0.166,461,247.33333333333334,242.0,MEN1_chr11_-_64805634_64806368_64805634_64805770_64806231_64806368_461
9606,ENSG00000133895,MEN1,chr11,-,64807551,64808099,64807551,64807680,64807890,64808099,9606,"26,18,27","192,195,211","99,49,60","109,74,103",359,149,0.0,0.0,"0.053,0.037,0.05","0.274,0.216,0.195",-0.182,210,223.0,164.66666666666666,MEN1_chr11_-_64807551_64808099_64807551_64807680_64807890_64808099_210
9611,ENSG00000182173,TSEN54,chr17,+,75516745,75517072,75516745,75516910,75517008,75517072,9611,"3,8,6","85,89,90","58,37,38","41,37,57",247,149,0.0,0.0,"0.021,0.051,0.039","0.46,0.376,0.287",-0.337,98,93.66666666666667,89.33333333333334,TSEN54_chr17_+_75516745_75517072_75516745_75516910_75517008_75517072_98
9613,ENSG00000182173,TSEN54,chr17,+,75521408,75522333,75521408,75521510,75521704,75522333,9613,"25,36,25","120,141,117","81,55,75","107,72,101",343,149,4.5219383793000004e-13,4.592846353885997e-12,"0.083,0.1,0.085","0.247,0.249,0.244",-0.157,194,154.66666666666666,163.66666666666666,TSEN54_chr17_+_75521408_75522333_75521408_75521510_75521704_75522333_194
9618,ENSG00000182173,TSEN54,chr17,+,75521704,75523335,75521704,75522521,75523274,75523335,9618,"175,212,204","13,24,10","246,184,232","5,1,8",902,149,3.0101744858e-05,0.0001399693224379,"0.69,0.593,0.771","0.89,0.968,0.827",-0.21,753,212.66666666666666,225.33333333333331,TSEN54_chr17_+_75521704_75523335_75521704_75522521_75523274_75523335_753
9648,ENSG00000255717,SNHG1,chr11,-,62853800,62854064,62853800,62853833,62854017,62854064,9648,"475,501,519","869,885,756","1129,1241,1168","727,605,604",333,149,0.0,0.0,"0.197,0.202,0.235","0.41,0.479,0.464",-0.24,184,1335.0,1824.6666666666665,SNHG1_chr11_-_62853800_62854064_62853800_62853833_62854017_62854064_184
9659,ENSG00000255717,SNHG1,chr11,-,62854518,62854938,62854518,62854551,62854887,62854938,9659,"371,531,424","823,971,826","928,812,839","538,398,463",485,149,0.0,0.0,"0.122,0.144,0.136","0.346,0.385,0.358",-0.229,336,1315.3333333333335,1326.0,SNHG1_chr11_-_62854518_62854938_62854518_62854551_62854887_62854938_336
9667,ENSG00000255717,SNHG1,chr11,-,62854518,62855216,62854518,62854938,62855132,62855216,9667,"157,231,221","1275,1604,1392","739,622,647","810,589,636",343,149,0.0,0.0,"0.051,0.059,0.065","0.284,0.314,0.306",-0.243,194,1626.6666666666667,1347.6666666666667,SNHG1_chr11_-_62854518_62855216_62854518_62854938_62855132_62855216_194
9672,ENSG00000255717,SNHG1,chr11,-,62855132,62855885,62855132,62855216,62855423,62855885,9672,"220,267,262","1024,1283,1118","1012,971,831","1396,1268,1187",356,149,0.0,0.0,"0.083,0.08,0.089","0.233,0.243,0.227",-0.15,207,1391.3333333333335,2221.666666666667,SNHG1_chr11_-_62855132_62855885_62855132_62855216_62855423_62855885_207
9689,ENSG00000167770,OTUB1,chr11,+,63996529,63996941,63996529,63996648,63996856,63996941,9689,"77,111,91","202,156,220","150,149,113","110,128,92",357,149,1.12366782545e-11,1.0358505896532836e-10,"0.137,0.229,0.147","0.363,0.327,0.339",-0.172,208,285.66666666666663,247.33333333333334,OTUB1_chr11_+_63996529_63996941_63996529_63996648_63996856_63996941_208
9691,ENSG00000166452,AKIP1,chr11,+,8911188,8911671,8911188,8911223,8911443,8911671,9691,"71,65,73","62,54,72","60,59,58","23,31,24",369,149,0.000127534241093,0.0005308415085855,"0.316,0.327,0.29","0.513,0.435,0.494",-0.17,220,132.33333333333334,85.0,AKIP1_chr11_+_8911188_8911671_8911188_8911223_8911443_8911671_220
9731,ENSG00000174775,HRAS,chr11,-,532241,532755,532241,532522,532630,532755,9731,"63,45,63","94,69,95","172,139,164","72,47,54",257,149,0.0,0.0,"0.28,0.274,0.278","0.581,0.632,0.638",-0.34,108,143.0,216.0,HRAS_chr11_-_532241_532755_532241_532522_532630_532755_108
9759,ENSG00000166987,MBD6,chr12,+,57524028,57524416,57524028,57524092,57524279,57524416,9759,"2,9,4","25,37,37","20,10,16","16,14,23",336,149,1.19839391965e-07,7.511834212814602e-07,"0.034,0.097,0.046","0.357,0.241,0.236",-0.219,187,38.0,33.0,MBD6_chr12_+_57524028_57524416_57524028_57524092_57524279_57524416_187
9760,ENSG00000156650,KAT6B,chr10,+,74975398,74977437,74975398,74975454,74977315,74977437,9760,"28,40,63","1,2,3","20,18,33","0,0,0",2010,149,1.55610084382e-05,7.539533222287979e-05,"0.675,0.597,0.609","1.0,1.0,1.0",-0.373,1861,45.666666666666664,23.666666666666668,KAT6B_chr10_+_74975398_74977437_74975398_74975454_74977315_74977437_1861
9761,ENSG00000156650,KAT6B,chr10,+,74975398,74977437,74975398,74975781,74977315,74977437,9761,"10,21,34","2,0,0","13,6,14","2,3,2",1683,149,0.000640380592179,0.0022922439407899,"0.307,1.0,1.0","0.365,0.15,0.383",0.47,1534,22.333333333333336,13.333333333333334,KAT6B_chr10_+_74975398_74977437_74975398_74975781_74977315_74977437_1534
9769,ENSG00000100225,FBXO7,chr22,+,32487744,32493281,32487744,32487828,32493104,32493281,9769,"182,235,198","0,0,0","377,361,356","0,5,3",5425,149,2.33192341798e-05,0.0001100954125215,"1.0,1.0,1.0","1.0,0.665,0.765",0.19,5276,205.0,367.33333333333337,FBXO7_chr22_+_32487744_32493281_32487744_32487828_32493104_32493281_5276
9794,ENSG00000176986,SEC24C,chr10,+,73769346,73769733,73769346,73769485,73769614,73769733,9794,"3,6,3","117,115,104","33,22,40","63,52,74",278,149,0.0,0.0,"0.014,0.027,0.015","0.219,0.185,0.225",-0.191,129,116.0,94.66666666666667,SEC24C_chr10_+_73769346_73769733_73769346_73769485_73769614_73769733_129
9836,ENSG00000171877,FRMD5,chr15,-,43873274,43874462,43873274,43873939,43874118,43874462,9836,"15,24,21","3,3,4","7,18,20","0,0,1",328,149,3.46036057186e-05,0.0001591981461845,"0.694,0.784,0.705","1.0,1.0,0.901",-0.239,179,23.333333333333332,15.333333333333334,FRMD5_chr15_-_43873274_43874462_43873274_43873939_43874118_43874462_179
9840,ENSG00000135655,USP15,chr12,+,62383839,62384302,62383839,62383998,62384077,62384302,9840,"4,1,2","26,23,27","31,23,32","14,12,17",228,149,0.0,0.0,"0.091,0.028,0.046","0.591,0.556,0.552",-0.511,79,27.666666666666664,43.0,USP15_chr12_+_62383839_62384302_62383839_62383998_62384077_62384302_79
9848,ENSG00000175197,DDIT3,chr12,-,57517268,57517753,57517268,57517424,57517705,57517753,9848,"56,52,63","13,20,19","94,94,87","13,9,10",430,149,0.000202846781087,0.0008074504752271,"0.599,0.474,0.535","0.715,0.784,0.751",-0.214,281,74.33333333333333,102.33333333333334,DDIT3_chr12_-_57517268_57517753_57517268_57517424_57517705_57517753_281
9849,ENSG00000175197,DDIT3,chr12,-,57517268,57517753,57517268,57517438,57517705,57517753,9849,"53,47,59","131,144,141","88,92,82","65,46,72",416,149,1.96509475359e-14,2.239237601930333e-13,"0.127,0.105,0.13","0.327,0.417,0.29",-0.224,267,191.66666666666666,148.33333333333331,DDIT3_chr12_-_57517268_57517753_57517268_57517438_57517705_57517753_267
9852,ENSG00000130803,ZNF317,chr19,+,9156611,9157394,9156611,9156748,9157267,9157394,9852,"22,24,16","20,30,29","220,195,212","34,20,30",668,149,0.0,0.0,"0.197,0.151,0.11","0.591,0.685,0.612",-0.477,519,47.0,237.0,ZNF317_chr19_+_9156611_9157394_9156611_9156748_9157267_9157394_519
9869,ENSG00000107862,GBF1,chr10,+,102376559,102377128,102376559,102376784,102376934,102377128,9869,"15,18,10","2,3,2","39,30,37","0,0,2",299,149,0.000337554536186,0.0012850634171259,"0.789,0.749,0.714","1.0,1.0,0.902",-0.217,150,16.666666666666668,36.0,GBF1_chr10_+_102376559_102377128_102376559_102376784_102376934_102377128_150
9870,ENSG00000107862,GBF1,chr10,+,102376559,102377128,102376559,102376800,102376934,102377128,9870,"4,5,5","92,84,95","26,20,31","51,42,44",283,149,0.0,0.0,"0.022,0.03,0.027","0.212,0.2,0.271",-0.201,134,95.0,71.33333333333333,GBF1_chr10_+_102376559_102377128_102376559_102376800_102376934_102377128_134
9871,ENSG00000107862,GBF1,chr10,+,102379520,102379954,102379520,102379651,102379852,102379954,9871,"5,15,19","97,59,97","32,29,48","49,44,51",350,149,2.34923192011e-13,2.4432011969144e-12,"0.021,0.098,0.077","0.218,0.219,0.286",-0.176,201,97.33333333333333,84.33333333333334,GBF1_chr10_+_102379520_102379954_102379520_102379651_102379852_102379954_201
9876,ENSG00000107862,GBF1,chr10,+,102379852,102380362,102379852,102379954,102380248,102380362,9876,"24,32,29","120,96,148","94,57,76","82,64,87",443,149,0.0,0.0,"0.063,0.101,0.062","0.278,0.231,0.227",-0.17,294,149.66666666666666,153.33333333333334,GBF1_chr10_+_102379852_102380362_102379852_102379954_102380248_102380362_294
9881,ENSG00000107862,GBF1,chr10,+,102379852,102380686,102379852,102380362,102380505,102380686,9881,"9,11,5","124,103,117","42,24,43","64,71,89",292,149,2.22044604925e-16,2.8916708338028217e-15,"0.036,0.052,0.021","0.251,0.147,0.198",-0.162,143,123.0,111.0,GBF1_chr10_+_102379852_102380686_102379852_102380362_102380505_102380686_143
9892,ENSG00000090621,PABPC4,chr1,-,39562322,39564542,39562322,39563922,39564422,39564542,9892,"101,128,142","201,207,223","237,146,159","123,94,119",649,149,8.881784196999999e-16,1.1040925001792592e-14,"0.103,0.124,0.128","0.307,0.263,0.235",-0.15,500,334.0,292.66666666666663,PABPC4_chr1_-_39562322_39564542_39562322_39563922_39564422_39564542_500
9918,ENSG00000026103,FAS,chr10,+,89010538,89012081,89010538,89010815,89011998,89012081,9918,"4,3,4","11,10,11","12,19,7","3,8,6",1332,149,1.75118720099e-05,8.412990430780845e-05,"0.039,0.032,0.039","0.309,0.21,0.115",-0.175,1183,14.333333333333332,18.333333333333332,FAS_chr10_+_89010538_89012081_89010538_89010815_89011998_89012081_1183
9922,ENSG00000026103,FAS,chr10,+,89010538,89013367,89010538,89012081,89013342,89013367,9922,"5,7,6","7,9,17","23,29,29","5,8,12",1410,149,3.8265652702e-07,2.273158323021464e-06,"0.07,0.076,0.036","0.327,0.277,0.203",-0.208,1261,17.0,35.333333333333336,FAS_chr10_+_89010538_89013367_89010538_89012081_89013342_89013367_1261
9981,ENSG00000293313,ZNF37BP,chr10,-,42551572,42552542,42551572,42551858,42551989,42552542,9981,"11,8,10","4,6,3","12,8,20","2,1,1",280,149,0.00227417794249,0.0072350408993305,"0.594,0.415,0.639","0.761,0.81,0.914",-0.279,131,14.0,14.666666666666668,ZNF37BP_chr10_-_42551572_42552542_42551572_42551858_42551989_42552542_131
10007,ENSG00000133316,WDR74,chr11,-,62833617,62833937,62833617,62833674,62833791,62833937,10007,"21,14,22","109,108,130","88,62,81","122,138,154",266,149,3.49065221172e-12,3.3344082705485745e-11,"0.097,0.068,0.087","0.288,0.201,0.228",-0.155,117,134.66666666666669,215.0,WDR74_chr11_-_62833617_62833937_62833617_62833674_62833791_62833937_117
10010,ENSG00000182199,SHMT2,chr12,+,57232210,57232575,57232210,57232292,57232424,57232575,10010,"19,26,25","42,26,20","60,65,58","14,12,18",281,149,7.19154558126e-09,5.076708658893293e-08,"0.193,0.347,0.399","0.694,0.742,0.631",-0.376,132,52.666666666666664,75.66666666666667,SHMT2_chr12_+_57232210_57232575_57232210_57232292_57232424_57232575_132
10042,ENSG00000102225,CDK16,chrX,+,47226993,47227223,47226993,47227099,47227159,47227223,10042,"17,20,18","15,12,8","146,99,135","13,4,7",209,149,1.8122170431e-12,1.76303170569834e-11,"0.447,0.543,0.616","0.889,0.946,0.932",-0.387,60,30.0,134.66666666666669,CDK16_chrX_+_47226993_47227223_47226993_47227099_47227159_47227223_60
10043,ENSG00000102225,CDK16,chrX,+,47226993,47227223,47226993,47227099,47227180,47227223,10043,"23,29,27","883,912,824","188,125,170","402,332,412",230,149,0.0,0.0,"0.017,0.02,0.021","0.233,0.196,0.211",-0.194,81,899.3333333333334,543.0,CDK16_chrX_+_47226993_47227223_47226993_47227099_47227180_47227223_81
10066,ENSG00000166012,TAF1D,chr11,-,93736693,93737239,93736693,93736751,93737063,93737239,10066,"78,122,96","58,68,73","106,108,114","28,28,37",461,149,1.87163364251e-07,1.1468998187795716e-06,"0.303,0.367,0.298","0.55,0.555,0.499",-0.212,312,165.0,140.33333333333331,TAF1D_chr11_-_93736693_93737239_93736693_93736751_93737063_93737239_312
10120,ENSG00000136003,ISCU,chr12,+,108564059,108564392,108564059,108564155,108564278,108564392,10120,"59,46,34","73,57,63","107,83,78","21,21,18",272,149,0.0,0.0,"0.307,0.307,0.228","0.736,0.684,0.704",-0.427,123,110.66666666666666,109.33333333333333,ISCU_chr12_+_108564059_108564392_108564059_108564155_108564278_108564392_123
10128,ENSG00000137343,ATAT1,chr6,+,30646066,30646823,30646066,30646109,30646468,30646823,10128,"31,40,31","22,25,22","43,25,41","14,2,7",508,149,0.000442497671998,0.0016345700280992,"0.292,0.319,0.292","0.474,0.786,0.632",-0.33,359,57.0,44.0,ATAT1_chr6_+_30646066_30646823_30646066_30646109_30646468_30646823_359
10134,ENSG00000135476,ESPL1,chr12,+,53289403,53290469,53289403,53289594,53290346,53290469,10134,"85,85,59","2,4,4","180,172,228","1,0,0",901,149,1.54286154763e-06,8.52093468040383e-06,"0.875,0.778,0.709","0.967,1.0,1.0",-0.202,752,79.66666666666666,193.66666666666669,ESPL1_chr12_+_53289403_53290469_53289403_53289594_53290346_53290469_752
10139,ENSG00000123349,PFDN5,chr12,+,53295838,53297924,53295838,53295941,53297849,53297924,10139,"368,395,394","13,11,12","1156,1009,1143","2,9,5",2057,149,2.81293321969e-10,2.262603365380279e-09,"0.672,0.722,0.704","0.977,0.89,0.943",-0.237,1908,397.6666666666667,1108.0,PFDN5_chr12_+_53295838_53297924_53295838_53295941_53297849_53297924_1908
10142,ENSG00000123349,PFDN5,chr12,+,53296429,53297924,53296429,53296551,53297849,53297924,10142,"102,129,142","27,15,11","663,584,678","6,10,15",1447,149,1.441891051e-11,1.3193213780153656e-10,"0.28,0.47,0.571","0.919,0.857,0.823",-0.426,1298,142.0,652.0,PFDN5_chr12_+_53296429_53297924_53296429_53296551_53297849_53297924_1298
10174,ENSG00000139372,TDG,chr12,+,103982798,103983389,103982798,103982934,103983294,103983389,10174,"14,29,20","0,0,2","11,19,19","10,13,12",509,149,1.13854148331e-10,9.47800486218832e-10,"1.0,1.0,0.745","0.244,0.3,0.317",0.628,360,21.666666666666668,28.0,TDG_chr12_+_103982798_103983389_103982798_103982934_103983294_103983389_360
10184,ENSG00000135451,TROAP,chr12,+,49330144,49331407,49330144,49330943,49331213,49331407,10184,"84,76,93","53,37,56","126,84,147","39,27,36",419,149,4.67061667417e-05,0.0002093978963088,"0.36,0.422,0.371","0.535,0.525,0.592",-0.166,270,133.0,153.0,TROAP_chr12_+_49330144_49331407_49330144_49330943_49331213_49331407_270
10198,ENSG00000135740,SLC9A5,chr16,+,67255392,67255930,67255392,67255471,67255838,67255930,10198,"43,48,53","0,1,0","29,8,8","1,3,1",516,149,0.00190935708956,0.0061945047228958,"1.0,0.933,1.0","0.893,0.435,0.698",0.302,367,48.333333333333336,16.666666666666668,SLC9A5_chr16_+_67255392_67255930_67255392_67255471_67255838_67255930_367
10214,ENSG00000198563,DDX39B,chr6,-,31532779,31535485,31532779,31532911,31535366,31535485,10214,"5268,6016,5294","838,773,831","7548,6416,7290","475,539,466",2604,149,1.11022302463e-16,1.4586987213288112e-15,"0.265,0.308,0.267","0.476,0.405,0.472",-0.171,2455,6340.0,7578.0,DDX39B_chr6_-_31532779_31535485_31532779_31532911_31535366_31535485_2455
10216,ENSG00000137955,RABGGTB,chr1,+,75789951,75790274,75789951,75790057,75790151,75790274,10216,"115,156,140","56,75,61","141,187,172","40,36,37",243,149,3.91363310115e-06,2.0568161436933524e-05,"0.557,0.561,0.585","0.684,0.761,0.74",-0.161,94,201.0,204.33333333333331,RABGGTB_chr1_+_75789951_75790274_75789951_75790057_75790151_75790274_94
